institution_id,country,old_canonical_name,proposed_english_name,final_canonical_name,official_english_evidence,source,confidence,aliases_before,aliases_added,review_required,applied,notes
institution:5dc3b0fc32168ce3,,Altınbaş University,,Altınbaş University,,,review,,,true,false,Canonical name contains non-ASCII characters; confirm official English branding before changing.
institution:647c89e2c8a671f8,,Association Clinique et Thérapeutique Infantile du Val de Marne,,Association Clinique et Thérapeutique Infantile du Val de Marne,,,review,,,true,false,Canonical name contains non-ASCII characters; confirm official English branding before changing.
institution:bb302a0231577b3c,,Haliç University,,Haliç University,,,review,,,true,false,Canonical name contains non-ASCII characters; confirm official English branding before changing.
institution:5919d60e453e2459,,Kahramanmaraş Sütçü İmam University,,Kahramanmaraş Sütçü İmam University,,,review,,,true,false,Canonical name contains non-ASCII characters; confirm official English branding before changing.
institution:f4c98270ae3164c6,,Karabük University,,Karabük University,,,review,,,true,false,Canonical name contains non-ASCII characters; confirm official English branding before changing.
institution:66101d2ca048704e,,Technische Universität Berlin,,Technische Universität Berlin,,,review,,,true,false,Canonical name contains a local-language Latin-script cue.
institution:f29a43c08a37e42f,,Technische Universität Darmstadt,,Technische Universität Darmstadt,,,review,,,true,false,Canonical name contains a local-language Latin-script cue.
institution:4e4d723f7fa11734,,Universidad Politécnica de Madrid,,Universidad Politécnica de Madrid,,,review,,,true,false,Canonical name contains a local-language Latin-script cue.
institution:d4c5c00e6ef405e5,,University of Michigan–Flint,,University of Michigan–Flint,,,review,,,true,false,Canonical name contains non-ASCII characters; confirm official English branding before changing.
institution:88b6a237229e50a1,,University of Žilina,,University of Žilina,,,review,,,true,false,Canonical name contains non-ASCII characters; confirm official English branding before changing.
institution:eb0a1398c50d0281,,Université Paris-Est Créteil,,Université Paris-Est Créteil,,,review,,,true,false,Canonical name contains non-ASCII characters; confirm official English branding before changing.
institution:cf2e81e79ecee1b8,,İstanbul Nişantaşı Üniversitesi,,İstanbul Nişantaşı Üniversitesi,,,review,,,true,false,Canonical name contains non-ASCII characters; confirm official English branding before changing.
institution:7aae859eefe8edd1,China,Chang’an University,,Chang’an University,,,review,,,true,false,Canonical name contains non-ASCII characters; confirm official English branding before changing.
institution:afc29be68ac419be,China,Xi’an Jiaotong University,,Xi’an Jiaotong University,,,review,Xi’an Jiaotong University,,true,false,Canonical name contains non-ASCII characters; confirm official English branding before changing.
institution:ef7c68d6edbab550,France,Université Grenoble Alpes,,Université Grenoble Alpes,,,review,,,true,false,Canonical name contains non-ASCII characters; confirm official English branding before changing.
institution:daff50b65ce469a3,France,Université Paris Cité,,Université Paris Cité,,,review,,,true,false,Canonical name contains non-ASCII characters; confirm official English branding before changing.
institution:678fbbc18157fd45,France,École Polytechnique,,École Polytechnique,,,review,,,true,false,Canonical name contains non-ASCII characters; confirm official English branding before changing.
institution:73bb0fe265f6e090,Germany,Friedrich-Alexander-Universität Erlangen-Nürnberg,,Friedrich-Alexander-Universität Erlangen-Nürnberg,,,review,,,true,false,Canonical name contains a local-language Latin-script cue.
institution:9e5e300bb52918ca,Israel,Technion – Israel Institute of Technology,,Technion – Israel Institute of Technology,,,review,,,true,false,Canonical name contains non-ASCII characters; confirm official English branding before changing. 1 mapping display name(s) differ from the target canonical name.
institution:1afce89cd4f3571f,Italy,Universitas Mercatorum,,Universitas Mercatorum,,,review,,,true,false,Canonical name contains a local-language Latin-script cue.
institution:91aeee1163fdce71,,A*STAR,,A*STAR,,,already_english,,,false,false,
institution:479e5a2ad13993e2,,APJ Abdul Kalam Technological University,,APJ Abdul Kalam Technological University,,,already_english,,,false,false,
institution:a3c0c022b00a11a5,,Adobe Systems (United States),,Adobe Systems (United States),,,already_english,,,false,false,
institution:6c7dc4ecc36c32ba,,"Agency for Science, Technology and Research",,"Agency for Science, Technology and Research",,,already_english,,,false,false,
institution:c04d9c3ee6b155d2,,Ahsanullah University of Science and Technology,,Ahsanullah University of Science and Technology,,,already_english,,,false,false,
institution:030ecebfe13ca82f,,Ain Shams University,,Ain Shams University,,,already_english,,,false,false,
institution:091dadcc6613c152,,Al-Azhar University,,Al-Azhar University,,,already_english,,,false,false,
institution:ed46151823d63d21,,Albany State University,,Albany State University,,,already_english,,,false,false,
institution:cc0b303e1e182195,,Alibaba Group (China),,Alibaba Group (China),,,already_english,,,false,false,
institution:1b35f3068bbd3352,,Aligarh Muslim University,,Aligarh Muslim University,,,already_english,,,false,false,
institution:8ab1276f56c9f894,,Amazon AI,,Amazon AI,,,already_english,,,false,false,
institution:75d38d0aaffc30fe,,Amazon GenAI,,Amazon GenAI,,,already_english,,,false,false,
institution:f7126dbda09b4f9a,,Amity University,,Amity University,,,already_english,,,false,false,
institution:aa230e9d21cefa3b,,Anhui Business College,,Anhui Business College,,,already_english,,,false,false,
institution:16ee891260af74c0,,Anhui University,,Anhui University,,,already_english,,,false,false,
institution:6f15f620028933fb,,Anqing Normal University,,Anqing Normal University,,,already_english,,,false,false,
institution:69d7dc38d11d5f80,,Aristotle University of Thessaloniki,,Aristotle University of Thessaloniki,,,already_english,,,false,false,
institution:583e34971c9eeb5b,,Artificial Intelligence in Medicine (Canada),,Artificial Intelligence in Medicine (Canada),,,already_english,,,false,false,
institution:fbe1022dfe93b657,,Asia University,,Asia University,,,already_english,,,false,false,
institution:080a1da6ac4d04fd,,Baidu (China),,Baidu (China),,,already_english,,,false,false,
institution:a273d5856c9d065c,,Bangladesh University of Engineering and Technology,,Bangladesh University of Engineering and Technology,,,already_english,,,false,false,
institution:13600b8b1a017cee,,Bar-Ilan University,,Bar-Ilan University,,,already_english,,,false,false,
institution:042deeccb5521315,,Bay Institute,,Bay Institute,,,already_english,,,false,false,
institution:ea6661ca99f0c1aa,,Beijing Information Science & Technology University,,Beijing Information Science & Technology University,,,already_english,,,false,false,
institution:9cd15ab643d7131f,,Beijing Institute of Graphic Communication,,Beijing Institute of Graphic Communication,,,already_english,,,false,false,
institution:8448eafa665a5096,,Berkeley College,,Berkeley College,,,already_english,,,false,false,
institution:ffd387a3478eb9e9,,"Birla Institute of Technology, Mesra",,"Birla Institute of Technology, Mesra",,,already_english,,,false,false,
institution:2c846bda509d7d12,,Boston University,,Boston University,,,already_english,,,false,false,
institution:86acee6f855e6b06,,Bowie State University,,Bowie State University,,,already_english,,,false,false,
institution:685d63d32831e960,,Brandman University,,Brandman University,,,already_english,,,false,false,
institution:dd9f67a9f83f9649,,Bucknell University,,Bucknell University,,,already_english,,,false,false,
institution:e6405787e8a9312c,,CNRS,,CNRS,,,already_english,,,false,false,
institution:d0cac2bc9207e50f,,California University of Pennsylvania,,California University of Pennsylvania,,,already_english,,,false,false,
institution:008fc27550d4153d,,Canadian International College,,Canadian International College,,,already_english,,,false,false,
institution:d04d3d98b14dcbc7,,Cape Peninsula University of Technology,,Cape Peninsula University of Technology,,,already_english,,,false,false,
institution:6398f2ea80ac2393,,Center for Security and Emerging Technology,,Center for Security and Emerging Technology,,,already_english,,,false,false,
institution:f841aa8a7a0d29aa,,Centre for Research and Technology Hellas (CERTH),,Centre for Research and Technology Hellas (CERTH),,,already_english,Information Technologies Institute,,false,false,
institution:48be4a3c2949fee3,,Changsha University,,Changsha University,,,already_english,,,false,false,
institution:6bdc62fb06ac696f,,Changsha University of Science and Technology,,Changsha University of Science and Technology,,,already_english,,,false,false,
institution:1633fd8e927f7e3e,,Chaoyang University of Technology,,Chaoyang University of Technology,,,already_english,,,false,false,
institution:636b930e320fc074,,Chengdu University of Information Technology,,Chengdu University of Information Technology,,,already_english,,,false,false,
institution:7ecedd9572b7f6ba,,China Academy of Information and Communications Technology,,China Academy of Information and Communications Technology,,,already_english,,,false,false,
institution:b3e3a87d3fc950c5,,China People's Public Security University,,China People's Public Security University,,,already_english,,,false,false,
institution:2f4cdd3b31b9a5db,,China Telecom,,China Telecom,,,already_english,,,false,false,
institution:0be9d444a6c88894,,"China Telecom Cloud Technology Co., Ltd.",,"China Telecom Cloud Technology Co., Ltd.",,,already_english,,,false,false,
institution:3f9391add8daa620,,Chinese People's Armed Police Force Engineering University,,Chinese People's Armed Police Force Engineering University,,,already_english,,,false,false,
institution:ff4b6fb0e7e3f155,,Chinese University of Hong Kong,,Chinese University of Hong Kong,,,already_english,,,false,false,
institution:d31a9474efa16c6c,,"Chinese University of Hong Kong, Shenzhen",,"Chinese University of Hong Kong, Shenzhen",,,already_english,,,false,false,
institution:b98073e3070abd17,,Chitkara University,,Chitkara University,,,already_english,,,false,false,
institution:2f4b9adadf7f5004,,Chongqing University of Science and Technology,,Chongqing University of Science and Technology,,,already_english,,,false,false,
institution:1e0dd88726fb992c,,Chonnam National University,,Chonnam National University,,,already_english,,,false,false,
institution:8ee530c781dde9f8,,Chung-Ang University,,Chung-Ang University,,,already_english,,,false,false,
institution:cedf27014e59d7d9,,"City University of Hong Kong, Shenzhen Research Institute",,"City University of Hong Kong, Shenzhen Research Institute",,,already_english,,,false,false,
institution:769b711ed2fee7c0,,City University of Macau,,City University of Macau,,,already_english,,,false,false,
institution:17bf653107a56b33,,Columbia University,,Columbia University,,,already_english,,,false,false,
institution:7182b5831d4ba8a2,,Comilla University,,Comilla University,,,already_english,,,false,false,
institution:3da00d58d4c97192,,Commonwealth Scientific and Industrial Research Organisation,,Commonwealth Scientific and Industrial Research Organisation,,,already_english,,,false,false,
institution:35f84ec19dab5880,,Computer Research Institute of Montréal,Computer Research Institute of Montreal,Computer Research Institute of Montreal,Current canonical name is already English except the place-name diacritic.,English rendering with local-place diacritic removed,applied,Computer Research Institute of Montréal,Computer Research Institute of Montréal,false,true,Standardize the English canonical display while retaining the Montréal spelling as an alias.
institution:3d7a55d07b650cfa,,Czech Technical University in Prague,,Czech Technical University in Prague,,,already_english,,,false,false,
institution:ec338d817ec6cd01,,Dar Al-Hekma University,,Dar Al-Hekma University,,,already_english,,,false,false,
institution:753a256f592cb1fe,,Data Assurance and Communication Security,,Data Assurance and Communication Security,,,already_english,,,false,false,
institution:3be1ce40ea53f6d2,,Data61,,Data61,,,already_english,,,false,false,
institution:30e93da233b7eeef,,Deakin University,,Deakin University,,,already_english,,,false,false,
institution:b77cc69e117a29dc,,Dehradun Institute of Technology University,,Dehradun Institute of Technology University,,,already_english,,,false,false,
institution:c6b6c8d24f8e66aa,,Dominican University,,Dominican University,,,already_english,,,false,false,
institution:f34946305c17c505,,Dongguan University of Technology,,Dongguan University of Technology,,,already_english,,,false,false,
institution:cc8345310a2617a6,,Durban University of Technology,,Durban University of Technology,,,already_english,,,false,false,
institution:3cef1f53ea25d8c9,,East Tennessee State University,,East Tennessee State University,,,already_english,,,false,false,
institution:bb266f47a5ceef81,,Edinburgh Napier University,,Edinburgh Napier University,,,already_english,,,false,false,
institution:a2c9ccf9659160de,,Electronics and Telecommunications Research Institute (ETRI),,Electronics and Telecommunications Research Institute (ETRI),,,already_english,,,false,false,
institution:4057e1737c20bdb9,,Fakir Mohan University,,Fakir Mohan University,,,already_english,,,false,false,
institution:42c60ebb24e9f839,,Fraunhofer Institute for Industrial Mathematics,,Fraunhofer Institute for Industrial Mathematics,,,already_english,,,false,false,
institution:a8edc55c3baa29af,,Fraunhofer-Gesellschaft,,Fraunhofer-Gesellschaft,,,already_english,,,false,false,
institution:c3227ed71ef6fcd8,,Fujian University of Technology,,Fujian University of Technology,,,already_english,,,false,false,
institution:213a2f107c1f76df,,Fujitsu (China),,Fujitsu (China),,,already_english,,,false,false,
institution:33d54ba20fb76125,,Fujitsu (Japan),,Fujitsu (Japan),,,already_english,,,false,false,
institution:ab37cf6fbc2c38dd,,GIPSA-Lab,,GIPSA-Lab,,,already_english,,,false,false,
institution:4423bec9199a5d47,,GLA University,,GLA University,,,already_english,,,false,false,
institution:6beb2f6c52d3f30c,,Gachon University,,Gachon University,,,already_english,,,false,false,
institution:c2dab080fa856716,,Georgia Institute of Technology,,Georgia Institute of Technology,,,already_english,,,false,false,
institution:f647b4b37bf4515d,,Global University,,Global University,,,already_english,,,false,false,
institution:823a09a4580fb39e,,Government Sadiq College Women University,,Government Sadiq College Women University,,,already_english,,,false,false,
institution:ef894bd5e789abd7,,Govind Ballabh Pant University of Agriculture and Technology,,Govind Ballabh Pant University of Agriculture and Technology,,,already_english,,,false,false,
institution:128d207ba007d9d7,,Graphic Era University,,Graphic Era University,,,already_english,,,false,false,
institution:d1de2b99104f99ed,,Guangxi Medical University,,Guangxi Medical University,,,already_english,,,false,false,
institution:a1e1ec8b780e67c8,,Guizhou Normal University,,Guizhou Normal University,,,already_english,,,false,false,
institution:1b91d0993efc3a95,,Gyeongguk National University,,Gyeongguk National University,,,already_english,,,false,false,
institution:2b9a45614734dda3,,Hand and Upper Limb Clinic,,Hand and Upper Limb Clinic,,,already_english,,,false,false,
institution:07d62a903f84afcd,,Hangzhou Dianzi University,,Hangzhou Dianzi University,,,already_english,,,false,false,
institution:dfb7666cf1c6e052,,Hefei Comprehensive National Science Center,,Hefei Comprehensive National Science Center,,,already_english,,,false,false,
institution:f904c5dbc038c1df,,Heidelberg University,,Heidelberg University,,,already_english,,,false,false,
institution:6f14a665aa77ba34,,Helmholtz Center for Information Security,,Helmholtz Center for Information Security,,,already_english,,,false,false,
institution:312f5a2a85c73aa0,,Henan University of Engineering,,Henan University of Engineering,,,already_english,,,false,false,
institution:9862b50bf0eb12f0,,Hindustan Institute of Technology and Science,,Hindustan Institute of Technology and Science,,,already_english,,,false,false,
institution:329f39cda413f721,,Ho Chi Minh City University of Science,,Ho Chi Minh City University of Science,,,already_english,"University of Science, VNU-HCMC",,false,false,
institution:834e8b5e7fb040b9,,Honeywell (United States),,Honeywell (United States),,,already_english,,,false,false,
institution:a7d5cec59e029db5,,Hong Kong Polytechnic University,,Hong Kong Polytechnic University,,,already_english,,,false,false,
institution:570cf7f2e9869b63,,Huawei Technologies (China),,Huawei Technologies (China),,,already_english,,,false,false,
institution:ed58576681c8c7e7,,Huazhong Agricultural University,,Huazhong Agricultural University,,,already_english,,,false,false,
institution:e540a2485c3e954f,,Huazhong University of Science and Technology,,Huazhong University of Science and Technology,,,already_english,,,false,false,
institution:bbc6ae7ed9b4bd38,,Humboldt-Universität zu Berlin,Humboldt University of Berlin,Humboldt University of Berlin,English rendering preserves identity and location for Humboldt-Universität zu Berlin.,structured English rendering,applied,Humboldt-Universität zu Berlin,Humboldt-Universität zu Berlin,false,true,Use the standard English form and retain the German official name as an alias.
institution:be8fe6da68f67876,,Hunan University,,Hunan University,,,already_english,,,false,false,
institution:42d2e85e0328361b,,Hunan University of Science and Technology,,Hunan University of Science and Technology,,,already_english,,,false,false,
institution:b91c4ceb2690766e,,IIIT Delhi,,IIIT Delhi,,,already_english,,,false,false,
institution:1ba4ddc6758a80c0,,Imperial College London,,Imperial College London,,,already_english,,,false,false,
institution:c49f954847b969c5,,Incheon National University,,Incheon National University,,,already_english,,,false,false,
institution:4269181ef8bd7d6e,,"Indian Institute of Engineering Science and Technology, Shibpur",,"Indian Institute of Engineering Science and Technology, Shibpur",,,already_english,,,false,false,
institution:a4e0e93fcd90b1c0,,Indian Institute of Technology Patna,,Indian Institute of Technology Patna,,,already_english,,,false,false,
institution:7c73c5ea3377e7f2,,Indiana Hand to Shoulder Center,,Indiana Hand to Shoulder Center,,,already_english,,,false,false,
institution:ce9788da3b7b6137,,Inner Mongolia University of Technology,,Inner Mongolia University of Technology,,,already_english,,,false,false,
institution:475fa3f7d32d5d27,,Institut polytechnique de Grenoble,Grenoble INP,Grenoble INP,The repository already contains Grenoble INP as an active canonical institution name.,existing canonical English-brand counterpart,applied,Institut polytechnique de Grenoble,Institut polytechnique de Grenoble,false,true,Use the English-facing institutional brand and retain the French legal name as an alias. Duplicate canonical name after English normalization; keep institution_id as identity.
institution:e4ca3896941052d9,,Institute for Scientific Interchange,,Institute for Scientific Interchange,,,already_english,,,false,false,
institution:33f2056ddfd46aaa,,International Institute of Information Technology,,International Institute of Information Technology,,,already_english,,,false,false,
institution:27cf878705a6b15a,,Islamia University of Bahawalpur,,Islamia University of Bahawalpur,,,already_english,,,false,false,
institution:7375490cb489bcfd,,Jacksonville University,,Jacksonville University,,,already_english,,,false,false,
institution:b6af627e10ca7fed,,Jahangirnagar University,,Jahangirnagar University,,,already_english,,,false,false,
institution:557b8ad811254ad6,,Jianghan University,,Jianghan University,,,already_english,,,false,false,
institution:45d2a7ca48493f42,,Jilin Vocational College of Industry and Technology,,Jilin Vocational College of Industry and Technology,,,already_english,,,false,false,
institution:f88815962e62ced1,,Kadir Has University,,Kadir Has University,,,already_english,,,false,false,
institution:9d4cf3c6e95e06c5,,Karnatak University,,Karnatak University,,,already_english,,,false,false,
institution:81c7128fd371f65f,,Khalifa University of Science and Technology,,Khalifa University of Science and Technology,,,already_english,,,false,false,
institution:8fac1f5c8936e362,,Khwaja Fareed University of Engineering and Information Technology,,Khwaja Fareed University of Engineering and Information Technology,,,already_english,,,false,false,
institution:206ade2edf5e4762,,King Abdulaziz University,,King Abdulaziz University,,,already_english,,,false,false,
institution:36c5630e014fb5d7,,King Saud University,,King Saud University,,,already_english,,,false,false,
institution:7ec2cd070cc14278,,King's College London,,King's College London,,,already_english,,,false,false,
institution:24b3cd33acdc095d,,Kochi University of Technology,,Kochi University of Technology,,,already_english,,,false,false,
institution:148a0feafd311a0a,,Korea Advanced Institute of Science and Technology,,Korea Advanced Institute of Science and Technology,,,already_english,,,false,false,
institution:7095dc4de406754b,,Korea Aerospace University,,Korea Aerospace University,,,already_english,,,false,false,
institution:eceea91f3973f1b1,,Korea University,,Korea University,,,already_english,,,false,false,
institution:bec45b93a867958c,,Lamar University,,Lamar University,,,already_english,,,false,false,
institution:b71e4506b75fcb88,,Leeds Beckett University,,Leeds Beckett University,,,already_english,,,false,false,
institution:228c9ed379a96dd8,,Liaoning University,,Liaoning University,,,already_english,,,false,false,
institution:ab1c5fd351e72f37,,Link Campus University,,Link Campus University,,,already_english,,,false,false,
institution:85d468a61a1936c6,,Louisiana State University of Alexandria,,Louisiana State University of Alexandria,,,already_english,,,false,false,
institution:d30e2f168f8ccc03,,Loyola University Chicago,,Loyola University Chicago,,,already_english,,,false,false,
institution:fb406af2053fceb0,,Lund University,,Lund University,,,already_english,,,false,false,
institution:d8d45546142be201,,Macau University of Science and Technology,,Macau University of Science and Technology,,,already_english,,,false,false,
institution:85b5522dac5ab1d7,,Majmaah University,,Majmaah University,,,already_english,,,false,false,
institution:720565e77c6f2c38,,Marmara University,,Marmara University,,,already_english,,,false,false,
institution:068512c1b695fe0b,,Max Planck Institute for Security and Privacy,,Max Planck Institute for Security and Privacy,,,already_english,,,false,false,
institution:bcd3d53e57c31275,,Mayachitra (United States),,Mayachitra (United States),,,already_english,,,false,false,
institution:5e1b887e28ecec3a,,Megvii (China),,Megvii (China),,,already_english,,,false,false,
institution:8dd670c7d0f431d4,,Mercatorum University,,Mercatorum University,,,already_english,,,false,false,
institution:ea3bd73e2b506e00,,Meta,,Meta,,,already_english,,,false,false,
institution:9e1ab9137907fdce,,Microsoft (United States),,Microsoft (United States),,,already_english,,,false,false,
institution:330ddee32a318616,,Microsoft Research (United Kingdom),,Microsoft Research (United Kingdom),,,already_english,,,false,false,
institution:b771bab570cca255,,Microsoft Research Asia (China),,Microsoft Research Asia (China),,,already_english,,,false,false,
institution:125af76b30759ac2,,Middle East University,,Middle East University,,,already_english,,,false,false,
institution:c72155b537fbbff3,,Middle Technical University,,Middle Technical University,,,already_english,,,false,false,
institution:79bdedc4507c21a5,,Najran University,,Najran University,,,already_english,,,false,false,
institution:70f74652d14cacde,,Nankai University,,Nankai University,,,already_english,,,false,false,
institution:71438ca10017bba5,,National Institute of Standards and Technology,,National Institute of Standards and Technology,,,already_english,,,false,false,
institution:12fe4f34c1ed5053,,National Institute of Technology Karnataka,,National Institute of Technology Karnataka,,,already_english,,,false,false,
institution:cb66d06bbab6753c,,National Pingtung University of Science and Technology,,National Pingtung University of Science and Technology,,,already_english,,,false,false,
institution:4a297c8ff1c10795,,National Research Council,,National Research Council,,,already_english,,,false,false,
institution:72e33b377a422ec3,,National Taiwan University of Science and Technology,,National Taiwan University of Science and Technology,,,already_english,,,false,false,
institution:dac00bcd54a7c18f,,National United University,,National United University,,,already_english,,,false,false,
institution:18a199cf02e2dc6e,,National University of Computer and Emerging Sciences,,National University of Computer and Emerging Sciences,,,already_english,,,false,false,
institution:81eaae945d27f11c,,National University of Ireland,,National University of Ireland,,,already_english,,,false,false,
institution:221eb2f9c9da3e19,,National Yunlin University of Science and Technology,,National Yunlin University of Science and Technology,,,already_english,,,false,false,
institution:d60d6f53bb737f8f,,Naver (South Korea),,Naver (South Korea),,,already_english,,,false,false,
institution:af28dc8d805f8918,,Nirma University,,Nirma University,,,already_english,,,false,false,
institution:2c4c8a70b915edac,,North South University,,North South University,,,already_english,,,false,false,
institution:13d54640e2e7ec6c,,Northeast Agricultural University,,Northeast Agricultural University,,,already_english,,,false,false,
institution:fe8410750f429b37,,Nvidia (United States),,Nvidia (United States),,,already_english,,,false,false,
institution:5de5568dbc559111,,Oak Ridge National Laboratory,,Oak Ridge National Laboratory,,,already_english,,,false,false,
institution:f8894017df3dfcc2,,Ollscoil na Gaillimhe – University of Galway,University of Galway,University of Galway,Current canonical name already includes University of Galway alongside the Irish-language form.,canonical bilingual name,applied,Ollscoil na Gaillimhe – University of Galway,Ollscoil na Gaillimhe – University of Galway,false,true,Remove the Irish-language prefix from canonical display and preserve the bilingual name as an alias.
institution:2e732c4601154ff1,,Origin Quantum Computing Technology Company (China),,Origin Quantum Computing Technology Company (China),,,already_english,,,false,false,
institution:4ceaa6cde1782dfd,,PLA Information Engineering University,,PLA Information Engineering University,,,already_english,,,false,false,
institution:39fe5b3a0cd3dd7c,,PSG INSTITUTE OF TECHNOLOGY AND APPLIED RESEARCH,,PSG INSTITUTE OF TECHNOLOGY AND APPLIED RESEARCH,,,already_english,,,false,false,
institution:4f596f4cb1eacc17,,Pegaso Telematic University,,Pegaso Telematic University,,,already_english,,,false,false,
institution:e7cbd84466f9202b,,Pegaso University,,Pegaso University,,,already_english,,,false,false,
institution:64f282fa6abe9403,,Peptidream (Japan),,Peptidream (Japan),,,already_english,,,false,false,
institution:1ee9da20656fd88b,,Politecnico di Milano,,Politecnico di Milano,,,already_english,,,false,false,
institution:35caf31d5104b996,,"Polytechnic Institute of Turin, Turin, Italy",,"Polytechnic Institute of Turin, Turin, Italy",,,already_english,,,false,false,
institution:567dcc53fa2f6dd3,,Prince Mohammad bin Fahd University,,Prince Mohammad bin Fahd University,,,already_english,,,false,false,
institution:312d37d9636306c2,,Purdue University West Lafayette,,Purdue University West Lafayette,,,already_english,,,false,false,
institution:77fb2ba62b721cd6,,Qilu University of Technology,,Qilu University of Technology,,,already_english,,,false,false,
institution:41f10ac519a66555,,Queensland University of Technology,,Queensland University of Technology,,,already_english,,,false,false,
institution:6b773370c41b47b5,,RMIT University,,RMIT University,,,already_english,,,false,false,
institution:afc7ba5b733248b6,,Rashtrasant Tukadoji Maharaj Nagpur University,,Rashtrasant Tukadoji Maharaj Nagpur University,,,already_english,,,false,false,
institution:87c744673e7e4d05,,SRM Institute of Science and Technology,,SRM Institute of Science and Technology,,,already_english,,,false,false,
institution:81b3058b204793ac,,Salesforce (United States),,Salesforce (United States),,,already_english,,,false,false,
institution:457423605fa485bc,,Samsung (South Korea),,Samsung (South Korea),,,already_english,,,false,false,
institution:d86afa08c5895ca3,,Samsung Pharm (South Korea),,Samsung Pharm (South Korea),,,already_english,,,false,false,
institution:49700da520d8842b,,Samsung SDS (South Korea),,Samsung SDS (South Korea),,,already_english,,,false,false,
institution:d407d447fe02673c,,Sant Gadge Baba Amravati University,,Sant Gadge Baba Amravati University,,,already_english,,,false,false,
institution:6dc785b2ccdf142c,,Satya Wacana Christian University,,Satya Wacana Christian University,,,already_english,,,false,false,
institution:9191a7d5e3a9fc0c,,Sejong University,,Sejong University,,,already_english,,,false,false,
institution:2e47d59ad1e8d5a4,,Shahid Beheshti University,,Shahid Beheshti University,,,already_english,,,false,false,
institution:932fb42ad74deeea,,Shandong Academy of Sciences,,Shandong Academy of Sciences,,,already_english,,,false,false,
institution:39263f3dbe1e47f9,,Shandong Normal University,,Shandong Normal University,,,already_english,,,false,false,
institution:a8aa4fcbf3d06d56,,Shandong University of Political Science and Law,,Shandong University of Political Science and Law,,,already_english,,,false,false,
institution:0e65844051a659b1,,Shandong University of Science and Technology,,Shandong University of Science and Technology,,,already_english,,,false,false,
institution:85a4635e28eefe8e,,Shanghai Polytechnic University,,Shanghai Polytechnic University,,,already_english,,,false,false,
institution:dbc08517e4f1ed6e,,Shanghai University,,Shanghai University,,,already_english,,,false,false,
institution:07ba242d76aafb0e,,Shanghai University of Engineering Science,,Shanghai University of Engineering Science,,,already_english,,,false,false,
institution:d6f57909282596fe,,Shaqra University,,Shaqra University,,,already_english,,,false,false,
institution:77789f69fddd731b,,Sharda University,,Sharda University,,,already_english,,,false,false,
institution:79e17450a764ece3,,Sheffield Hallam University,,Sheffield Hallam University,,,already_english,,,false,false,
institution:0d485839c904b21b,,Shenzhen Academy of Robotics,,Shenzhen Academy of Robotics,,,already_english,,,false,false,
institution:11d4e5b507bbbada,,Shenzhen MSU-BIT University,,Shenzhen MSU-BIT University,,,already_english,,,false,false,
institution:02b60e662a7a973c,,Shivaji University,,Shivaji University,,,already_english,,,false,false,
institution:24532e6b5472dbfb,,Singapore Institute of Technology,,Singapore Institute of Technology,,,already_english,,,false,false,
institution:711cae4423807c6b,,Sony Corporation (United States),,Sony Corporation (United States),,,already_english,,,false,false,
institution:6688d0d34a3ee58b,,Sorbonne University,,Sorbonne University,,,already_english,,,false,false,Duplicate canonical name after English normalization; keep institution_id as identity.
institution:e0677ab73955e8f3,,Sorbonne Université,Sorbonne University,Sorbonne University,The repository already contains Sorbonne University as an active canonical institution name.,existing canonical English counterpart,applied,Sorbonne Université,Sorbonne Université,false,true,Use the English rendering while retaining Sorbonne Université as an alias. Duplicate canonical name after English normalization; keep institution_id as identity.
institution:d473cbf12de5fb53,,Southwest University,,Southwest University,,,already_english,,,false,false,
institution:37ea83da28e11ff2,,Southwest University of Science and Technology,,Southwest University of Science and Technology,,,already_english,,,false,false,
institution:9e9891886a71efdf,,St. Joseph's Institute of Technology,,St. Joseph's Institute of Technology,,,already_english,,,false,false,
institution:8ac3b059e7b70054,,State Key Laboratory of Information Security,,State Key Laboratory of Information Security,,,already_english,,,false,false,
institution:87cfa9f9d3bda4e1,,State University of New York,,State University of New York,,,already_english,,,false,false,
institution:d4c79ca44c5dbbbc,,Stuttgart Media University,,Stuttgart Media University,,,already_english,,,false,false,
institution:e91675148695594c,,Sunway University,,Sunway University,,,already_english,,,false,false,
institution:3ac6dbcc618a5a6f,,Swinburne University of Technology,,Swinburne University of Technology,,,already_english,,,false,false,
institution:8d0a45af450fc806,,Symbiosis International University,,Symbiosis International University,,,already_english,,,false,false,
institution:926c0d427a18622b,,Taif University,,Taif University,,,already_english,,,false,false,
institution:7df4a1601453f806,,Tel Aviv University,,Tel Aviv University,,,already_english,,,false,false,
institution:a992a0408381afc7,,Tencent (China),,Tencent (China),,,already_english,,,false,false,
institution:5c5bb5ad830242f4,,Texas Tech University,,Texas Tech University,,,already_english,,,false,false,
institution:5396ea72656b4b19,,The Chinese University of Hong Kong,,The Chinese University of Hong Kong,,,already_english,,,false,false,
institution:942667142da716c5,,The Hong Kong University of Science and Technology (Guangzhou),,The Hong Kong University of Science and Technology (Guangzhou),,,already_english,,,false,false,
institution:9ed23c2db75b5eee,,Tianjin University,,Tianjin University,,,already_english,,,false,false,
institution:2bec96b8d2c54388,,Tianjin University of Science and Technology,,Tianjin University of Science and Technology,,,already_english,,,false,false,
institution:3e0adb795a72cea8,,Tianjin University of Technology,,Tianjin University of Technology,,,already_english,,,false,false,
institution:5e520dd2cd0a49c8,,Tilburg University,,Tilburg University,,,already_english,,,false,false,
institution:b370a10db2a1f294,,Trinity College Dublin,,Trinity College Dublin,,,already_english,,,false,false,
institution:4bff7ae080547794,,TrueMedia,,TrueMedia,,,already_english,,,false,false,
institution:ee1464b6cfe3e064,,Tun Hussein Onn University of Malaysia,,Tun Hussein Onn University of Malaysia,,,already_english,,,false,false,
institution:424b7d284db388e3,,Tunghai University,,Tunghai University,,,already_english,,,false,false,
institution:14daf7f722d7d91d,,Universidade Estadual de Campinas (UNICAMP),University of Campinas,University of Campinas,The repository already confirms University of Campinas / Universidade Estadual de Campinas / UNICAMP.,existing confirmed English institution record,applied,Universidade Estadual de Campinas (UNICAMP),Universidade Estadual de Campinas (UNICAMP),false,true,Use the established English rendering while preserving Portuguese and acronym forms as aliases. Duplicate canonical name after English normalization; keep institution_id as identity.
institution:b0f3614b042aab47,,Universiti Malaysia Sarawak,,Universiti Malaysia Sarawak,,,already_english,,,false,false,
institution:a8ed28b9013a59e5,,Universiti Putra Malaysia,,Universiti Putra Malaysia,,,already_english,,,false,false,
institution:4cdbeb4bb5d94d04,,University College Dublin,,University College Dublin,,,already_english,,,false,false,
institution:c121cd267550901f,,"University at Albany, State University of New York",,"University at Albany, State University of New York",,,already_english,,,false,false,
institution:612630c2527bff83,,"University at Buffalo, State University of New York",,"University at Buffalo, State University of New York",,,already_english,,,false,false,
institution:2dd8e4fd2cb400d5,,University of Aleppo,,University of Aleppo,,,already_english,,,false,false,
institution:4a22ca636b97fd7f,,University of Applied Health Sciences,,University of Applied Health Sciences,,,already_english,,,false,false,
institution:85dd03b724084b02,,University of Baltimore,,University of Baltimore,,,already_english,,,false,false,
institution:610848049e237294,,University of Bonn,,University of Bonn,,,already_english,,,false,false,
institution:05b67f44dd9f6846,,University of British Columbia,,University of British Columbia,,,already_english,,,false,false,
institution:17e63acd624ced9b,,University of Cagliari,,University of Cagliari,,,already_english,,,false,false,
institution:ca4ec8b3c028069a,,"University of California, Riverside",,"University of California, Riverside",,,already_english,,,false,false,
institution:de4a2849d3de43a3,,"University of California, Santa Barbara",,"University of California, Santa Barbara",,,already_english,,,false,false,
institution:e103bc7b785f96fd,,University of Coimbra,,University of Coimbra,,,already_english,,,false,false,
institution:5fc8d686887fa82a,,University of Electronic Science and Technology of China,,University of Electronic Science and Technology of China,,,already_english,,,false,false,
institution:64c1d2ad9160a22f,,University of Engineering & Management,,University of Engineering & Management,,,already_english,,,false,false,
institution:6ffec4118fae194f,,University of Engineering and Technology Taxila,,University of Engineering and Technology Taxila,,,already_english,,,false,false,
institution:191ab0ad911126ad,,University of Hafr Al-Batin,,University of Hafr Al-Batin,,,already_english,,,false,false,
institution:da2d97c082267c13,,University of Hong Kong,,University of Hong Kong,,,already_english,,,false,false,
institution:a7f4bd547e079314,,University of Indianapolis,,University of Indianapolis,,,already_english,,,false,false,
institution:4dc98405f4a72728,,University of Jinan,,University of Jinan,,,already_english,,,false,false,
institution:882d9509a9483333,,University of Kerala,,University of Kerala,,,already_english,,,false,false,
institution:6897907a26009a77,,University of Liverpool,,University of Liverpool,,,already_english,,,false,false,
institution:4f857a16fa2b6772,,University of Malta,,University of Malta,,,already_english,,,false,false,
institution:76f485d9ab6917e6,,University of Management and Technology,,University of Management and Technology,,,already_english,,,false,false,
institution:e65ac91b19314310,,University of Maribor,,University of Maribor,,,already_english,,,false,false,
institution:bc735f3cccb71688,,"University of Maryland, College Park",,"University of Maryland, College Park",,,already_english,,,false,false,
institution:16acb7bf7b8c14cf,,University of Massachusetts Boston,,University of Massachusetts Boston,,,already_english,,,false,false,
institution:cd743b4a401f4611,,University of Mumbai,,University of Mumbai,,,already_english,,,false,false,
institution:bbac7db3fe9aebc6,,University of Newcastle Australia,,University of Newcastle Australia,,,already_english,,,false,false,
institution:f3cfc9b602d85010,,University of North Texas,,University of North Texas,,,already_english,,,false,false,
institution:6527630c76c9d56a,,University of Oregon,,University of Oregon,,,already_english,,,false,false,
institution:ffcb560498d89d25,,University of Oslo,,University of Oslo,,,already_english,,,false,false,
institution:ac88e2afb065388b,,University of Padua,,University of Padua,,,already_english,,,false,false,
institution:018c503420feda75,,University of Petroleum and Energy Studies,,University of Petroleum and Energy Studies,,,already_english,,,false,false,
institution:d8380bce08742d96,,University of Plymouth,,University of Plymouth,,,already_english,,,false,false,
institution:e0847a88faaa305e,,University of Portsmouth,,University of Portsmouth,,,already_english,,,false,false,
institution:85eee734d249f6b1,,University of Rajshahi,,University of Rajshahi,,,already_english,,,false,false,
institution:d91bdebb133e022b,,University of Salerno,,University of Salerno,,,already_english,,,false,false,
institution:cf0fbf994717bb60,,University of Seoul,,University of Seoul,,,already_english,,,false,false,
institution:8051e5f39b55dde4,,University of South Wales,,University of South Wales,,,already_english,,,false,false,
institution:c27ba6b4c07428cf,,University of Southern Denmark,,University of Southern Denmark,,,already_english,,,false,false,
institution:b4361f45b61f9e1c,,University of St. Thomas - Minnesota,,University of St. Thomas - Minnesota,,,already_english,,,false,false,
institution:f68896817b1b2d6b,,University of Technology Sydney,,University of Technology Sydney,,,already_english,,,false,false,
institution:9fa92db1d3d981f0,,University of Vienna,,University of Vienna,,,already_english,,,false,false,
institution:4d3dd6848c184118,,University of Warwick,,University of Warwick,,,already_english,,,false,false,
institution:32e3542f42f3fe45,,University of Wollongong in Dubai,,University of Wollongong in Dubai,,,already_english,,,false,false,
institution:d09040aba5fecf8e,,Université Polytechnique Hauts-de-France,Polytechnic University of Hauts-de-France,Polytechnic University of Hauts-de-France,The repository already contains a confirmed alias from this French name to Polytechnic University of Hauts-de-France.,existing canonical English counterpart,applied,Université Polytechnique Hauts-de-France,Université Polytechnique Hauts-de-France,false,true,Use the existing repository English canonical spelling while preserving the original French name. Duplicate canonical name after English normalization; keep institution_id as identity.
institution:78ca573d3b6c457c,,VSB - Technical University of Ostrava,,VSB - Technical University of Ostrava,,,already_english,,,false,false,
institution:c6f551ae664eb6a5,,Victoria University of Wellington,,Victoria University of Wellington,,,already_english,,,false,false,
institution:19d2ee8d44bfb9f0,,Vietnam National University Ho Chi Minh City,,Vietnam National University Ho Chi Minh City,,,already_english,,,false,false,
institution:dc3e4a6107db41d1,,Wanjiang University of Technology,,Wanjiang University of Technology,,,already_english,,,false,false,
institution:bc1cdb126bafdc16,,Washington State University,,Washington State University,,,already_english,,,false,false,
institution:69152a620553f03a,,Wuhan Business University,,Wuhan Business University,,,already_english,,,false,false,
institution:cdde929ea128594e,,Wuhan Institute of Technology,,Wuhan Institute of Technology,,,already_english,,,false,false,
institution:4955c30e161b66f8,,Xinjiang University,,Xinjiang University,,,already_english,,,false,false,
institution:9dcc9e0e62baaea9,,Yulin Normal University,,Yulin Normal University,,,already_english,,,false,false,
institution:fa59f7ae15be03cb,,Zhejiang Sci-Tech University,,Zhejiang Sci-Tech University,,,already_english,,,false,false,
institution:5d8853c0a593d41c,,Zhengzhou University of Science and Technology,,Zhengzhou University of Science and Technology,,,already_english,,,false,false,
institution:943b42ad910c2615,Australia,Australian National University,,Australian National University,,,already_english,,,false,false,
institution:02e0cb0a82c051ec,Australia,Monash University,,Monash University,,,already_english,,,false,false,
institution:1984e5f97afb62d8,Australia,The University of Sydney,,The University of Sydney,,,already_english,,,false,false,
institution:965434eee0b97685,Australia,University of Sydney,,University of Sydney,,,already_english,,,false,false,
institution:b7f49dab7bfe22c4,Bangladesh,American International University-Bangladesh,,American International University-Bangladesh,,,already_english,,,false,false,
institution:c739468458199e8c,Bangladesh,Barisal Information Technology College,,Barisal Information Technology College,,,already_english,,,false,false,
institution:488418437bfc9b2c,Bangladesh,Chittagong University of Engineering and Technology,,Chittagong University of Engineering and Technology,,,already_english,,,false,false,
institution:0aed8b5908ebcd25,Brazil,Instituto de Matemática Pura e Aplicada,Institute for Pure and Applied Mathematics (IMPA),Institute for Pure and Applied Mathematics (IMPA),Curated location review records IMPA and the official institute page as evidence.,repository location evidence,applied,Instituto de Matemática Pura e Aplicada,Instituto de Matemática Pura e Aplicada,false,true,Established English expansion of IMPA; Portuguese canonical form is retained as an alias.
institution:f4a883f8d9615a43,Brazil,University of Campinas,,University of Campinas,,,already_english,University of Campinas,,false,false,Duplicate canonical name after English normalization; keep institution_id as identity.
institution:507c5724052f23eb,Bulgaria,"INSAIT, Sofia University ""St. Kliment Ohridski""",,"INSAIT, Sofia University ""St. Kliment Ohridski""",,,already_english,,,false,false,
institution:2469c3505064216c,Canada,Queen's University,,Queen's University,,,already_english,,,false,false,
institution:6a892bbe4ee57122,Canada,University of Toronto,,University of Toronto,,,already_english,,,false,false,
institution:7417258b2e3d3491,Canada,University of Waterloo,,University of Waterloo,,,already_english,University of Waterloo,,false,false,
institution:dc213653c8edb0fa,Canada,Vector Institute,,Vector Institute,,,already_english,,,false,false,
institution:d2cacec52769f3d9,China,Academia Sinica,,Academia Sinica,,,already_english,,,false,false,
institution:73f449eb6a3c05d3,China,Alibaba Group,,Alibaba Group,,,already_english,,,false,false,
institution:6faf58b52bec4e39,China,Alibaba Inc,,Alibaba Inc,,,already_english,Taobao & Tmall Group of Alibaba,,false,false,
institution:5a28a1a99a417ba5,China,Ant Group,,Ant Group,,,already_english,,,false,false,
institution:04c73587b47761ee,China,BASIS International School Nanjing,,BASIS International School Nanjing,,,already_english,Basis International School Naning,,false,false,
institution:f336b3005794930b,China,Beihang University,,Beihang University,,,already_english,,,false,false,
institution:985443a2d7239406,China,Beijing Academy of Artificial Intelligence,,Beijing Academy of Artificial Intelligence,,,already_english,,,false,false,
institution:bf6195b78f6dc951,China,Beijing Jiaotong University,,Beijing Jiaotong University,,,already_english,Beijing Jiaotong University,,false,false,
institution:924e1e0e9723b423,China,Beijing Normal University,,Beijing Normal University,,,already_english,,,false,false,
institution:1502cb7c96ae3095,China,Beijing University of Posts and Telecommunications,,Beijing University of Posts and Telecommunications,,,already_english,,,false,false,
institution:f060d61d546153f2,China,Beijing University of Technology,,Beijing University of Technology,,,already_english,,,false,false,
institution:2792f975d7b5565e,China,Binjiang Institute of Artificial Intelligence,,Binjiang Institute of Artificial Intelligence,,,already_english,,,false,false,1 mapping display name(s) differ from the target canonical name.
institution:15e8da2735014d49,China,Central University of Finance and Economics,,Central University of Finance and Economics,,,already_english,,,false,false,
institution:5757493192522b63,China,China Electronics Technology Group Corporation,,China Electronics Technology Group Corporation,,,already_english,,,false,false,
institution:e67012d79bb3f603,China,China University of Mining and Technology,,China University of Mining and Technology,,,already_english,,,false,false,
institution:3afb6cc453e0a8d9,China,Chinese Academy of Sciences,,Chinese Academy of Sciences,,,already_english,,,false,false,
institution:7e10613327a4e264,China,Chongqing University of Posts and Telecommunications,,Chongqing University of Posts and Telecommunications,,,already_english,,,false,false,
institution:ec71dc4340659fd9,China,City University of Hong Kong,,City University of Hong Kong,,,already_english,,,false,false,
institution:157163d25dac880f,China,Communication University of China,,Communication University of China,,,already_english,,,false,false,
institution:a8d8c5fe60be3e65,China,East China Normal University,,East China Normal University,,,already_english,,,false,false,
institution:82b627d49a985ef1,China,East China University of Science and Technology,,East China University of Science and Technology,,,already_english,,,false,false,
institution:baa1df7c4adddbda,China,Fudan University,,Fudan University,,,already_english,Fudan University,,false,false,
institution:8fe72087521e285a,China,Guangdong University of Technology,,Guangdong University of Technology,,,already_english,,,false,false,
institution:9dd7b58a09f6962c,China,"HKISI, Chinese Academy of Sciences",,"HKISI, Chinese Academy of Sciences",,,already_english,,,false,false,
institution:91e76fe32279c58d,China,Hangzhou High-Tech Zone (Binjiang) Institute of Blockchain and Data Security,,Hangzhou High-Tech Zone (Binjiang) Institute of Blockchain and Data Security,,,already_english,,,false,false,
institution:fe438b1c7662476f,China,Harbin Institute of Technology,,Harbin Institute of Technology,,,already_english,,,false,false,
institution:6c5bb70e9f4b77ba,China,"Harbin Institute of Technology, Shenzhen",,"Harbin Institute of Technology, Shenzhen",,,already_english,,,false,false,
institution:b83f47152ad1ec29,China,Hebei University of Technology,,Hebei University of Technology,,,already_english,,,false,false,
institution:f6342fd457763517,China,Hefei University of Technology,,Hefei University of Technology,,,already_english,,,false,false,
institution:e1fcb46488c800ef,China,Hong Kong Metropolitan University,,Hong Kong Metropolitan University,,,already_english,,,false,false,
institution:1f9be0c6a5d4aa0b,China,Hong Kong University of Science and Technology,,Hong Kong University of Science and Technology,,,already_english,,,false,false,
institution:2e62680df0fed751,China,Huawei Noah’s Ark Lab,Huawei Noah's Ark Lab,Huawei Noah's Ark Lab,Confirmed alias row preserves ASCII English punctuation variant for the same institution_id.,existing confirmed alias,applied,Huawei Noah's Ark Lab; Huawei Noah’s Ark Lab,Huawei Noah’s Ark Lab,false,true,Official English lab name with ASCII apostrophe; previous smart-apostrophe form is retained as an alias.
institution:a1ff6f7123083db9,China,"Institute of Artificial Intelligence (TeleAI), China Telecom",,"Institute of Artificial Intelligence (TeleAI), China Telecom",,,already_english,,,false,false,
institution:db049bef3a2d25e0,China,"Institute of Artificial Intelligence, Hefei Comprehensive National Science Center",,"Institute of Artificial Intelligence, Hefei Comprehensive National Science Center",,,already_english,,,false,false,
institution:966ff12833f90bb0,China,"Institute of Automation, Chinese Academy of Sciences",,"Institute of Automation, Chinese Academy of Sciences",,,already_english,"Institute of Automation, Chinese Academy of Sciences",,false,false,
institution:e278f75918ccf8a7,China,"Institute of Computing Technology, Chinese Academy of Sciences",,"Institute of Computing Technology, Chinese Academy of Sciences",,,already_english,"Institute of Computing Technology, Chinese Academy of Sciences; Institute of Computing Technology",,false,false,
institution:cee70184073782c7,China,"Institute of Information Engineering, Chinese Academy of Sciences",,"Institute of Information Engineering, Chinese Academy of Sciences",,,already_english,"Institute of Information Engineering, Chinese Academy of Sciences; Institute of Information Engineering",,false,false,
institution:260c0fc69149bb41,China,Intel Corporation,,Intel Corporation,,,already_english,,,false,false,
institution:8632718a2c1444c6,China,Jinan University,,Jinan University,,,already_english,,,false,false,
institution:a28e1611e5e6b8b6,China,Lanzhou University,,Lanzhou University,,,already_english,,,false,false,
institution:73df77aca515d21a,China,Merchants Union Consumer Finance Company,,Merchants Union Consumer Finance Company,,,already_english,,,false,false,
institution:7b971ad17fd639eb,China,Microsoft Research Asia,,Microsoft Research Asia,,,already_english,,,false,false,
institution:26db9b197bbb7634,China,NSFOCUS,,NSFOCUS,,,already_english,,,false,false,
institution:74eb5a7db0242865,China,Nanchang University,,Nanchang University,,,already_english,,,false,false,
institution:17d17325e0e0dae2,China,Nanjing University of Aeronautics and Astronautics,,Nanjing University of Aeronautics and Astronautics,,,already_english,,,false,false,
institution:0af8b0b3be8e7963,China,Nanjing University of Information Science and Technology,,Nanjing University of Information Science and Technology,,,already_english,,,false,false,
institution:a239b6e2cb8473ef,China,Nanjing University of Science and Technology,,Nanjing University of Science and Technology,,,already_english,,,false,false,
institution:69a779f3b8d566f6,China,National Taiwan University,,National Taiwan University,,,already_english,,,false,false,
institution:4b215cd9407fb4b1,China,National Tsing Hua University,,National Tsing Hua University,,,already_english,,,false,false,
institution:b99e56fd55395250,China,National Yang Ming Chiao Tung University,,National Yang Ming Chiao Tung University,,,already_english,,,false,false,
institution:0008285766dcabc7,China,Northeastern University,,Northeastern University,,,already_english,"东北大学; Northeastern University, China; Northeastern University, Shenyang",,false,false,Duplicate canonical name after English normalization; keep institution_id as identity.
institution:bc1d8b5fba4bc5ff,China,Northwestern Polytechnical University,,Northwestern Polytechnical University,,,already_english,,,false,false,
institution:46e4866d3b2954ab,China,Peking University,,Peking University,,,already_english,,,false,false,
institution:6346b1a9c3b5ccd7,China,Peking University Shenzhen Graduate School,,Peking University Shenzhen Graduate School,,,already_english,,,false,false,
institution:aee00ab2f1fd8132,China,Peng Cheng Laboratory,,Peng Cheng Laboratory,,,already_english,,,false,false,
institution:1ce921cf3475aa52,China,Pengcheng Laboratory,,Pengcheng Laboratory,,,already_english,,,false,false,
institution:a4cdf5c9d1038c90,China,Purple Mountain Laboratories,,Purple Mountain Laboratories,,,already_english,,,false,false,
institution:e64214548d48f667,China,Qingdao Academy of Intelligent Industries,,Qingdao Academy of Intelligent Industries,,,already_english,,,false,false,
institution:5fbb6e2cbdd4ea21,China,Renmin University of China,,Renmin University of China,,,already_english,,,false,false,
institution:a86e3c911036d069,China,Sangfor Technologies Inc.,,Sangfor Technologies Inc.,,,already_english,,,false,false,
institution:f95d5af831e91b94,China,SenseTime,,SenseTime,,,already_english,,,false,false,
institution:b3d626f58155d650,China,Shandong University,,Shandong University,,,already_english,,,false,false,
institution:cd66beec0fcee918,China,Shanghai AI Laboratory,,Shanghai AI Laboratory,,,already_english,,,false,false,
institution:c107a95b6cb53ac5,China,Shanghai Artificial Intelligence Laboratory,,Shanghai Artificial Intelligence Laboratory,,,already_english,,,false,false,
institution:9a0d85eff850f04a,China,Shanghai Innovation Institute,,Shanghai Innovation Institute,,,already_english,,,false,false,
institution:fccd5d0ac9cc52f9,China,Shanghai Jiao Tong University,,Shanghai Jiao Tong University,,,already_english,Shanghai Jiao Tong University,,false,false,
institution:9ab7959736f7be0d,China,Shenzhen Campus of Sun Yat-sen University,,Shenzhen Campus of Sun Yat-sen University,,,already_english,,,false,false,
institution:ad9c8964d01f80d8,China,Shenzhen University,,Shenzhen University,,,already_english,,,false,false,
institution:498778a17add497f,China,Shenzhen University of Advanced Technology,,Shenzhen University of Advanced Technology,,,already_english,,,false,false,
institution:4c1e9439f241e5ec,China,Sichuan University,,Sichuan University,,,already_english,,,false,false,
institution:387a46732b927ccd,China,Sino-Russian Research Center for Digital Economy,,Sino-Russian Research Center for Digital Economy,,,already_english,,,false,false,
institution:3e9b289ae248f660,China,South China University of Technology,,South China University of Technology,,,already_english,,,false,false,
institution:592f613084a7ca9d,China,Southeast University,,Southeast University,,,already_english,,,false,false,
institution:5c85faa51cc57a24,China,Sun Yat-sen University,,Sun Yat-sen University,,,already_english,,,false,false,
institution:3e78e883c14f8bb8,China,Tencent Youtu Lab,,Tencent Youtu Lab,,,already_english,,,false,false,1 mapping display name(s) differ from the target canonical name.
institution:5dbb9ac6a407e079,China,"The Chinese University of Hong Kong, Shenzhen",,"The Chinese University of Hong Kong, Shenzhen",,,already_english,"The Chinese University of Hong Kong, Shenzhen",,false,false,
institution:31f980eaa403801a,China,The Hong Kong Polytechnic University,,The Hong Kong Polytechnic University,,,already_english,,,false,false,
institution:fa80d3c071c298e1,China,The Hong Kong University of Science and Technology,,The Hong Kong University of Science and Technology,,,already_english,,,false,false,
institution:404cfa1ef241f359,China,The University of Hong Kong,,The University of Hong Kong,,,already_english,,,false,false,
institution:b0b93bb53a8b88c1,China,Tongji University,,Tongji University,,,already_english,,,false,false,
institution:230f59b4fb28c236,China,Tsinghua Shenzhen International Graduate School,,Tsinghua Shenzhen International Graduate School,,,already_english,Tsinghua Shenzhen International Graduate School,,false,false,
institution:4ae45b121fe12e9c,China,Tsinghua University,,Tsinghua University,,,already_english,Tsinghua University,,false,false,
institution:69309405e04976ec,China,University of Chinese Academy of Sciences,,University of Chinese Academy of Sciences,,,already_english,University of Chinese Academy of Sciences,,false,false,
institution:b8a4e3b25fd4a300,China,University of Macao,,University of Macao,,,already_english,,,false,false,
institution:53e6219d595780e3,China,University of Macau,,University of Macau,,,already_english,,,false,false,
institution:e721b03b6f6c172d,China,University of Science and Technology of China,,University of Science and Technology of China,,,already_english,,,false,false,
institution:a5744bc50825ed1f,China,"WeChat Pay, Tencent",,"WeChat Pay, Tencent",,,already_english,,,false,false,
institution:f23b95ce92de4591,China,Wuhan University,,Wuhan University,,,already_english,Wuhan University,,false,false,
institution:59879dd4d4951779,China,Xi'an University of Technology,,Xi'an University of Technology,,,already_english,,,false,false,
institution:929ddef9540ec1e7,China,Xiamen University,,Xiamen University,,,already_english,,,false,false,
institution:43ae05e86afd56bd,China,Xidian University,,Xidian University,,,already_english,,,false,false,
institution:c5810afc25d178a5,China,Yanshan University,,Yanshan University,,,already_english,,,false,false,
institution:2f8c9f8f9209013d,China,Zhejiang Lab,,Zhejiang Lab,,,already_english,,,false,false,
institution:e433baf78e80004b,China,Zhejiang University,,Zhejiang University,,,already_english,Zhejiang University,,false,false,
institution:9b91aedca1273b56,China,Zhejiang University of Technology,,Zhejiang University of Technology,,,already_english,,,false,false,
institution:d1012c88e7ee61fd,China,xiaohongshu Inc.,,xiaohongshu Inc.,,,already_english,,,false,false,
institution:b85a1a866c0c7fe8,Denmark,Aarhus University,,Aarhus University,,,already_english,,,false,false,
institution:bc52939c5da8ad98,España,Jaume I University,,Jaume I University,,,already_english,,,false,false,
institution:29645bb566fcd576,France,Centre National de la Recherche Scientifique,,Centre National de la Recherche Scientifique,,,already_english,CNRS,,false,false,
institution:a76d3c97c5824bc9,France,Grenoble INP,,Grenoble INP,,,already_english,,,false,false,Duplicate canonical name after English normalization; keep institution_id as identity.
institution:1e2fe2432a089705,France,Polytechnic University of Hauts-de-France,,Polytechnic University of Hauts-de-France,,,already_english,Université Polytechnique Hauts-de-France,,false,false,Duplicate canonical name after English normalization; keep institution_id as identity.
institution:bf0065cf4529e953,France,University of Technology of Troyes,,University of Technology of Troyes,,,already_english,,,false,false,
institution:0c5e25ec47ce33fe,France,Université Paris-Saclay,Paris-Saclay University,Paris-Saclay University,Known English institutional rendering for Université Paris-Saclay; old canonical name remains an alias.,structured English rendering,applied,Université Paris-Saclay,Université Paris-Saclay,false,true,Official English-style rendering is widely used and unambiguous for this ID.
institution:c76018a960d2cd12,France,Université de Lille,University of Lille,University of Lille,Institution location uses the official English maps-and-contacts URL for Université de Lille.,repository official English contact URL,applied,Université de Lille,Université de Lille,false,true,English-facing institutional rendering is available in curated location evidence.
institution:6c246ba350e11d5f,France,Université de Rennes,University of Rennes,University of Rennes,Curated mappings and location review preserve Univ. Rennes affiliation evidence for the same ID.,repository affiliation and location evidence,applied,Université de Rennes,Université de Rennes,false,true,English rendering of the university name; French canonical form is retained as an alias.
institution:aea376936c88135b,Germany,CISPA Helmholtz Center for Information Security,,CISPA Helmholtz Center for Information Security,,,already_english,CISPA Helmholtz Center for Information Security,,false,false,
institution:bef37c90751e824e,Germany,Max Planck Institute for Informatics,,Max Planck Institute for Informatics,,,already_english,,,false,false,
institution:59fe0b363dfeb8f5,Germany,Offenburg University of Applied Sciences,,Offenburg University of Applied Sciences,,,already_english,,,false,false,
institution:8f8dd64c6339c8ff,Germany,Ruhr University Bochum,,Ruhr University Bochum,,,already_english,Ruhr University Bochum,,false,false,
institution:f42de06978b10eb5,Germany,Technical University of Munich,,Technical University of Munich,,,already_english,,,false,false,
institution:5a73fc9b412db6f4,Germany,University of Hamburg,,University of Hamburg,,,already_english,,,false,false,
institution:957fef132942e033,Germany,University of Mannheim,,University of Mannheim,,,already_english,,,false,false,
institution:930e5c2880e11cb3,India,Alipurduar Government Engineering and Management College,,Alipurduar Government Engineering and Management College,,,already_english,,,false,false,
institution:e822c28c6d58a829,India,"BITS Pilani, Goa",,"BITS Pilani, Goa",,,already_english,,,false,false,
institution:99ef70abd8f55fae,India,"BITS Pilani, Hyderabad",,"BITS Pilani, Hyderabad",,,already_english,,,false,false,
institution:f0c3da144873207a,India,Indian Institute of Technology Kharagpur,,Indian Institute of Technology Kharagpur,,,already_english,,,false,false,
institution:d0b09c4ef698e8de,India,Indian Institute of Technology Roorkee,,Indian Institute of Technology Roorkee,,,already_english,,,false,false,
institution:df7499422b3e4d82,India,Indraprastha Institute of Information Technology Delhi,,Indraprastha Institute of Information Technology Delhi,,,already_english,,,false,false,
institution:118c2f047da4525d,India,"International Institute of Information Technology, Naya Raipur",,"International Institute of Information Technology, Naya Raipur",,,already_english,,,false,false,
institution:1a36f9f1487a39da,India,Manipal University Jaipur,,Manipal University Jaipur,,,already_english,,,false,false,
institution:d4f85059258439dc,India,National Institute of Technology Silchar,,National Institute of Technology Silchar,,,already_english,,,false,false,
institution:cb1cf39b9e67e9ec,India,Vishwakarma Institute of Information Technology,,Vishwakarma Institute of Information Technology,,,already_english,,,false,false,
institution:dbb7fb7fdd9bd486,India,Vishwakarma Institute of Technology,,Vishwakarma Institute of Technology,,,already_english,,,false,false,
institution:04b81a56c7eb1a69,Iraq,Informatics Institute for Postgraduate Studies,,Informatics Institute for Postgraduate Studies,,,already_english,,,false,false,
institution:f87d6ace800645a7,Iraq,University of Baghdad,,University of Baghdad,,,already_english,,,false,false,
institution:721b1fe645c5b099,Italy,CNIT,,CNIT,,,already_english,,,false,false,
institution:9958d7ee1cfec4aa,Italy,IMT School for Advanced Studies Lucca,,IMT School for Advanced Studies Lucca,,,already_english,,,false,false,
institution:541450f1f663948c,Italy,ISTI-CNR,,ISTI-CNR,,,already_english,,,false,false,
institution:fe7a819f82113c79,Italy,IdentifAI,,IdentifAI,,,already_english,,,false,false,
institution:8ca93bff11a3be9e,Italy,Leonardo S.p.A.,,Leonardo S.p.A.,,,already_english,,,false,false,
institution:0b1cc69a0a28e0c1,Italy,NVIDIA AI Technology Center Italy,,NVIDIA AI Technology Center Italy,,,already_english,,,false,false,
institution:977430a4473aa4b0,Italy,Sapienza University of Rome,,Sapienza University of Rome,,,already_english,,,false,false,
institution:e73ae6a6d6ff3735,Italy,University of Bologna,,University of Bologna,,,already_english,,,false,false,
institution:fd8ba2b56bf5212d,Italy,University of Catania,,University of Catania,,,already_english,,,false,false,
institution:42fcf4ae44e1a706,Italy,University of Florence,,University of Florence,,,already_english,University of Florence,,false,false,
institution:117fcda9a6399108,Italy,University of Modena and Reggio Emilia,,University of Modena and Reggio Emilia,,,already_english,,,false,false,
institution:d046d2c57bb3a863,Italy,University of Naples Federico II,,University of Naples Federico II,,,already_english,University of Naples Federico II; University Federico II of Naples,,false,false,
institution:a407f4c649ba4c6a,Italy,University of Palermo,,University of Palermo,,,already_english,,,false,false,
institution:3ec8d9fa829f5777,Italy,University of Pisa,,University of Pisa,,,already_english,,,false,false,
institution:65dbfd1e022f02e2,Italy,University of Siena,,University of Siena,,,already_english,University of Siena,,false,false,
institution:3c4903b35459f2b5,Italy,University of Trento,,University of Trento,,,already_english,,,false,false,
institution:060062d7bc15b07c,Japan,"Center for Data-Driven Science and AI, Tohoku University, Sendai, Japan",,"Center for Data-Driven Science and AI, Tohoku University, Sendai, Japan",,,already_english,,,false,false,
institution:0da909b4402f8657,Japan,Fujitsu Limited,,Fujitsu Limited,,,already_english,,,false,false,
institution:db8874f9983a5ffd,Japan,National Institute of Informatics,,National Institute of Informatics,,,already_english,,,false,false,
institution:d1f71b03766ee0a2,Japan,Noeon Research,,Noeon Research,,,already_english,,,false,false,
institution:ccbfeb66fb71797e,Japan,RIKEN Center for Advanced Intelligence Project,,RIKEN Center for Advanced Intelligence Project,,,already_english,,,false,false,
institution:cf2639c8e56f6453,Japan,Sony AI,,Sony AI,,,already_english,,,false,false,
institution:8c45f60c84082063,Japan,The University of Tokyo,,The University of Tokyo,,,already_english,,,false,false,
institution:fb6e9411e701578c,Japan,University of Tsukuba,,University of Tsukuba,,,already_english,,,false,false,
institution:4745b20cdc6c5fb0,Japan,Univresity of Tskuba,,Univresity of Tskuba,,,already_english,,,false,false,
institution:ae914839cab3ba03,Malaysia,Monash University Malaysia,,Monash University Malaysia,,,already_english,,,false,false,
institution:141dbbea6bba3a37,Nepel,Everest English Boarding Secondary School,,Everest English Boarding Secondary School,,,already_english,,,false,false,
institution:bda289c20f284717,Netherlands,Netherlands Forensic Institute,,Netherlands Forensic Institute,,,already_english,,,false,false,
institution:4a9a14dbf4357b38,Netherlands,University of Amsterdam,,University of Amsterdam,,,already_english,,,false,false,
institution:51bbeb5bfb404721,Norway,University of Agder,,University of Agder,,,already_english,,,false,false,
institution:b978b6dfc7b3baa0,Norway,University of Bergen,,University of Bergen,,,already_english,University of Bergen,,false,false,
institution:b145c3f748543038,Russia,AI Foundation and Algorithm Lab,,AI Foundation and Algorithm Lab,,,already_english,,,false,false,
institution:95daf5606b8bd80c,Russia,HSE University,,HSE University,,,already_english,,,false,false,
institution:91d1003beb3bcb91,Russia,Skolkovo Institute of Science and Technology,,Skolkovo Institute of Science and Technology,,,already_english,,,false,false,
institution:a202a16ef9383442,Russia,St. Petersburg Department of the Steklov Institute of Mathematics,,St. Petersburg Department of the Steklov Institute of Mathematics,,,already_english,,,false,false,
institution:a0aa144d9d2444cc,Saudi Arabia,Princess Nourah bint Abdulrahman University,,Princess Nourah bint Abdulrahman University,,,already_english,,,false,false,
institution:e81a0314e783d8a4,Singapore,"Agency for Science, Technology and Research (A*STAR)",,"Agency for Science, Technology and Research (A*STAR)",,,already_english,"Agency for Science, Technology and Research (A*STAR); Agency for Science, Technology and Research",,false,false,
institution:c111feb812f1a7ed,Singapore,Nanyang Technological University,,Nanyang Technological University,,,already_english,Nanyang Technological University,,false,false,
institution:70ccb485197bbb6c,Singapore,National University of Singapore,,National University of Singapore,,,already_english,,,false,false,
institution:eefb779b4c760808,Singapore,Singapore Management University,,Singapore Management University,,,already_english,,,false,false,
institution:6dd3ce9e0d5fd1ab,Singapore,Singapore University of Technology and Design,,Singapore University of Technology and Design,,,already_english,,,false,false,
institution:3e2d6c20e9d268da,South Korea,Hanyang University,,Hanyang University,,,already_english,,,false,false,
institution:696e90c102571ea3,South Korea,Korea AI Safety Institute (AISI),,Korea AI Safety Institute (AISI),,,already_english,,,false,false,
institution:e80b94c605da24ce,South Korea,Sungkyunkwan University,,Sungkyunkwan University,,,already_english,Sungkyunkwan University,,false,false,
institution:52cbdd91a8dbd658,South Korea,Yonsei University,,Yonsei University,,,already_english,Yonsei University,,false,false,
institution:6e61f1cad147c313,South Korea,"Yonsei University, International Campus",,"Yonsei University, International Campus",,,already_english,,,false,false,
institution:42992b97b8e05dd4,South Korea,"Yonsei University, Sinchon Campus",,"Yonsei University, Sinchon Campus",,,already_english,,,false,false,
institution:6a318a8411b5cf74,Spain,Complutense University of Madrid,,Complutense University of Madrid,,,already_english,Universidad Complutense de Madrid; 马德里康普顿斯大学,,false,false,
institution:6d607bd40551e45f,Taiwan,Tamkang University,,Tamkang University,,,already_english,,,false,false,
institution:81f79a387128ccac,United Arab Emirates,Khalifa University,,Khalifa University,,,already_english,,,false,false,
institution:f04b96a9716ab2f4,United Arab Emirates,Mohamed bin Zayed University of Artificial Intelligence,,Mohamed bin Zayed University of Artificial Intelligence,,,already_english,,,false,false,
institution:271362b3e1310a1c,United Arab Emirates,Sorbonne University Abu Dhabi,,Sorbonne University Abu Dhabi,,,already_english,,,false,false,
institution:96dc1764e1512d0a,United Arab Emirates,Technology Innovation Institute,,Technology Innovation Institute,,,already_english,,,false,false,
institution:24e78a56f93457a5,United Kingdom,City University of London,,City University of London,,,already_english,"City, University of London",,false,false,1 mapping display name(s) differ from the target canonical name.
institution:90cbfdc3d90fe8a0,United Kingdom,Fujitsu Research of Europe,,Fujitsu Research of Europe,,,already_english,,,false,false,
institution:c055ca96e505b797,United Kingdom,Nottingham Trent University,,Nottingham Trent University,,,already_english,,,false,false,
institution:c5eade35ea50a856,United Kingdom,Queen Mary University of London,,Queen Mary University of London,,,already_english,Queen Mary University of London,,false,false,
institution:fa3c75d12710670b,United Kingdom,University College London,,University College London,,,already_english,,,false,false,
institution:0418834df0ffcdf2,United Kingdom,University of Cambridge,,University of Cambridge,,,already_english,,,false,false,
institution:87d9a45b3389372f,United Kingdom,University of Oxford,,University of Oxford,,,already_english,,,false,false,
institution:cf5d9a266441e5a7,United Kingdom,University of Sheffield,,University of Sheffield,,,already_english,,,false,false,
institution:a0c3927e4ddb3a39,United Kingdom,University of Southampton,,University of Southampton,,,already_english,,,false,false,
institution:29276dc7d9ce02fd,United Kingdom,University of Surrey,,University of Surrey,,,already_english,,,false,false,
institution:7a0d6a63667ac750,United States,Adobe Research,,Adobe Research,,,already_english,,,false,false,
institution:cbc62794911ff31b,United States,Amazon,,Amazon,,,already_english,Amazon GenAI,,false,false,
institution:284bfcf10a3b1ebf,United States,Amazon Prime Video,,Amazon Prime Video,,,already_english,,,false,false,
institution:ac7aeed6b85a0a40,United States,Arizona State University,,Arizona State University,,,already_english,,,false,false,
institution:c5235efb76365de2,United States,Carnegie Mellon University,,Carnegie Mellon University,,,already_english,,,false,false,
institution:fa6adc95226df542,United States,Clemson University,,Clemson University,,,already_english,,,false,false,
institution:e0fc2ffb269489e7,United States,Drexel University,,Drexel University,,,already_english,Drexel University,,false,false,
institution:781afa4ed50a74b8,United States,Duke University,,Duke University,,,already_english,,,false,false,
institution:dbb4589b8e2f8264,United States,Florida International University,,Florida International University,,,already_english,,,false,false,
institution:39839f8732e7433b,United States,George Mason University,,George Mason University,,,already_english,,,false,false,
institution:40b8f4b8f6c89e51,United States,Georgetown University,,Georgetown University,,,already_english,,,false,false,
institution:35e36dc1a5213fa3,United States,Google Research,,Google Research,,,already_english,,,false,false,
institution:f5c8a9b792d3b901,United States,IBM Thomas J. Watson Research Center,,IBM Thomas J. Watson Research Center,,,already_english,,,false,false,
institution:39fbdba5585bb3c4,United States,MIT Lincoln Laboratory,,MIT Lincoln Laboratory,,,already_english,,,false,false,
institution:366058c27e343874,United States,Massachusetts Institute of Technology,,Massachusetts Institute of Technology,,,already_english,,,false,false,
institution:357dc1b545173dd5,United States,Meta (United States),,Meta (United States),,,already_english,Meta,,false,false,
institution:a1b609b0fc5c2e23,United States,Miraflow,,Miraflow,,,already_english,,,false,false,
institution:2b91b5917e5279ea,United States,NEC Laboratories America,,NEC Laboratories America,,,already_english,,,false,false,
institution:fbc0802be3266f6f,United States,Netflix Eyeline Studios,,Netflix Eyeline Studios,,,already_english,,,false,false,
institution:c83aeae887827902,United States,New York University,,New York University,,,already_english,,,false,false,
institution:ff1a1bc95dbe91a8,United States,Northeastern University,,Northeastern University,,,already_english,"Northeastern University, United States; Northeastern University, Boston",,false,false,Duplicate canonical name after English normalization; keep institution_id as identity.
institution:6f4241a7694672b8,United States,Princeton University,,Princeton University,,,already_english,,,false,false,
institution:90b589325857dff0,United States,Purdue University,,Purdue University,,,already_english,Purdue University,,false,false,
institution:50c86a6fc102a2c1,United States,Rensselaer Polytechnic Institute,,Rensselaer Polytechnic Institute,,,already_english,,,false,false,
institution:33a58a66974db112,United States,Rutgers University,,Rutgers University,,,already_english,,,false,false,
institution:41db7d042136daef,United States,Salesforce Research,,Salesforce Research,,,already_english,,,false,false,
institution:ed72534d79b73fac,United States,Stanford University,,Stanford University,,,already_english,,,false,false,
institution:4e140b5268efc364,United States,Texas A&M University,,Texas A&M University,,,already_english,,,false,false,
institution:386b7a411f4a3220,United States,Toyota Technological Institute at Chicago,,Toyota Technological Institute at Chicago,,,already_english,,,false,false,
institution:2592e804f95fa542,United States,TrueMedia.org,,TrueMedia.org,,,already_english,,,false,false,
institution:c3babd97b5b38ea6,United States,USC Information Sciences Institute,,USC Information Sciences Institute,,,already_english,,,false,false,
institution:7506c126bc077e9b,United States,"University at Albany, SUNY",,"University at Albany, SUNY",,,already_english,"University at Albany, SUNY",,false,false,
institution:4f85329e76bc9454,United States,University at Buffalo,,University at Buffalo,,,already_english,"State University of New York at Buffalo; University at Buffalo, State University of New York",,false,false,
institution:fde22ad658a3fdb9,United States,University of Alabama at Birmingham,,University of Alabama at Birmingham,,,already_english,,,false,false,
institution:be74dcf5d0cb77ea,United States,"University of California, Berkeley",,"University of California, Berkeley",,,already_english,"University of California, Berkeley",,false,false,
institution:7d7f56dced000a09,United States,University of Chicago,,University of Chicago,,,already_english,,,false,false,
institution:bf3ddd5552577ff0,United States,University of Illinois Urbana-Champaign,,University of Illinois Urbana-Champaign,,,already_english,,,false,false,
institution:13f7c73ae8019e75,United States,University of Maryland,,University of Maryland,,,already_english,,,false,false,
institution:304707b21fcfbd4d,United States,University of Massachusetts Amherst,,University of Massachusetts Amherst,,,already_english,,,false,false,
institution:89b9b3962b3327c8,United States,University of Michigan,,University of Michigan,,,already_english,,,false,false,
institution:969d6dd2c9cf6a1e,United States,"University of Nevada, Reno",,"University of Nevada, Reno",,,already_english,,,false,false,
institution:7801abc579496f6a,United States,University of South Carolina,,University of South Carolina,,,already_english,,,false,false,
institution:6432056cdf12bb16,United States,University of Southern California,,University of Southern California,,,already_english,,,false,false,
institution:a55a77635edc8711,United States,University of Texas at Dallas,,University of Texas at Dallas,,,already_english,University of Texas at Dallas,,false,false,
institution:3e2e527953176c93,United States,University of Wisconsin-Madison,,University of Wisconsin-Madison,,,already_english,University of Wisconsin–Madison,,false,false,2 mapping display name(s) differ from the target canonical name.
institution:191fc14de0344472,United States,Virginia Tech,,Virginia Tech,,,already_english,,,false,false,
institution:7266fd3d42f0b9ca,United States,Xpectrum AI,,Xpectrum AI,,,already_english,,,false,false,
institution:0d3d34a24da64353,United States,Yale University,,Yale University,,,already_english,,,false,false,
