canonical_paper_identity,title,previous_publication_type,canonical_venue_id,canonical_venue_name,canonical_venue_type,arxiv_id,arxiv_url,doi,repository_identifiers,proposed_publication_type,applied_rule,ambiguity_status
curated:07ee620b8169b67b900f,Does a GAN leave distinct model-specific fingerprints?,conference,venue:conference32nd-british-machine-vision-conference-bmvc-2021:main,"Conference32nd British Machine Vision Conference, BMVC 2021",conference,,,10.5244/c.35.53,,conference,canonical_venue_type,resolved
curated:853c7e2ae5f343438dd5,Did You Use My GAN to Generate Fake? Post-hoc Attribution of GAN Generated Images via Latent Recovery,conference,venue:ijcnn:main,International Joint Conference on Neural Networks,conference,,,10.1109/ijcnn55064.2022.9892704,,conference,canonical_venue_type,resolved
curated:34fdf09ae334914a2723,ManiFPT: Defining and Analyzing Fingerprints of Generative Models,conference,venue:cvpr:main,IEEE/CVF Conference on Computer Vision and Pattern Recognition,conference,2402.10401,,10.1109/cvpr52733.2024.01026,2402.10401,conference,canonical_venue_type,resolved
curated:e058b4e851ac44180d82,Tiny Autoencoders are Effective Few-Shot Generative Model Detectors,journal,venue:florence-research-university-of-florence:main,Florence Research (University of Florence),journal,,,10.1109/wifs61860.2024.10810686,,journal,canonical_venue_type,resolved
curated:8bc69db49ef4b9db3cd6,Are CLIP Features All You Need for Universal Synthetic Image Origin Attribution?,conference,venue:eccv:workshops,European Conference on Computer Vision,conference,2408.09153,,10.1007/978-3-031-92648-8_22,2408.09153,conference,canonical_venue_type,resolved
curated:ce200a9a7aa3dee36fc7,FIDAVL: Fake Image Detection and Attribution Using Vision-Language Model,conference,venue:international-conference-on-pattern-recognition:main,International Conference on Pattern Recognition,conference,2409.03109,,10.1007/978-3-031-78305-0_11,2409.03109,conference,canonical_venue_type,resolved
curated:66ea5be66b23f7db046a,人工智能生成图像检测技术综述,journal,venue:journal-of-image-and-graphics:main,Journal of Image and Graphics,journal,,,10.11834/jig.250053,,journal,canonical_venue_type,resolved
curated:b65aca5f04f1f41ad725,How to Trace Latent Generative Model Generated Images without Artificial Watermark?,conference,venue:icml:main,International Conference on Machine Learning,conference,2405.13360,,10.48550/arxiv.2405.13360,2405.13360; 10.48550/arxiv.2405.13360,conference,canonical_venue_type,resolved
curated:62b0a9ae8be24d9f02e0,Single-Model Attribution of Generative Models Through Final-Layer Inversion,conference,venue:icml:main,International Conference on Machine Learning,conference,2306.06210,,10.48550/arxiv.2306.06210,2306.06210; 10.48550/arxiv.2306.06210,conference,canonical_venue_type,resolved
curated:af47c4b83dfd43175a4a,Attributing and Detecting Fake Images Generated by Known GANs,conference,venue:ieee-security-and-privacy:workshops,IEEE Security and Privacy,conference,,,10.1109/spw50608.2020.00019,,conference,canonical_venue_type,resolved
curated:98c0322e2f8dd41d3e9e,Which Model Generated This Image? A Model-Agnostic Approach for Origin Attribution,book,venue:lncs:main,Lecture Notes in Computer Science,book,,,10.1007/978-3-031-73033-7_16,,book,canonical_venue_type,resolved
curated:0849228c52c5759845c2,FreqCross: A Multi-Modal Frequency-Spatial Fusion Network for Robust Detection of Stable Diffusion 3.5 Generated Images,preprint,venue:arxiv:main,arXiv,preprint,2507.02995,,10.48550/arxiv.2507.02995,2507.02995; 10.48550/arxiv.2507.02995,preprint,existing_value,resolved
curated:87ef976b546206fde199,"DistilDIRE: A Small, Fast, Cheap and Lightweight Diffusion Synthesized Deepfake Detection",preprint,venue:arxiv:main,arXiv,preprint,2406.00856,,10.48550/arxiv.2406.00856,2406.00856; 10.48550/arxiv.2406.00856,preprint,existing_value,resolved
curated:b286f4a33839eed35258,Shadows Don't Lie and Lines Can't Bend! Generative Models Don't know Projective Geometry…for Now,journal,,,journal,,,10.1109/cvpr52733.2024.02658,,journal,canonical_venue_type,resolved
curated:1eef07ebb6bd7e596f61,FakeInversion: Learning to Detect Images from Unseen Text-to-Image Models by Inverting Stable Diffusion,conference,venue:cvpr:main,IEEE/CVF Conference on Computer Vision and Pattern Recognition,conference,2406.08603,,10.1109/cvpr52733.2024.01023,2406.08603,conference,canonical_venue_type,resolved
curated:a0abee05e50398d03f2f,AEROBLADE: Training-Free Detection of Latent Diffusion Images Using Autoencoder Reconstruction Error,journal,,,journal,,,10.1109/cvpr52733.2024.00872,,journal,canonical_venue_type,resolved
curated:f523af1f7fe7b16fda75,MaskSim: Detection of synthetic images by masked spectrum similarity analysis,journal,venue:zenodo:main,Zenodo,preprint,,,10.1109/cvprw63382.2024.00390,,journal,existing_value,resolved
curated:25c76f83f95efc6207a4,Faster Than Lies: Real-time Deepfake Detection using Binary Neural Networks,journal,venue:iris-research-product-catalog-sapienza-university-of-rome:main,IRIS Research product catalog (Sapienza University of Rome),journal,,,10.1109/cvprw63382.2024.00381,,journal,canonical_venue_type,resolved
curated:f7cba2387b8a4131cc7b,Frequency-Aware Deepfake Detection: Improving Generalizability through Frequency Space Domain Learning,conference,venue:aaai:main,AAAI Conference on Artificial Intelligence,conference,,,10.1609/aaai.v38i5.28310,,conference,canonical_venue_type,resolved
curated:096573f365e37679c445,Contrasting Deepfakes Diffusion via Contrastive Learning and Global-Local Similarities,book,venue:lncs:main,Lecture Notes in Computer Science,book,,,10.1007/978-3-031-73036-8_12,,book,canonical_venue_type,resolved
curated:a6f370defb21b2e07381,Your Diffusion Model is an Implicit Synthetic Image Detector,conference,venue:eccv:workshops,European Conference on Computer Vision,conference,,,10.1007/978-3-031-92648-8_25,,conference,canonical_venue_type,resolved
curated:a87d86d7032f5a751004,ZeroFake: Zero-Shot Detection of Fake Images Generated and Edited by Text-to-Image Generation Models,journal,venue:figshare:main,Figshare,preprint,,,10.1145/3658644.3690297,,journal,existing_value,resolved
curated:d740749676417c725798,D4: Detection of Adversarial Diffusion Deepfakes Using Disjoint Ensembles,journal,,,journal,,,10.1109/wacv57701.2024.00377,,journal,canonical_venue_type,resolved
curated:253c210194ac9348f9e6,CLIPping the Deception: Adapting Vision-Language Models for Universal Deepfake Detection,journal,,,journal,,,10.1145/3652583.3658035,,journal,canonical_venue_type,resolved
curated:c9485f4d5346304272f2,Frequency Masking for Universal Deepfake Detection,journal,,,journal,2401.06506,,10.1109/icassp48485.2024.10446290,2401.06506,journal,canonical_venue_type,resolved
curated:8603d8942c241dd876ed,On the Exploitation of DCT-Traces in the Generative-AI Domain,journal,,,journal,,,10.1109/icip51287.2024.10648013,,journal,canonical_venue_type,resolved
curated:19c7b91816312d2877c9,Did You Note My Palette? Unveiling Synthetic Images Through Color Statistics,journal,,,journal,,,10.1145/3658664.3659652,,journal,canonical_venue_type,resolved
curated:ef5f9b419eef35c5c255,Where's the liability in the Generative Era? Recovery-based Black-Box Detection of AI-Generated Content,preprint,venue:arxiv:main,arXiv,preprint,2505.01008,,10.48550/arxiv.2505.01008,2505.01008; 10.48550/arxiv.2505.01008,preprint,existing_value,resolved
curated:c6bfe8f5199d1d8beb29,Adaptive Test-Time Semantic Debiasing for AI-Generated Image Detection,journal,,,journal,,,10.1109/iccvw69036.2025.00165,,journal,canonical_venue_type,resolved
curated:47b576be1ed7e2a6bfed,"Fully AI-Generated Image Detection: Definition, Recent Advances and Challenges",preprint,venue:arxiv:main,arXiv,preprint,2502.19716,,10.48550/arxiv.2502.19716,2502.19716; 10.48550/arxiv.2502.19716,preprint,existing_value,resolved
curated:3110ea827546b2fd78ff,"Your AI-Generated Image Detector Can Secretly Achieve SOTA Accuracy, If Calibrated",conference,venue:aaai:main,AAAI Conference on Artificial Intelligence,conference,,,10.1609/aaai.v40i14.38146,,conference,canonical_venue_type,resolved
curated:1f9d168cc6c4c445a231,Orthogonal Subspace Decomposition for Generalizable AI-Generated Image Detection,conference,venue:icml:main,International Conference on Machine Learning,conference,2411.15633,,10.48550/arxiv.2411.15633,2411.15633; 10.48550/arxiv.2411.15633,conference,canonical_venue_type,resolved
curated:d040be3d1fb83a51311e,Stay-Positive: A Case for Ignoring Real Image Features in Fake Image Detection,preprint,venue:arxiv:main,arXiv,preprint,2502.07778,,10.48550/arxiv.2502.07778,2502.07778; 10.48550/arxiv.2502.07778,preprint,existing_value,resolved
curated:e688194977fa7bbf7db3,LAID: Lightweight AI-Generated Image Detection in Spatial and Spectral Domains,journal,,,journal,,,10.1109/pst65910.2025.11268874,,journal,canonical_venue_type,resolved
curated:6ca781a0d606a5d5db64,REVEAL: A Retrieval-Augmented Generation Approach for Contextual Identification of Synthetic Visual Content,journal,venue:hal-le-centre-pour-la-communication-scientifique-directe:main,HAL (Le Centre pour la Communication Scientifique Directe),journal,,,10.1145/3746265.3759667,,journal,canonical_venue_type,resolved
curated:1332f5c35b9ac943f349,FLODA: Harnessing Vision-Language Models for Deepfake Assessment,journal,,,journal,,,10.1109/icce63647.2025.10929816,,journal,canonical_venue_type,resolved
curated:f3e1319a5e27319578cd,A Survey on Deep-Learning-Based Techniques for Detecting AI-Generated Synthetic Images,conference,,,conference,,,10.3390/engproc2026123032,,conference,canonical_venue_type,resolved
curated:fe98b5f37967f5a51b86,Simple Detection of AI-Generated Images based on Noise Correlation,journal,,,journal,,,10.1109/amlds63918.2025.11159445,,journal,canonical_venue_type,resolved
curated:b7664c48f91262cfe091,StealthDiffusion: Towards Evading Diffusion Forensic Detection through Diffusion Model,journal,,,journal,,,10.1145/3664647.3681535,,journal,canonical_venue_type,resolved
curated:82a6421311c4d39076d9,Sanitizing Diffusion-Generated Images via Fingerprint Removal and Adversarial Perturbation for Forensic Evasion,journal,venue:ieee-access:main,IEEE Access,journal,,,10.1109/access.2025.3597641,,journal,canonical_venue_type,resolved
curated:0b2081f70faaf81278dc,Organic or Diffused: Can We Distinguish Human Art from AI-generated Images?,journal,venue:knowledge-uchicago-university-of-chicago:main,Knowledge@UChicago (University of Chicago),journal,,,10.1145/3658644.3670306,,journal,canonical_venue_type,resolved
curated:b1977dc0fcca329719f0,Towards the Detection of Diffusion Model Deepfakes,journal,,,journal,,,10.5220/0012422000003660,,journal,canonical_venue_type,resolved
curated:c420495aae5c20e0ea2a,FANB-Net: Frequency-Awared Attention and Noise-Injected Boosting for AI-Generated Image Detection,conference,venue:international-conference-on-multimedia-modeling:main,International Conference on Multimedia Modeling,conference,,,10.1007/978-981-95-6960-1_26,,conference,canonical_venue_type,resolved
curated:8116d19627b92530b580,EvoGuard: An Extensible Agentic RL-based Framework for Practical and Evolving AI-Generated Image Detection,journal,venue:arxiv:main,arXiv,preprint,2603.17343,,,2603.17343,journal,existing_value,resolved
curated:cf55e35fcf11e09fdd12,Locate-Then-Examine: Grounded Region Reasoning Improves Detection of AI-Generated Images,conference,venue:cvpr:main,IEEE/CVF Conference on Computer Vision and Pattern Recognition,conference,2510.04225,,10.48550/arxiv.2510.04225,2510.04225; 10.48550/arxiv.2510.04225,conference,canonical_venue_type,resolved
curated:be2900947b322f9eb905,OmniDFA: A Unified Framework for Open Set Synthesis Image Detection and Few-Shot Attribution,preprint,venue:arxiv:main,arXiv,preprint,2509.25682,,10.48550/arxiv.2509.25682,2509.25682; 10.48550/arxiv.2509.25682,preprint,existing_value,resolved
curated:8e9658fa727094695be8,MIRAGE: Towards AI-Generated Image Detection in the Wild,conference,venue:aaai:main,AAAI Conference on Artificial Intelligence,conference,,,10.1609/aaai.v40i7.37421,,conference,canonical_venue_type,resolved
curated:44a70bf5f21b5457102b,RealHD: A High-Quality Dataset for Robust Detection of State-of-the-Art AI-Generated Images,conference,venue:acm-mm:main,ACM International Conference on Multimedia,conference,2602.10546,,10.48550/arxiv.2602.10546,2602.10546; 10.48550/arxiv.2602.10546,conference,canonical_venue_type,resolved
curated:79adf19ca6991c1d85f8,RAID: A Dataset for Testing the Adversarial Robustness of AI-Generated Image Detectors,preprint,venue:arxiv:main,arXiv,preprint,2506.03988,,10.48550/arxiv.2506.03988,2506.03988; 10.48550/arxiv.2506.03988,preprint,existing_value,resolved
curated:074bb9a77ee85d50090c,Aperture: a patch-aware framework for joint forgery detection and localization,journal,venue:vicinagearth:main,Vicinagearth.,journal,,,10.1007/s44336-025-00027-8,,journal,canonical_venue_type,resolved
curated:f76424b401abe0c0fd0c,ImagiNet: A Multi-Content Benchmark for Synthetic Image Detection,preprint,venue:arxiv:main,arXiv,preprint,2407.20020,,10.48550/arxiv.2407.20020,2407.20020; 10.48550/arxiv.2407.20020,preprint,existing_value,resolved
curated:4d91354cd919a64a2259,Few-Shot Learner Generalizes Across AI-Generated Image Detection,conference,venue:icml:main,International Conference on Machine Learning,conference,2501.08763,,10.48550/arxiv.2501.08763,2501.08763; 10.48550/arxiv.2501.08763,conference,canonical_venue_type,resolved
curated:3c3cd6143ece4045b378,Generalized Design Choices for Deepfake Detectors,preprint,venue:arxiv:main,arXiv,preprint,2511.21507,,10.48550/arxiv.2511.21507,2511.21507; 10.48550/arxiv.2511.21507,preprint,existing_value,resolved
curated:e256ad6b672c3cf433ba,Bridging the Gap Between Ideal and Real-World Evaluation: Benchmarking AI-Generated Image Detection in Challenging Scenarios,conference,venue:iccv:main,IEEE/CVF International Conference on Computer Vision,conference,2509.09172,,10.1109/iccv51701.2025.01895,2509.09172,conference,canonical_venue_type,resolved
curated:61baa52cd3bc07215faf,Diffusion Epistemic Uncertainty with Asymmetric Learning for Diffusion-Generated Image Detection,journal,venue:arxiv:main,arXiv,preprint,2601.14625,,,2601.14625,journal,existing_value,resolved
curated:35aae1e2c9d673ab1a97,Source Attribution of AI-Generated Images: a Principled Survey,preprint,venue:zenodo:main,Zenodo,preprint,,,10.5281/zenodo.20814592,10.5281/zenodo.20814592,preprint,existing_value,resolved
curated:ee47e898ad64ec14b709,Training-free Source Attribution of AI-generated Images via Resynthesis,conference,venue:wifs:main,IEEE International Workshop on Information Forensics and Security,conference,,,10.1109/wifs66636.2025.00028,,conference,canonical_venue_type,resolved
curated:3bd79627ad7e70a28a97,D$^3$: Scaling Up Deepfake Detection by Learning from Discrepancy,conference,venue:cvpr:main,IEEE/CVF Conference on Computer Vision and Pattern Recognition,conference,2404.04584,,https://doi.org/10.48550/arxiv.2404.04584,2404.04584; https://doi.org/10.48550/arxiv.2404.04584,conference,canonical_venue_type,resolved
curated:a1eea412716e4d045da6,Source Attribution of AI-Generated Images in Data Scarcity Conditions via Training-Free Resynthesis,journal,venue:ieee-open-journal-of-signal-processing:main,IEEE Open Journal of Signal Processing,journal,,,10.1109/ojsp.2026.3710125,,journal,canonical_venue_type,resolved
curated:5a91cc922c8a3c4c3d0c,Open Set Synthetic Image Source Attribution,preprint,venue:arxiv:main,arXiv,preprint,2308.11557,,10.48550/arxiv.2308.11557,2308.11557; 10.48550/arxiv.2308.11557,preprint,existing_value,resolved
curated:3864d12fe8df7b9cb19c,Detecting computer-generated images by using only real images,conference,venue:international-conference-on-machine-vision:main,International Conference on Machine Vision,conference,,,10.1117/12.3055092,,conference,canonical_venue_type,resolved
curated:31a4d429d7c5750bd778,Spot the Fake: Large Multimodal Model-Based Synthetic Image Detection with Artifact Explanation,conference,venue:neurips:main,Advances in Neural Information Processing Systems,conference,2503.14905,,10.48550/arxiv.2503.14905,2503.14905; 10.48550/arxiv.2503.14905,conference,canonical_venue_type,resolved
curated:c6bb6e1e0a4d4eb372b5,Seeing is not always believing: Benchmarking Human and Model Perception of AI-Generated Images,conference,venue:neurips:main,Advances in Neural Information Processing Systems,conference,2304.13023,,10.48550/arxiv.2304.13023,2304.13023; 10.48550/arxiv.2304.13023,conference,canonical_venue_type,resolved
curated:0b34eeaa2b4f5b0a7b3b,Aligned Datasets Improve Detection of Latent Diffusion-Generated Images,conference,venue:iclr:main,International Conference on Learning Representations,conference,2410.11835,,10.48550/arxiv.2410.11835,2410.11835; 10.48550/arxiv.2410.11835,conference,canonical_venue_type,resolved
curated:f158c57190bcd2c8405c,Is Artificial Intelligence Generated Image Detection a Solved Problem?,conference,venue:neurips:main,Advances in Neural Information Processing Systems,conference,2505.12335,,10.48550/arxiv.2505.12335,2505.12335; 10.48550/arxiv.2505.12335,conference,canonical_venue_type,resolved
curated:211ea83fa8d41c8ec810,AI-generated image detection algorithm based on classical-quantum hybrid neural network,journal,venue:science-china-information-sciences:main,Science China Information Sciences,journal,,,10.1007/s11432-024-4475-4,,journal,canonical_venue_type,resolved
curated:29878fee09624b7d105d,Self-Supervised AI-Generated Image Detection: A Camera Metadata Perspective,journal,venue:ieee-transactions-on-pattern-analysis-and-machine-intelligence:main,IEEE Transactions on Pattern Analysis and Machine Intelligence,journal,2512.05651,,10.1109/tpami.2026.3654274,2512.05651,journal,canonical_venue_type,resolved
curated:29642e43aa51fece46f7,Beyond Semantic Features: Pixel-level Mapping for Generalized AI-Generated Image Detection,conference,venue:aaai:main,AAAI Conference on Artificial Intelligence,conference,,,10.1609/aaai.v40i42.40927,,conference,canonical_venue_type,resolved
curated:911d693997183535a4ac,Towards Explainable Fake Image Detection with Multi-Modal Large Language Models,conference,venue:acm-mm:main,ACM International Conference on Multimedia,conference,2504.14245,,10.1145/3746027.3755421,2504.14245,conference,canonical_venue_type,resolved
curated:8bdbf72555619e7893d3,Beyond Known Fakes: Generalized Detection of AI-Generated Images via Post-hoc Distribution Alignment,preprint,venue:arxiv:main,arXiv,preprint,2502.10803,,10.48550/arxiv.2502.10803,2502.10803; 10.48550/arxiv.2502.10803,preprint,existing_value,resolved
curated:fe2c4c4c423cdd91d6d3,Understanding and Improving Training-Free AI-Generated Image Detections with Vision Foundation Models,preprint,venue:arxiv:main,arXiv,preprint,2411.19117,,10.48550/arxiv.2411.19117,2411.19117; 10.48550/arxiv.2411.19117,preprint,existing_value,resolved
curated:d9f9207830bec1da388f,Towards More Accurate Fake Detection on Images Generated from Advanced Generative and Neural Rendering Models,preprint,venue:arxiv:main,arXiv,preprint,2411.08642,,10.48550/arxiv.2411.08642,2411.08642; 10.48550/arxiv.2411.08642,preprint,existing_value,resolved
curated:fa317ff4ccce609227c0,Improving Interpretability and Robustness for the Detection of AI-Generated Images,preprint,venue:arxiv:main,arXiv,preprint,2406.15035,,10.48550/arxiv.2406.15035,2406.15035; 10.48550/arxiv.2406.15035,preprint,existing_value,resolved
curated:9a84f4f666bcdda92186,Mixture of Low-rank Experts for Transferable AI-Generated Image Detection,preprint,venue:arxiv:main,arXiv,preprint,2404.04883,,10.48550/arxiv.2404.04883,2404.04883; 10.48550/arxiv.2404.04883,preprint,existing_value,resolved
curated:40db3b79c5d83b80e5a4,Fake-GPT: Detecting Fake Image via Large Language Model,conference,venue:pattern-recognition-and-computer-vision-7th-chinese-conference:main,Pattern Recognition and Computer Vision: 7th Chinese Conference,conference,,,10.1007/978-981-97-8685-5_9,,conference,canonical_venue_type,resolved
curated:0f774e5d7c63020bdc50,Privacy-preserving and zero-shot detection strategies for multimodal AI-generated content,journal,venue:neurocomputing:main,Neurocomputing,journal,,,10.1016/j.neucom.2026.133229,,journal,canonical_venue_type,resolved
curated:67a6b7828afaed59e1c0,Transformer Based on Multi-Domain Feature Fusion for AI-Generated Image Detection,journal,venue:electronics:main,Electronics,journal,,,10.3390/electronics15030716,,journal,canonical_venue_type,resolved
curated:772bb625ccc3e45e8481,Prompt-Engineered Detection of AI-Generated Images,book,venue:frontiers-aiai:main,Frontiers in Artificial Intelligence and Applications,book,,,10.3233/faia250538,,book,canonical_venue_type,resolved
curated:f105a82454d369e100b9,General and Domain-Specific Zero-shot Detection of Generated Images via Conditional Likelihood,conference,venue:wacv:main,IEEE/CVF Winter Conference on Applications of Computer Vision,conference,2512.05590,,10.1109/wacv61042.2026.00754,2512.05590,conference,canonical_venue_type,resolved
curated:3fcd3bc4dd2c9d8c3b80,Layer Consistency Matters: Elegant Latent Transition Discrepancy for Generalizable Synthetic Image Detection,conference,venue:cvpr:main,IEEE/CVF Conference on Computer Vision and Pattern Recognition,conference,2603.10598,,https://doi.org/10.48550/arxiv.2603.10598,2603.10598; https://doi.org/10.48550/arxiv.2603.10598,conference,canonical_venue_type,resolved
curated:5fde2c559e029508e0c3,Human vs. AI: A Novel Benchmark and a Comparative Study on the Detection\n of Generated Images and the Impact of Prompts,conference,venue:1stworkshop-on-genai-content-detection:main,1stWorkshop on GenAI Content Detection,conference,2412.09715,,10.48550/arxiv.2412.09715,2412.09715; 10.48550/arxiv.2412.09715,conference,canonical_venue_type,resolved
curated:cda6067db322246e8195,No Detector to Rule Them All,conference,,,conference,,,10.1145/3746265.3759659,,conference,canonical_venue_type,resolved
curated:d59bffe554500b241a3e,ImageAttributionBench: How Far Are We from Generalizable Attribution?,preprint,venue:arxiv:main,arXiv,preprint,2605.12967,,10.48550/arxiv.2605.12967,2605.12967; 10.48550/arxiv.2605.12967,preprint,existing_value,resolved
curated:d3e19d8cb61eb0e7d620,Attribution as Retrieval: Model-Agnostic AI-Generated Image Attribution,conference,venue:cvpr:main,IEEE/CVF Conference on Computer Vision and Pattern Recognition,conference,2603.10583,,10.48550/arxiv.2603.10583,2603.10583; 10.48550/arxiv.2603.10583,conference,canonical_venue_type,resolved
curated:5f105b70c28ce5beeb0b,Autonomous and Self-Adapting System for Synthetic Media Detection and Attribution,preprint,venue:arxiv:main,arXiv,preprint,2504.03615,,10.48550/arxiv.2504.03615,2504.03615; 10.48550/arxiv.2504.03615,preprint,existing_value,resolved
curated:1d944c47839b3890a623,Are handcrafted filters helpful for attributing AI-generated images?,conference,venue:acm-mm:main,ACM International Conference on Multimedia,conference,2407.14570,,10.1145/3664647.3680945,2407.14570,conference,canonical_venue_type,resolved
curated:56cb44d373ab183b7df9,On the Use of Mixup Augmentation for Synthetic Image Attribution in the Wild,conference,venue:wifs:main,IEEE International Workshop on Information Forensics and Security,conference,,,10.1109/wifs61860.2024.10810696,,conference,canonical_venue_type,resolved
curated:2117831292318de4cf18,Explainable Artifacts for Synthetic Western Blot Source Attribution,conference,venue:wifs:main,IEEE International Workshop on Information Forensics and Security,conference,2409.18881,,10.1109/wifs61860.2024.10810680,2409.18881,conference,canonical_venue_type,resolved
curated:78e64e4829587c072681,Attribution of AI-Generated Images Across Multiple Models: a Benchmark,conference,venue:image-analysis-and-processing-iciap-2025-workshops-23rd-international-conference:workshops,Image Analysis and Processing - ICIAP 2025 Workshops: 23rd International Conference,conference,,,10.1007/978-3-032-11381-8_32,,conference,canonical_venue_type,resolved
curated:8c85a92b00aa321fbe8c,Source Attribution for Images Generated by Diffusion-Based Text-to-Image Models: Exploring the Forensics Approach,conference,venue:apsipa-asc:main,Asia Pacific Signal and Information Processing Association Annual Summit and Conference,conference,,,10.1109/apsipaasc63619.2025.10849098,,conference,canonical_venue_type,resolved
curated:2c278dcd079ea27d0f73,MAID: Model Attribution via Inverse Diffusion,conference,venue:icassp:main,"IEEE International Conference on Acoustics, Speech and Signal Processing",conference,,,10.1109/icassp49660.2025.10888869,,conference,canonical_venue_type,resolved
curated:1ec62a78a4e0372bc0d9,ReTD: Reconstruction-Based Traceability Detection for Generated Images,conference,venue:icassp:main,"IEEE International Conference on Acoustics, Speech and Signal Processing",conference,,,https://doi.org/10.1109/icassp49660.2025.10890492,,conference,canonical_venue_type,resolved
curated:1c590f67c931d712bb78,An Efficient Frequency Domain Based Attribution and Detection Network,journal,venue:ieee-access:main,IEEE Access,journal,,,10.1109/access.2025.3534829,,journal,canonical_venue_type,resolved
curated:3e94d8fc69e41aade2cc,D <sup>3</sup> QE: Learning Discrete Distribution Discrepancy-Aware Quantization Error for Autoregressive-Generated Image Detection,conference,venue:iccv:main,IEEE/CVF International Conference on Computer Vision,conference,2510.05891,,10.1109/iccv51701.2025.01512,2510.05891,conference,canonical_venue_type,resolved
curated:16646ad4b7b77cde2ad8,One for All: Synthesis-Free Fingerprint Learning for Attribution of In-the-Wild Synthetic Images,conference,venue:aaai:main,AAAI Conference on Artificial Intelligence,conference,,,10.1609/aaai.v40i42.40851,,conference,canonical_venue_type,resolved
curated:246f07c81b9f91e527eb,IncreFA: Breaking the Static Wall of Generative Model Attribution,conference,venue:cvpr:main,IEEE/CVF Conference on Computer Vision and Pattern Recognition,conference,2604.17736,,,2604.17736,conference,canonical_venue_type,resolved
curated:170f07b3d7020611e566,Attributing Fake Images to GANs: Learning and Analyzing GAN Fingerprints,conference,venue:iccv:main,IEEE/CVF International Conference on Computer Vision,conference,1811.08180v3,,10.1109/iccv.2019.00765,1811.08180v3,conference,canonical_venue_type,resolved
curated:fb05dfbc95518f6fb1db,Source Generator Attribution via Inversion,conference,venue:cvpr:workshops,IEEE/CVF Conference on Computer Vision and Pattern Recognition,conference,1905.02259,,,1905.02259,conference,canonical_venue_type,resolved
curated:dcf7aae2c8590b07aff3,Leveraging Frequency Analysis for Deep Fake Image Recognition,conference,venue:icml:main,International Conference on Machine Learning,conference,2003.08685,,10.48550/arxiv.2003.08685,2003.08685; 10.48550/arxiv.2003.08685,conference,canonical_venue_type,resolved
curated:baa48a1bff3effa2e915,Universal Detection and Source Attribution of Diffusion Model Generated Images with High Generalization and Robustness,conference,venue:premi:main,International Conference on Pattern Recognition and Machine Intelligence,conference,,,10.1007/978-3-031-45170-6_45,,conference,canonical_venue_type,resolved
curated:625ba11125534aedd39d,RepMix: Representation Mixing for Robust Attribution of Synthesized Images,conference,venue:eccv:main,European Conference on Computer Vision,conference,2207.02063v2,,10.1007/978-3-031-19781-9_9,2207.02063v2,conference,canonical_venue_type,resolved
curated:1ef55e4fc03eb4880beb,Towards Universal Fake Image Detectors that Generalize Across Generative Models,conference,venue:cvpr:main,IEEE/CVF Conference on Computer Vision and Pattern Recognition,conference,2302.10174,,10.1109/cvpr52729.2023.02345,2302.10174,conference,canonical_venue_type,resolved
curated:2465f28a94bb45bec499,Aigi-Holmes: Towards Explainable and Generalizable AI-Generated Image Detection via Multimodal Large Language Models,conference,venue:iccv:main,IEEE/CVF International Conference on Computer Vision,conference,2507.02664,,https://doi.org/10.1109/iccv51701.2025.01742,2507.02664,conference,canonical_venue_type,resolved
curated:f40ecaaf5d0212852b79,Dual Data Alignment Makes AI-Generated Image Detector Easier Generalizable,conference,venue:neurips:main,Advances in Neural Information Processing Systems,conference,2505.14359,,10.48550/arxiv.2505.14359,2505.14359; 10.48550/arxiv.2505.14359,conference,canonical_venue_type,resolved
curated:98bed92571e23d5df139,AI-Generated Image Detection: Challenges and Recent Advances,book,,,book,,,10.1007/978-3-032-11782-3_6,,book,canonical_venue_type,resolved
curated:27b6ffdee837c7f997f5,AEDR: Training-Free AI-Generated Image Attribution via Autoencoder Double-Reconstruction,conference,venue:aaai:main,AAAI Conference on Artificial Intelligence,conference,2507.18988,,10.1609/aaai.v40i12.37930,2507.18988,conference,canonical_venue_type,resolved
curated:f6ad15b01df18aadfe1a,PRADA: Probability-Ratio-Based Attribution and Detection of Autoregressive-Generated Images,conference,venue:cvpr:findings,IEEE/CVF Conference on Computer Vision and Pattern Recognition,conference,2511.20068,,10.48550/arxiv.2511.20068,2511.20068; 10.48550/arxiv.2511.20068,conference,canonical_venue_type,resolved
curated:d4a9b3a3cef9bfbd0e32,Detecting AI-Generated Content on Social Media with Multi-modal Language Models,conference,venue:acl:industry,Annual Meeting of the Association for Computational Linguistics,conference,2606.11200,,10.18653/v1/2026.acl-industry.15,2606.11200,conference,canonical_venue_type,resolved
curated:ba0669dd843c9defd483,Comparative Study of Adversarial Training and Randomized Smoothing for Robust AI-Generated Image Attribution,conference,venue:ih-mmsec:main,ACM Workshop on Information Hiding and Multimedia Security,conference,,,10.1145/3785353.3815073,,conference,canonical_venue_type,resolved
curated:bb388762c1cb4bd3bf4a,Quality-Aware Calibration for AI-Generated Image Detection in the Wild,conference,venue:cvpr:workshops,IEEE/CVF Conference on Computer Vision and Pattern Recognition,conference,2604.15027,,10.48550/arxiv.2604.15027,2604.15027; 10.48550/arxiv.2604.15027,conference,canonical_venue_type,resolved
curated:589870527983af575480,The Deployment Gap in AI Media Detection: Platform-Aware and Visually Constrained Adversarial Evaluation,conference,venue:cvpr:workshops,IEEE/CVF Conference on Computer Vision and Pattern Recognition,conference,2604.09706,,,2604.09706,conference,canonical_venue_type,resolved
curated:f7906cb987975444e893,Boosting Robust AIGI Detection with LoRA-based Pairwise Training,conference,venue:cvpr:workshops,IEEE/CVF Conference on Computer Vision and Pattern Recognition,conference,2604.12307,,10.48550/arxiv.2604.12307,2604.12307; 10.48550/arxiv.2604.12307,conference,canonical_venue_type,resolved
curated:efceafb2be2246aa120b,Weakly‐Aligned Region‐Language Transformer for Real‐Time Artistic Content Detection in SAGIN,journal,venue:transactions-on-emerging-telecommunications-technologies:main,Transactions on Emerging Telecommunications Technologies,journal,,,10.1002/ett.70335,,journal,canonical_venue_type,resolved
curated:8ffdbd0ba264927d1c3a,Robust Fake Image Detection via Incremental Training of Siamese Neural Networks,conference,venue:international-symposium-on-cyberspace-safety-and-security:main,International Symposium on Cyberspace Safety and Security,conference,,,10.1007/978-981-95-3551-4_23,,conference,canonical_venue_type,resolved
curated:08aa2b51bb36247bdda3,RealNet: Efficient and Unsupervised Detection of AI-Generated Images via Real-Only Representation Learning,conference,venue:aaai:main,AAAI Conference on Artificial Intelligence,conference,,,10.1609/aaai.v40i45.41234,,conference,canonical_venue_type,resolved
curated:45cb3642fd138c136139,Decision-Driven Orthogonal Learning with Complementary Feature Mining for Robust Synthetic Image Detection,conference,venue:aaai:main,AAAI Conference on Artificial Intelligence,conference,,,10.1609/aaai.v40i8.37553,,conference,canonical_venue_type,resolved
curated:6a5bef99dcdc1ad4ba28,DySy-Det: A Synergistic Framework with Dynamic Reconstruction-Path Consistency for AI-Generated Image Detection,conference,venue:aaai:main,AAAI Conference on Artificial Intelligence,conference,,,10.1609/aaai.v40i42.40868,,conference,canonical_venue_type,resolved
curated:dbbb2e6ee311ee6198c3,FIND: A Simple Yet Effective Baseline for Diffusion-Generated Image Detection,conference,venue:aaai:main,AAAI Conference on Artificial Intelligence,conference,2603.14220,,10.1609/aaai.v40i8.37547,2603.14220,conference,canonical_venue_type,resolved
curated:89f7a674fe872806006b,ODDN: Addressing Unpaired Data Challenges in Open-World Deepfake Detection on Online Social Networks,conference,venue:aaai:main,AAAI Conference on Artificial Intelligence,conference,2410.18687,,10.1609/aaai.v39i1.32063,2410.18687,conference,canonical_venue_type,resolved
curated:8cb907bc9003c61325f8,E3: Ensemble of Expert Embedders for Adapting Synthetic Image Detectors to New Generators Using Limited Data,conference,venue:cvpr:workshops,IEEE/CVF Conference on Computer Vision and Pattern Recognition,conference,2404.08814,,10.1109/cvprw63382.2024.00437,2404.08814,conference,canonical_venue_type,resolved
curated:aa6672aa3ab0a0709e32,Diffusion Epistemic Uncertainty with Asymmetric Learning for Diffusion-Generated Image Detection,conference,venue:iccv:main,IEEE/CVF International Conference on Computer Vision,conference,2601.14625,,https://doi.org/10.1109/iccv51701.2025.01588,2601.14625,conference,canonical_venue_type,resolved
curated:0526c3529dda4446a0d7,Background-Noise-Driven Detection of Diffusion-Generated Images,journal,venue:ieee-signal-processing-letters:main,IEEE Signal Processing Letters,journal,,,10.1109/lsp.2026.3678476,,journal,canonical_venue_type,resolved
curated:885c512e1e964d2ec61f,CLIP-ADA: CLIP-Guided Artifact-Invariant Generalizable Synthetic Image Detection,journal,venue:ieee-transactions-on-information-forensics-and-security:main,IEEE Transactions on Information Forensics and Security,journal,,,10.1109/tifs.2026.3676657,,journal,canonical_venue_type,resolved
curated:c495f498c11dab35ecbc,FALCON-Net: Feature Aggregation of Local Patterns for AI-Generated Image Detection,journal,venue:ieee-transactions-on-information-forensics-and-security:main,IEEE Transactions on Information Forensics and Security,journal,,,10.1109/tifs.2026.3683286,,journal,canonical_venue_type,resolved
curated:8705551f18f94daa53d4,ERASE: Bypassing Collaborative Detection of AI Counterfeit via Comprehensive Artifacts Elimination,journal,venue:ieee-transactions-on-dependable-and-secure-computing:main,IEEE Transactions on Dependable and Secure Computing,journal,,,10.1109/tdsc.2026.3677794,,journal,canonical_venue_type,resolved
curated:4c6404676fc92cb9e8eb,Black-Box Adaptation for Deepfake Detection via Local Relation Guided AUC Optimization,journal,venue:ieee-internet-of-things-journal:main,IEEE Internet of Things Journal,journal,,,10.1109/jiot.2026.3686234,,journal,canonical_venue_type,resolved
curated:837a8a0ceb9d8f86d02a,ArtGate: Injecting Fake Artifact Features into CLIP for AI-Generated Image Detection,journal,venue:ieee-transactions-on-multimedia:main,IEEE Transactions on Multimedia,journal,,,10.1109/tmm.2026.3694528,,journal,canonical_venue_type,resolved
curated:167b4dd09fa505470bce,NSFF: Noise and semantic features fusion for AI-generated image detection,journal,venue:neural-networks:main,Neural Networks,journal,,,10.1016/j.neunet.2026.109130,,journal,canonical_venue_type,resolved
curated:316fc03d348baa637bb4,Geometric-semantic dual-adaptation for generalizable AI-generated image detection,journal,venue:neurocomputing:main,Neurocomputing,journal,,,10.1016/j.neucom.2026.134418,,journal,canonical_venue_type,resolved
curated:1bf124f8f57f00dddd01,Automated In-the-Wild Data Collection for Continual AI Generated Image Detection,conference,venue:mad:main,ACM International Workshop on Multimedia AI against Disinformation,conference,2605.02567,,10.1145/3810988.3812662,2605.02567,conference,canonical_venue_type,resolved
curated:0d918782407e05ade5bd,Unified Detection of Synthetic and Manipulated Images via Dual-Stream Artifact Fusion,conference,venue:mad:main,ACM International Workshop on Multimedia AI against Disinformation,conference,,,10.1145/3810988.3812660,,conference,canonical_venue_type,resolved
curated:46773aac10dade5fbd50,Explainability-Driven Analysis of AI-Generated Image Detectors: Insights into Generalization and Failure Modes,conference,venue:international-conference-on-advanced-information-networking-and-applications:main,International Conference on Advanced Information Networking and Applications,conference,,,10.1007/978-3-032-23347-9_28,,conference,canonical_venue_type,resolved
curated:0895eb11a7610f3973da,Cover-Source Mismatch in Deepfake Detection: A Systematic Study,conference,venue:ih-mmsec:main,ACM Workshop on Information Hiding and Multimedia Security,conference,,,10.1145/3785353.3815097,,conference,canonical_venue_type,resolved
curated:6f55b599c4d1588c62f7,DTBF: Combining Local Statistical Artifacts and Concept Alignment for Synthetic Image Detection,journal,venue:ieee-signal-processing-letters:main,IEEE Signal Processing Letters,journal,,,10.1109/lsp.2026.3710437,,journal,canonical_venue_type,resolved
curated:b08c8cdd637cf7f65d18,AI-Generated Image Detection Based on the Most Suspicious Patch,conference,venue:pacific-asia-conference-on-knowledge-discovery-and-data-mining:main,Pacific-Asia Conference on Knowledge Discovery and Data Mining,conference,,,10.1007/978-981-92-1947-6_34,,conference,canonical_venue_type,resolved
curated:9ae6e4e3816daa7e1650,ForgeryMoE: Mixture of Experts for Image Forgery Detection under JPEG Compression,conference,venue:icmr:main,ACM International Conference on Multimedia Retrieval,conference,,,10.1145/3805622.3810810,,conference,canonical_venue_type,resolved
curated:559269bd486bc1da5115,Comparative Analysis of Custom CNN Architecture and MobileNet for Deepfake Image Detection,conference,venue:international-conference-on-advanced-intelligent-systems-and-informatics:main,International Conference on Advanced Intelligent Systems and Informatics,conference,,,10.1007/978-3-031-81308-5_6,,conference,canonical_venue_type,resolved
curated:988373de555945528142,"Comparative Analysis of Deepfake Image Detection Method Using VGG16, VGG19 and ResNet50",journal,venue:journal-of-advanced-research-in-applied-sciences-and-engineering-technology:main,Journal of Advanced Research in Applied Sciences and Engineering Technology,journal,,,10.37934/araset.47.1.1628,,journal,canonical_venue_type,resolved
curated:9a95c96ee1d20e56c56d,Spatial flatness-curvature mask driven generalized detection of synthetic images,journal,venue:pattern-recognition-letters:main,Pattern Recognition Letters,journal,,,10.1016/j.patrec.2026.04.022,,journal,canonical_venue_type,resolved
curated:161b6d5ca391d238f7e9,Detecting Origin Attribution for Text-to-Image Diffusion Models,conference,venue:wacv:main,IEEE/CVF Winter Conference on Applications of Computer Vision,conference,2403.19653,,10.1109/wacv61041.2025.00850,2403.19653,conference,canonical_venue_type,resolved
curated:c87f234ea256991903e1,Dissect and Prune: Enhancing Robustness in AI-Generated Image Detection,conference,venue:icml:main,International Conference on Machine Learning,conference,2606.10309,,10.48550/arxiv.2606.10309,2606.10309; 10.48550/arxiv.2606.10309,conference,canonical_venue_type,resolved
curated:078ade9edabe304013a7,ForensicConcept: Transferable Forensic Concepts for AIGI Detection,conference,venue:icml:main,International Conference on Machine Learning,conference,2606.07034,,10.48550/arxiv.2606.07034,2606.07034; 10.48550/arxiv.2606.07034,conference,canonical_venue_type,resolved
curated:7ed4e932c4dac57d0136,DGS-Net: Distillation-Guided Gradient Surgery for CLIP Fine-Tuning in AI-Generated Image Detection,conference,venue:icml:main,International Conference on Machine Learning,conference,2511.13108,,10.48550/arxiv.2511.13108,2511.13108; 10.48550/arxiv.2511.13108,conference,canonical_venue_type,resolved
curated:d6fe2666a64b0c70ff6b,GenShield: Unified Detection and Artifact Correction for AI-Generated Images,conference,venue:icml:main,International Conference on Machine Learning,conference,2605.16122,,10.48550/arxiv.2605.16122,2605.16122; 10.48550/arxiv.2605.16122,conference,canonical_venue_type,resolved
curated:a570863c3a6ac227b56c,PGC: Peak-Guided Calibration for Generalizable AI-Generated Image Detection,conference,venue:icml:main,International Conference on Machine Learning,conference,2605.21207,,10.48550/arxiv.2605.21207,2605.21207; 10.48550/arxiv.2605.21207,conference,canonical_venue_type,resolved
curated:f380c0d31081fc59f1eb,FiSeR: Fine-Grained Source Representations for Cross-Domain AI Image Detection,conference,venue:icml:main,International Conference on Machine Learning,conference,2606.00606,,10.48550/arxiv.2606.00606,2606.00606; 10.48550/arxiv.2606.00606,conference,canonical_venue_type,resolved
curated:75cbd31c9946c7eb7977,"""That's another doom I haven't thought about"": A User Study on AI Labels as a Safeguard Against Image-Based Misinformation",conference,venue:chi:main,CHI Conference on Human Factors in Computing Systems,conference,2505.22845,,https://doi.org/10.1145/3772318.3791006,2505.22845,conference,canonical_venue_type,resolved
curated:2938e895376a45baceec,SAGNet: Decoupling Semantic-Agnostic Artifacts From Limited Training Data for Robust Generalization in Deepfake Detection,journal,venue:ieee-transactions-on-information-forensics-and-security:main,IEEE Transactions on Information Forensics and Security,journal,,,https://doi.org/10.1109/tifs.2025.3581726,,journal,canonical_venue_type,resolved
curated:517a2cc4ca3690f3fc44,A Performance Analysis to Detect Synthetic Images with Deep Learning-Based Image Classification,conference,venue:international-conference-on-cyber-intelligence-and-information-retrieval:main,International Conference on Cyber Intelligence and Information Retrieval,conference,,,10.1007/978-981-97-3594-5_3,,conference,canonical_venue_type,resolved
curated:e9594b5466110ca009aa,Toward Generalizable AI-Generated Image Detection with a New Realistic Dataset: Performance Evaluation and Improvement,journal,venue:ieee-multimedia:main,IEEE Multimedia,journal,,,10.1109/mmul.2026.3710370,,journal,canonical_venue_type,resolved
curated:8ebf01a335c20fdc902d,Fake Detection Based on Balanced Attention and Information Guidance for Collaborative Image Processing Tasks,conference,venue:international-conference-on-computer-supported-cooperative-work-in-design:main,International Conference on Computer Supported Cooperative Work in Design,conference,,,10.1109/cscwd68734.2026.11582378,,conference,canonical_venue_type,resolved
curated:b31395a72552920109fa,The PRISM benchmark: PhotoRealistic Image Synthesis and Manipulation to detect generated images,journal,venue:computer-vision-and-image-understanding:main,Computer Vision and Image Understanding,journal,,,10.1016/j.cviu.2026.104826,,journal,canonical_venue_type,resolved
curated:ab6b43e21ae47dadafe0,Dual Frequency Branch Framework With Reconstructed Sliding Windows Attention for AI-Generated Image Detection,journal,venue:ieee-transactions-on-information-forensics-and-security:main,IEEE Transactions on Information Forensics and Security,journal,2501.15253v3,,10.1109/tifs.2026.3664000,2501.15253v3,journal,canonical_venue_type,resolved
curated:038a578e520799c8671e,Toward Generalizable Forgery Detection and Reasoning,journal,venue:ieee-transactions-on-image-processing:main,IEEE Transactions on Image Processing,journal,2503.21210,,https://doi.org/10.1109/tip.2026.3673967,2503.21210,journal,canonical_venue_type,resolved
curated:75b4ab2d95e995615ae2,Quality-Guided Forgery Adapter for Generalizable AIGC Image Detection,journal,venue:ieee-transactions-on-information-forensics-and-security:main,IEEE Transactions on Information Forensics and Security,journal,,,10.1109/tifs.2026.3698571,,journal,canonical_venue_type,resolved
curated:d0eec7c4fce8929c295a,Diffusion-Driven Forgery Detection: Distilling Latent Features for Generalized Image Forensics,journal,venue:ieee-signal-processing-letters:main,IEEE Signal Processing Letters,journal,,,10.1109/lsp.2026.3687792,,journal,canonical_venue_type,resolved
curated:d8df0e4505f5d38ebb28,Lightweight Image Forgery Detection via Tucker Decomposition for Efficient Edge Deployment,journal,venue:ieee-tai:main,IEEE Transactions on Artificial Intelligence,journal,,,10.1109/tai.2026.3703792,,journal,canonical_venue_type,resolved
curated:70f6d63927384365006f,High-Resolution Contrastive Framework for Generalizable AI-Generated Image Detection,conference,venue:icassp:main,"IEEE International Conference on Acoustics, Speech and Signal Processing",conference,,,10.1109/icassp55912.2026.11461655,,conference,canonical_venue_type,resolved
curated:03f893b9484ea2d09c22,Universal Denoising Patterns for Diffusion Image Detection,conference,venue:icassp:main,"IEEE International Conference on Acoustics, Speech and Signal Processing",conference,,,10.1109/icassp55912.2026.11462468,,conference,canonical_venue_type,resolved
curated:567ec9e4515f2e4a20ca,RADI: A Retrieval-Augmented Dynamic In-Context Learning Framework for AIGC Image Detection,conference,venue:icassp:main,"IEEE International Conference on Acoustics, Speech and Signal Processing",conference,,,10.1109/icassp55912.2026.11462412,,conference,canonical_venue_type,resolved
curated:5ceb080eeeacfdf0cb8f,M <sup>2</sup> EA: Multi-VAE Manifold Envelope Alignment for Challenging AI-Generated Image Detection,conference,venue:icassp:main,"IEEE International Conference on Acoustics, Speech and Signal Processing",conference,,,10.1109/icassp55912.2026.11463215,,conference,canonical_venue_type,resolved
curated:e2c0dacc159564e9e575,Gamma: Generalizable Ai-Generated Image Detection Via Multi-Task and Manipulation-Augmented Supervision,conference,venue:icassp:main,"IEEE International Conference on Acoustics, Speech and Signal Processing",conference,2509.10250,,10.1109/icassp55912.2026.11460946,2509.10250,conference,canonical_venue_type,resolved
curated:dc9126cc128e1b228717,Transfer Learning of Real Image Features with Soft Contrastive Loss for Fake Image Detection,conference,venue:aaai:main,AAAI Conference on Artificial Intelligence,conference,2403.16513,,https://doi.org/10.48550/arxiv.2403.16513,2403.16513; https://doi.org/10.48550/arxiv.2403.16513,conference,canonical_venue_type,resolved
curated:613af6288792f6ece505,The Visual Counter Turing Test (VCT2): A Benchmark for Evaluating AI-Generated Image Detection and the Visual AI Index (VAI),conference,venue:ijcnlp-aacl:main,International Joint Conference on Natural Language Processing and the Conference of the Asia-Pacific Chapter of the Association for Computational Linguistics,conference,2411.16754,,10.18653/v1/2025.ijcnlp-long.100,2411.16754,conference,canonical_venue_type,resolved
curated:828a87e68db4c3541e80,MLEP: Multi-granularity Local Entropy Patterns for Generalized AI-generated Image Detection,conference,venue:neurips:main,Advances in Neural Information Processing Systems,conference,2504.13726,,https://doi.org/10.48550/arxiv.2504.13726,2504.13726; https://doi.org/10.48550/arxiv.2504.13726,conference,canonical_venue_type,resolved
curated:4c10e64c5b8f09c7333e,Manifold Induced Biases for Zero-shot and Few-shot Detection of Generated Images,conference,venue:iclr:main,International Conference on Learning Representations,conference,2504.15470,,10.48550/arxiv.2504.15470,2504.15470; 10.48550/arxiv.2504.15470,conference,canonical_venue_type,resolved
curated:9b7e6c57a9f75e06fddf,CLIP-SegFusion: An Attention-Guided Feature Fusion Framework for Multi-Level Detection on AI-Generated Artworks,conference,venue:icmr:main,ACM International Conference on Multimedia Retrieval,conference,,,10.1145/3805622.3810639,,conference,canonical_venue_type,resolved
curated:084e01a1a2191cb4c86a,LOKI: A Comprehensive Synthetic Data Detection Benchmark using Large Multimodal Models,conference,venue:iclr:main,International Conference on Learning Representations,conference,2410.09732,,10.48550/arxiv.2410.09732,2410.09732; 10.48550/arxiv.2410.09732,conference,canonical_venue_type,resolved
curated:4a7bded8c311ed9c0540,Forensic-MoE: Exploring Comprehensive Synthetic Image Detection Traces With Mixture of Experts,conference,venue:iccv:main,IEEE/CVF International Conference on Computer Vision,conference,,,10.1109/iccv51701.2025.01651,,conference,canonical_venue_type,resolved
curated:0fb6a9c0db904eae726d,Generalizable Synthetic Image Detection via Language-guided Contrastive Learning,journal,venue:ieee-tai:main,IEEE Transactions on Artificial Intelligence,journal,2305.13800,,10.1109/tai.2025.3641104,2305.13800,journal,canonical_venue_type,resolved
curated:31c548f5aa68f9075659,CausalCLIP: Causally-Informed Feature Disentanglement and Filtering for Generalizable Detection of Generated Images,conference,venue:aaai:main,AAAI Conference on Artificial Intelligence,conference,2512.13285,,10.1609/aaai.v40i9.37642,2512.13285,conference,canonical_venue_type,resolved
curated:7b767faa09af80414296,Leveraging Failed Samples: A Few-Shot and Training-Free Framework for Generalized Deepfake Detection,conference,venue:aaai:main,AAAI Conference on Artificial Intelligence,conference,2508.09475,,10.1609/aaai.v40i33.39998,2508.09475,conference,canonical_venue_type,resolved
curated:cdbafbabadfbb462102a,Aggregating Diverse Cue Experts for AI-Generated Image Detection,conference,venue:aaai:main,AAAI Conference on Artificial Intelligence,conference,2601.08790,,10.1609/aaai.v40i11.37890,2601.08790,conference,canonical_venue_type,resolved
curated:64635535d7b7b6a12a32,Unveiling Perceptual Artifacts: A Fine-Grained Benchmark for Interpretable AI-Generated Image Detection,conference,venue:iclr:main,International Conference on Learning Representations,conference,2601.19430,,,2601.19430,conference,canonical_venue_type,resolved
curated:49cc18f090b2488dda2d,Beyond Binary Classification: A Semi-supervised Approach to Generalized AI-generated Image Detection,conference,venue:aaai:main,AAAI Conference on Artificial Intelligence,conference,2511.19499v1,,10.1609/aaai.v40i42.40886,2511.19499v1,conference,canonical_venue_type,resolved
curated:b2b738978609f5704f00,HSIC Bottleneck for Cross-Generator and Domain-Incremental Synthetic Image Detection,conference,venue:iclr:main,International Conference on Learning Representations,conference,,,,,conference,canonical_venue_type,resolved
curated:37949b937d2159b47e73,Spatial-Temporal Forgery Trace Based Forgery Image Identification,conference,venue:iccv:main,IEEE/CVF International Conference on Computer Vision,conference,,,10.1109/iccv51701.2025.01585,,conference,canonical_venue_type,resolved
curated:506d44d3feea2627dd42,No Pixel Left Behind: A Detail-Preserving Architecture for Robust High-Resolution AI-Generated Image Detection,conference,venue:iclr:main,International Conference on Learning Representations,conference,2508.17346,,,2508.17346,conference,canonical_venue_type,resolved
curated:6c2f591bf6fda3abecbb,Reasoning-Aware AIGC Detection via Alignment and Reinforcement,conference,venue:acl:findings,Annual Meeting of the Association for Computational Linguistics,conference,2604.19172,,10.18653/v1/2026.findings-acl.1043,2604.19172,conference,canonical_venue_type,resolved
curated:411724cd949b78c1af6a,FakeXplain: AI-Generated Image Detection via Human-Aligned Grounded Reasoning,conference,venue:iclr:main,International Conference on Learning Representations,conference,,,,,conference,canonical_venue_type,resolved
curated:3c8696103d9d5e608281,DRCT: Diffusion Reconstruction Contrastive Training towards Universal Detection of Diffusion Generated Images,conference,venue:icml:main,International Conference on Machine Learning,conference,,,,,conference,canonical_venue_type,resolved
curated:386ccd052b812587c286,"All Patches Matter, More Patches Better: Enhance AI-Generated Image Detection via Panoptic Patch Learning",conference,venue:iclr:main,International Conference on Learning Representations,conference,2504.01396,,,2504.01396,conference,canonical_venue_type,resolved
curated:7693a9c0107feaf90e10,Are High-Quality AI-Generated Images More Difficult for Models to Detect?,conference,venue:icml:main,International Conference on Machine Learning,conference,,,,,conference,canonical_venue_type,resolved
curated:95953a73a0e2e1f14ccb,PiD: Generalized AI-Generated Images Detection with Pixelwise Decomposition Residuals,conference,venue:icml:main,International Conference on Machine Learning,conference,,,,,conference,canonical_venue_type,resolved
curated:6976641cbfe602a7e617,Forensic Detection of Generated MRI Imagery Using Autoregressive Modeling and Frequency Analysis,conference,venue:wacv:workshops,IEEE/CVF Winter Conference on Applications of Computer Vision,conference,,,,,conference,canonical_venue_type,resolved
curated:3c22ad3ac0639bf3d2b5,Multiscale Spatial Frequency-Aware Transformer and Saturation Analysis for Universal Deepfake Detection,journal,venue:ieee-transactions-on-cybernetics:main,IEEE Transactions on Cybernetics,journal,,,10.1109/TCYB.2026.3690601,,journal,canonical_venue_type,resolved
curated:7287cadbc4b8408fd16b,Breaking Manifold Continuity: Vector Quantized Modeling for Real-Centric Deepfake Detection,conference,venue:icml:main,International Conference on Machine Learning,conference,,,,,conference,canonical_venue_type,resolved
curated:b45849aa3f89cc8b64ef,Position: We need to re-think the concept of “real” images.,conference,venue:icml:main,International Conference on Machine Learning,conference,,,,,conference,canonical_venue_type,resolved
curated:c84b04cb8e921be753db,Representation and Reference Selection in Training-Free Synthetic Image Attribution,preprint,,,preprint,2607.12052v1,,,2607.12052v1,preprint,existing_value,resolved
curated:beb92721c8ba0d0c4231,Scaling Up AI-Generated Image Detection with Generator-Aware Prototypes,conference,venue:cvpr:main,IEEE/CVF Conference on Computer Vision and Pattern Recognition,conference,2512.12982,,10.48550/arxiv.2512.12982,2512.12982; 10.48550/arxiv.2512.12982,conference,canonical_venue_type,resolved
