paper_id,title,existing_doi,matched_arxiv_id,arxiv_url,match_basis,confidence,action,note
W4402915983,Raising the Bar of AI-generated Image Detection with CLIP,10.1109/cvprw63382.2024.00439,2312.00195,https://arxiv.org/abs/2312.00195,exact_title_author,high,skipped,Already linked; author overlap 1.000 confirms the local preprint pair.
W4388820663,AI-Generated Image Detection using a Cross-Attention Enhanced Dual-Stream Network,10.1109/apsipaasc58517.2023.10317126,2306.07005,https://arxiv.org/abs/2306.07005,exact_title_author,high,skipped,Already linked; author overlap 1.000 confirms the local preprint pair.
W639708223,Faster R-CNN: Towards Real-Time Object Detection with Region Proposal Networks,10.1109/tpami.2016.2577031,1506.01497,https://arxiv.org/abs/1506.01497,exact_title_author,high,skipped,Already linked; author overlap 1.000 confirms the local preprint pair.
W4390873235,DIRE for Diffusion-Generated Image Detection,10.1109/iccv51070.2023.02051,2303.09295,https://arxiv.org/abs/2303.09295,exact_title_author,high,skipped,Already linked; author overlap 1.000 confirms the local preprint pair.
W2981036610,Combining Noise-to-Image and Image-to-Image GANs: Brain MR Image Augmentation for Tumor Detection,10.1109/access.2019.2947606,1905.13456,https://arxiv.org/abs/1905.13456,exact_title_author,high,skipped,Already linked; author overlap 1.000 confirms the local preprint pair.
W4392453284,A siamese-based verification system for open-set architecture attribution of synthetic images,10.1016/j.patrec.2024.03.002,2307.09822,https://arxiv.org/abs/2307.09822,exact_title_author,high,skipped,Already linked; author overlap 1.000 confirms the local preprint pair.
W3143336910,Artificial Fingerprinting for Generative Models: Rooting Deepfake Attribution in Training Data,10.1109/iccv48922.2021.01418,2007.08457,https://arxiv.org/abs/2007.08457,exact_title_author,high,skipped,Already linked; author overlap 1.000 confirms the local preprint pair.
W2343052201,Synthetic Data for Text Localisation in Natural Images,10.1109/cvpr.2016.254,1604.06646,https://arxiv.org/abs/1604.06646,exact_title_author,high,skipped,Already linked; author overlap 1.000 confirms the local preprint pair.
W4375869427,On The Detection of Synthetic Images Generated by Diffusion Models,10.1109/icassp49357.2023.10095167,2211.00680,https://arxiv.org/abs/2211.00680,exact_title_author,high,skipped,Already linked; author overlap 1.000 confirms the local preprint pair.
W4405845641,Exploring the Adversarial Robustness of CLIP for AI-generated Image Detection,10.1109/wifs61860.2024.10810719,2407.19553,https://arxiv.org/abs/2407.19553,exact_title_author,high,skipped,Already linked; author overlap 1.000 confirms the local preprint pair.
W4413145917,A Bias-Free Training Paradigm for More General AI-generated Image Detection,10.1109/cvpr52734.2025.01741,2412.17671,https://arxiv.org/abs/2412.17671,exact_title_author,high,skipped,Already linked; author overlap 1.000 confirms the local preprint pair.
W3038930935,Deepfakes and beyond: A Survey of face manipulation and fake detection,10.1016/j.inffus.2020.06.014,2001.00179,https://arxiv.org/abs/2001.00179,exact_title_author,high,skipped,Already linked; author overlap 1.000 confirms the local preprint pair.
W3106250896,SSD: Single Shot MultiBox Detector,,1512.02325,https://arxiv.org/abs/1512.02325,exact_title_author,medium,needs_review,Author overlap 0.714; automatic threshold is 0.800.
W2109255472,Spatial Pyramid Pooling in Deep Convolutional Networks for Visual Recognition,10.1109/tpami.2015.2389824,1406.4729,https://arxiv.org/abs/1406.4729,exact_title_author,high,skipped,Already linked; author overlap 1.000 confirms the local preprint pair.
W4313048095,Discovering Transferable Forensic Features for CNN-Generated Images Detection,10.1007/978-3-031-19784-0_39,2208.11342,https://arxiv.org/abs/2208.11342,exact_title_author,high,skipped,Already linked; author overlap 1.000 confirms the local preprint pair.
W3010699567,Incremental learning for the detection and classification of GAN-generated images,10.1109/wifs47025.2019.9035099,1910.01568,https://arxiv.org/abs/1910.01568,exact_title_author,low,needs_review,Author overlap 0.143; automatic threshold is 0.800.
W3179128750,"Detection, Attribution and Localization of GAN Generated Images",10.2352/issn.2470-1173.2021.4.mwsf-276,2007.10466,https://arxiv.org/abs/2007.10466,exact_title_author,high,skipped,Already linked; author overlap 1.000 confirms the local preprint pair.
W4402915976,Beyond Deepfake Images: Detecting AI-Generated Videos,10.1109/cvprw63382.2024.00443,2404.15955,https://arxiv.org/abs/2404.15955,exact_title_author,high,skipped,Already linked; author overlap 1.000 confirms the local preprint pair.
W2991318208,Attributing Fake Images to GANs: Learning and Analyzing GAN Fingerprints,10.1109/iccv.2019.00765,1811.08180,https://arxiv.org/abs/1811.08180,exact_title_author,high,skipped,Already linked; author overlap 1.000 confirms the local preprint pair.
W4287716543,Artificial Fingerprinting for Generative Models: Rooting Deepfake Attribution in Training Data,10.60882/cispa.24613728,2007.08457,https://arxiv.org/abs/2007.08457,exact_title_author,high,skipped,Already linked; author overlap 1.000 confirms the local preprint pair.
W4402352361,X-Transfer: A Transfer Learning-Based Framework for GAN-Generated Fake Image Detection,10.1109/ijcnn60899.2024.10650566,2310.04639,https://arxiv.org/abs/2310.04639,exact_title_author,medium,needs_review,Author overlap 0.778; automatic threshold is 0.800.
W4402264364,An Analysis of Recent Advances in Deepfake Image Detection in an Evolving Threat Landscape,10.1109/sp54263.2024.00194,2404.16212,https://arxiv.org/abs/2404.16212,exact_title_author,high,skipped,Already linked; author overlap 1.000 confirms the local preprint pair.
W4226453081,Deep Learning for Deepfakes Creation and Detection: A Survey,10.2139/ssrn.4030341,1909.11573,https://arxiv.org/abs/1909.11573,exact_title_author,high,filled,Filled by local enrichment; author overlap 1.000 confirms the unique preprint pair.
W7133207051,GenImage: A Million-Scale Benchmark for Detecting AI-Generated Image,10.52202/075280-3398,2306.08571,https://arxiv.org/abs/2306.08571,exact_title_author,high,skipped,Already linked; author overlap 1.000 confirms the local preprint pair.
W4394891207,Detecting AI-Generated Images via CLIP,10.21203/rs.3.rs-4259468/v1,2404.08788,https://arxiv.org/abs/2404.08788,exact_title_author,high,skipped,Already linked; author overlap 1.000 confirms the local preprint pair.
W4380319827,Regulating ChatGPT and other Large Generative AI Models,10.1145/3593013.3594067,2302.02337,https://arxiv.org/abs/2302.02337,exact_title_author,high,filled,Filled by local enrichment; author overlap 1.000 confirms the unique preprint pair.
W3099878876,Array programming with NumPy,,2006.10256,https://arxiv.org/abs/2006.10256,exact_title_author,low,needs_review,Author overlap 0.000; automatic threshold is 0.800.
W2295936755,Image inpainting,10.1145/344779.344972,2201.00177v1,https://arxiv.org/abs/2201.00177v1,normalized_title_author,low,needs_review,Plausible title match without sufficient author support; arXiv year 2022 is diagnostic only.
W2468368736,Monocular 3D Object Detection for Autonomous Driving,10.1109/cvpr.2016.236,2102.00690v1,https://arxiv.org/abs/2102.00690v1,normalized_title_author,low,needs_review,Plausible title match without sufficient author support; arXiv year 2021 is diagnostic only.
W4372336638,Denoising diffusion probabilistic models for 3D medical image generation,10.1038/s41598-023-34341-2,2211.03364v7,https://arxiv.org/abs/2211.03364v7,normalized_title_author,medium,needs_review,Plausible title match without sufficient author support; arXiv year 2022 is diagnostic only.
