batch,title,year,openalex_url,doi,best_match_title,best_match_year,similarity,publication_venue,publication_type,primary_url,preliminary_task,preliminary_subtask,import_status,notes
top50,Adaptive Forensic Feature Refinement via Intrinsic Importance Perception,2026,https://openalex.org/W7155245437,,Adaptive Forensic Feature Refinement via Intrinsic Importance Perception,2026,1.000,ArXiv.org,article,,,,ready,Broad scope import candidate; institution repair can happen later.
top50,Adversarial Diffusion Model: Generating High-Quality and Undetectable Images From Scratch,2026,https://openalex.org/W7125828141,https://doi.org/10.1109/tifs.2026.3657841,Adversarial Diffusion Model: Generating High-Quality and Undetectable Images From Scratch,2026,1.000,IEEE Transactions on Information Forensics and Security,article,,,,ready,Broad scope import candidate; institution repair can happen later.
top50,CTForensics: A Comprehensive Dataset and Method for AI-Generated CT Image Detection,2026,https://openalex.org/W7133363592,,CTForensics: A Comprehensive Dataset and Method for AI-Generated CT Image Detection,2026,1.000,ArXiv.org,article,,,,ready,Broad scope import candidate; institution repair can happen later.
top50,DCNet: Learning Similarity and Spatial Complementary Features for Generalized AI-Generated Image Detection,2026,https://openalex.org/W7125581744,https://doi.org/10.1109/tcsvt.2026.3656696,DCNet: Learning Similarity and Spatial Complementary Features for Generalized AI-Generated Image Detection,2026,1.000,IEEE Transactions on Circuits and Systems for Video Technology,article,,,,ready,Broad scope import candidate; institution repair can happen later.
top50,E2GenF: Universal AIGC image detection based on edge enhanced generalizable features,2026,https://openalex.org/W4417166521,https://doi.org/10.1016/j.patrec.2025.12.001,E2GenF: Universal AIGC image detection based on edge enhanced generalizable features,2025,1.000,Pattern Recognition Letters,article,,,,ready,Broad scope import candidate; institution repair can happen later.
top50,FakeReasoning: Towards Generalizable Forgery Detection and Reasoning,2026,https://openalex.org/W7140634248,https://doi.org/10.1109/tip.2026.3673967,Toward Generalizable Forgery Detection and Reasoning,2026,0.874,IEEE Transactions on Image Processing,article,,,,ready,Broad scope import candidate; institution repair can happen later.
top50,Forensic Invariant Learning for Synthetic Image Detection: Bridging Benford’s Law and Topological Analysis with Machine Learning Ensembles,2026,https://openalex.org/W7164298589,https://doi.org/10.1109/qpain69676.2026.11546484,Forensic Invariant Learning for Synthetic Image Detection: Bridging Benford's Law and Topological Analysis with Machine Learning Ensembles,2026,1.000,,article,,,,ready,Broad scope import candidate; institution repair can happen later.
top50,Harnessing attention for cropping and fusion in CLIP-based AIGC detection,2026,https://openalex.org/W4417526972,https://doi.org/10.1016/j.neucom.2025.132482,Harnessing attention for cropping and fusion in CLIP-based AIGC detection,2025,1.000,Neurocomputing,article,,,,ready,Broad scope import candidate; institution repair can happen later.
final_uncovered_forced,"Interpol review of detection of AI-generated image and video deepfakes, 2022-2025",2026,https://openalex.org/W7164742316,https://doi.org/10.1016/j.fsisyn.2026.100704,"Interpol review of detection of AI-generated image and video deepfakes, 2022-2025",2026,1.030,Forensic Science International Synergy,article,https://doi.org/10.1016/j.fsisyn.2026.100704,detection,ai_generated_image_detection,ready,Strong OpenAlex title match; ready for broad paper-level import. Marker depends on affiliation/coordinates.
top50,IoT-Oriented Security for Small Sensor Systems Using DnCNN Denoising and Multimodal Feature Fusion for Image Forgery Detection,2026,https://openalex.org/W7128586659,https://doi.org/10.3390/s26041172,IoT-Oriented Security for Small Sensor Systems Using DnCNN Denoising and Multimodal Feature Fusion for Image Forgery Detection,2026,1.000,Sensors,article,,,,ready,Broad scope import candidate; institution repair can happen later.
top50,Layer Consistency Matters: Elegant Latent Transition Discrepancy for Generalizable Synthetic Image Detection,2026,https://openalex.org/W7135092069,https://doi.org/10.48550/arxiv.2603.10598,Layer Consistency Matters: Elegant Latent Transition Discrepancy for Generalizable Synthetic Image Detection,2026,1.000,arXiv (Cornell University),preprint,,,,ready,Broad scope import candidate; institution repair can happen later.
top50,Light2Lie: Detecting Deepfake Images Using Physical Reflectance Law,2026,https://openalex.org/W7160998329,https://doi.org/10.14722/ndss.2026.230923,Light2Lie: Detecting Deepfake Images Using Physical Reflectance Laws,2026,0.992,,article,,,,ready,Broad scope import candidate; institution repair can happen later.
top50,Penny-Wise and Pound-Foolish in AI-Generated Image Detection,2026,https://openalex.org/W7128818896,https://doi.org/10.1109/tpami.2026.3664388,Penny-Wise and Pound-Foolish in AI-Generated Image Detection,2026,1.000,IEEE Transactions on Pattern Analysis and Machine Intelligence,article,,,,ready,Broad scope import candidate; institution repair can happen later.
top50,Semantic Distribution and Authenticity Discrepancy Alignment for AI-Generated Image Detection,2026,https://openalex.org/W7131898118,https://doi.org/10.1109/tmm.2026.3668513,Semantic Distribution and Authenticity Discrepancy Alignment for AI-Generated Image Detection,2026,1.000,IEEE Transactions on Multimedia,article,,,,ready,Broad scope import candidate; institution repair can happen later.
top50,SynerDetect: Hierarchical Synergistic Learning for Generalizable AI-Generated Image Detection,2026,https://openalex.org/W7137976262,https://doi.org/10.1609/aaai.v40i8.37568,SynerDetect: Hierarchical Synergistic Learning for Generalizable AI-Generated Image Detection,2026,1.000,Proceedings of the AAAI Conference on Artificial Intelligence,article,,,,ready,Broad scope import candidate; institution repair can happen later.
top50,"""That’s another doom I haven’t thought about"": A User Study on AI Labels as a Safeguard Against Image-Based Misinformation. CHI, 2026",2026,https://openalex.org/W4416604008,https://doi.org/10.1145/3772318.3791006,"""That's another doom I haven't thought about"": A User Study on AI Labels as a Safeguard Against Image-Based Misinformation",2026,0.964,,article,,,,ready,Broad scope import candidate; institution repair can happen later.
final_uncovered_forced,Transferable Dual-Domain Feature Importance Attack against AI-Generated Image Detector,2026,https://openalex.org/W7125951995,https://doi.org/10.1109/lsp.2026.3658434,Transferable Dual-Domain Feature Importance Attack Against AI-Generated Image Detector,2026,1.030,IEEE Signal Processing Letters,article,https://doi.org/10.1109/lsp.2026.3658434,detection,ai_generated_image_detection,ready,Strong OpenAlex title match; ready for broad paper-level import. Marker depends on affiliation/coordinates.
part1_rerun,"What is Real Anymore? A Solution to Detect Hyper Realistic AI-Generated Imagery. CCWC, 2026",2026,https://openalex.org/W7131430408,https://doi.org/10.1109/ccwc67433.2026.11393845,What is Real Anymore? A Solution to Detect Hyper Realistic AI-Generated Imagery,2026,0.970,,article,https://doi.org/10.1109/ccwc67433.2026.11393845,detection,ai_generated_image_detection,ready,Strong OpenAlex match recovered by conservative query-failure retry. Ready for manual paper import review.
next50,AdaptPrompt: Parameter-Efficient Adaptation of VLMs for Generalizable Deepfake Detection,2025,https://openalex.org/W7117078863,,AdaptPrompt: Parameter-Efficient Adaptation of VLMs for Generalizable Deepfake Detection,2025,1.030,ArXiv.org,article,http://arxiv.org/abs/2512.17730,ai_generated_image_detection,deepfake_image_detection,ready,Strong OpenAlex title match; ready for broad paper-level import. Marker depends on affiliation/coordinates.
next50,AIGI-Holmes: Towards Explainable and Generalizable AI-Generated Image Detection via Multimodal Large Language Models,2025,https://openalex.org/W4415343382,https://doi.org/10.1109/iccv51701.2025.01742,Aigi-Holmes: Towards Explainable and Generalizable AI-Generated Image Detection via Multimodal Large Language Models,2025,1.030,,preprint,https://doi.org/10.1109/iccv51701.2025.01742,ai_generated_image_detection,ai_generated_image_detection,ready,Strong OpenAlex title match; ready for broad paper-level import. Marker depends on affiliation/coordinates.
part1_rerun,Are GAN generated images easy to detect? A critical analysis of the state-of-the-art,2025,https://openalex.org/W3149674875,https://doi.org/10.1109/icme51207.2021.9428429,Are GAN Generated Images Easy to Detect? A Critical Analysis of the State-Of-The-Art,2021,1.000,,preprint,https://doi.org/10.1109/icme51207.2021.9428429,detection,ai_generated_image_detection,ready,Strong OpenAlex match recovered by conservative query-failure retry. Ready for manual paper import review.
part1_rerun,"Art or Artifact? Segmenting AI-Generated Images for Deeper Detection. WDC, 2025",2025,https://openalex.org/W4411979039,https://doi.org/10.1145/3709022.3736544,Art or Artifact? Segmenting AI-Generated Images for Deeper Detection,2025,0.967,,article,https://doi.org/10.1145/3709022.3736544,detection,ai_generated_image_detection,ready,Strong OpenAlex match recovered by conservative query-failure retry. Ready for manual paper import review.
final_uncovered_forced,Autonomous and Self-Adapting System for Synthetic Media Detection and Attribution,2025,https://openalex.org/W4415980694,https://doi.org/10.48550/arxiv.2504.03615,Autonomous and Self-Adapting System for Synthetic Media Detection and Attribution,2025,1.030,ArXiv.org,preprint,http://arxiv.org/abs/2504.03615,detection_and_source_attribution,detection_and_source_attribution,ready,Strong OpenAlex title match; ready for broad paper-level import. Marker depends on affiliation/coordinates.
top50,C2P-CLIP: Injecting Category Common Prompt in CLIP to Enhance Generalization in Deepfake Detection,2025,https://openalex.org/W4409367167,https://doi.org/10.1609/aaai.v39i7.32772,C2P-CLIP: Injecting Category Common Prompt in CLIP to Enhance Generalization in Deepfake Detection,2025,1.000,Proceedings of the AAAI Conference on Artificial Intelligence,article,,,,ready,Broad scope import candidate; institution repair can happen later.
part1_rerun,Can GPT tell us why these images are synthesized? Empowering Multimodal Large Language Models for Forensics,2025,https://openalex.org/W4411378016,https://doi.org/10.1145/3733102.3733138,Can GPT tell us why these images are synthesized? Empowering Multimodal Large Language Models for Forensics,2025,1.030,,article,https://doi.org/10.1145/3733102.3733138,detection,ai_generated_image_detection,ready,Strong OpenAlex match recovered by conservative query-failure retry. Ready for manual paper import review.
next50,CatAID: Category-Guided AI-Generated Image Detection via Vision-Language Model Adaptation,2025,https://openalex.org/W7131117798,https://doi.org/10.1109/iccvw69036.2025.00166,CatAID: Category-Guided AI-Generated Image Detection via Vision-Language Model Adaptation,2025,1.030,,article,https://doi.org/10.1109/iccvw69036.2025.00166,ai_generated_image_detection,ai_generated_image_detection,ready,Strong OpenAlex title match; ready for broad paper-level import. Marker depends on affiliation/coordinates.
top50,CO-SPY: Combining Semantic and Pixel Features to Detect Synthetic Images by AI,2025,https://openalex.org/W4413146055,https://doi.org/10.1109/cvpr52734.2025.01256,CO-SPY: Combining Semantic and Pixel Features to Detect Synthetic Images by AI,2025,1.000,,article,,,,ready,Broad scope import candidate; institution repair can happen later.
next50,Code-in-the-Loop Forensics: Agentic Tool Use for Image Forgery Detection,2025,https://openalex.org/W4417529984,https://doi.org/10.48550/arxiv.2512.16300,Code-in-the-Loop Forensics: Agentic Tool Use for Image Forgery Detection,2025,1.030,ArXiv.org,preprint,http://arxiv.org/abs/2512.16300,ai_generated_image_detection,ai_generated_image_detection,ready,Strong OpenAlex title match; ready for broad paper-level import. Marker depends on affiliation/coordinates.
part1,Community Forensics: Using Thousands of Generators to Train Fake Image Detectors,2025,https://openalex.org/W4413155783,https://doi.org/10.1109/cvpr52734.2025.00772,Community Forensics: Using Thousands of Generators to Train Fake Image Detectors,2025,1.030,,article,https://doi.org/10.1109/cvpr52734.2025.00772,detection,ai_generated_image_detection,ready,Strong OpenAlex match recovered by conservative query-failure retry. Ready for manual paper import review.
next50,Composite Data Augmentations for Synthetic Image Detection against Real-World Perturbations,2025,https://openalex.org/W4417052422,https://doi.org/10.23919/eusipco63237.2025.11226549,Composite Data Augmentations for Synthetic Image Detection Against Real-World Perturbations,2025,1.030,,article,https://doi.org/10.23919/eusipco63237.2025.11226549,ai_generated_image_detection,ai_generated_image_detection,ready,Strong OpenAlex title match; ready for broad paper-level import. Marker depends on affiliation/coordinates.
top50,D^3 Scaling Up Deepfake Detection by Learning from Discrepancy,2025,https://openalex.org/W4394653966,https://doi.org/10.48550/arxiv.2404.04584,D$^3$: Scaling Up Deepfake Detection by Learning from Discrepancy,2024,0.984,arXiv (Cornell University),preprint,,,,ready,Broad scope import candidate; institution repair can happen later.
next50,D3QE: Learning Discrete Distribution Discrepancy-aware Quantization Error for Autoregressive-Generated Image Detection,2025,https://openalex.org/W4414979736,https://doi.org/10.48550/arxiv.2510.05891,$\bf{D^3}$QE: Learning Discrete Distribution Discrepancy-aware Quantization Error for Autoregressive-Generated Image Detection,2025,1.021,ArXiv.org,preprint,http://arxiv.org/abs/2510.05891,ai_generated_image_detection,ai_generated_image_detection,ready,Strong OpenAlex title match; ready for broad paper-level import. Marker depends on affiliation/coordinates.
final_uncovered_forced,Detecting Origin Attribution for Text-to-Image Diffusion Models,2025,https://openalex.org/W4409262697,https://doi.org/10.1109/wacv61041.2025.00850,Detecting Origin Attribution for Text-to-Image Diffusion Models,2025,1.030,,article,https://doi.org/10.1109/wacv61041.2025.00850,detection_and_source_attribution,detection_and_source_attribution,ready,Strong OpenAlex title match; ready for broad paper-level import. Marker depends on affiliation/coordinates.
next50,Diffusion Epistemic Uncertainty with Asymmetric Learning for Diffusion-Generated Image Detection,2025,https://openalex.org/W7160128830,https://doi.org/10.1109/iccv51701.2025.01588,Diffusion Epistemic Uncertainty with Asymmetric Learning for Diffusion-Generated Image Detection,2025,1.030,,article,https://doi.org/10.1109/iccv51701.2025.01588,ai_generated_image_detection,ai_generated_image_detection,ready,Strong OpenAlex title match; ready for broad paper-level import. Marker depends on affiliation/coordinates.
part1,Enhancing Synthetic Generated-Images Detection through Post-Hoc Calibration,2025,https://openalex.org/W4409917780,https://doi.org/10.1109/wacvw65960.2025.00087,Enhancing Synthetic Generated-Images Detection through Post-Hoc Calibration,2025,1.030,,article,https://doi.org/10.1109/wacvw65960.2025.00087,detection,ai_generated_image_detection,ready,Strong OpenAlex match recovered by conservative query-failure retry. Ready for manual paper import review.
part1,Evolution of Detection Performance throughout the Online Lifespan of Synthetic Images,2025,https://openalex.org/W4410888267,https://doi.org/10.1007/978-3-031-92648-8_24,Evolution of Detection Performance Throughout the Online Lifespan of Synthetic Images,2025,1.030,Lecture notes in computer science,book-chapter,https://doi.org/10.1007/978-3-031-92648-8_24,detection,ai_generated_image_detection,ready,Strong OpenAlex match recovered by conservative query-failure retry. Ready for manual paper import review.
next50,ExDA: Towards Universal Detection and Plug-and-Play Attribution of AI-Generated Ex-Regulatory Images,2025,https://openalex.org/W4415538223,https://doi.org/10.1145/3746027.3755434,ExDA: Towards Universal Detection and Plug-and-Play Attribution of AI-Generated Ex-Regulatory Images,2025,1.030,,article,https://doi.org/10.1145/3746027.3755434,source_attribution,source_attribution,ready,Strong OpenAlex title match; ready for broad paper-level import. Marker depends on affiliation/coordinates.
next50,Explainable Synthetic Image Detection through Diffusion Timestep Ensembling,2025,https://openalex.org/W7138458380,https://doi.org/10.1609/aaai.v40i13.38060,Explainable Synthetic Image Detection Through Diffusion Timestep Ensembling,2026,1.015,Proceedings of the AAAI Conference on Artificial Intelligence,article,https://doi.org/10.1609/aaai.v40i13.38060,ai_generated_image_detection,ai_generated_image_detection,ready,Strong OpenAlex title match; ready for broad paper-level import. Marker depends on affiliation/coordinates.
next50,FakeScope: Large Multimodal Expert Model for Transparent AI-Generated Image Forensics,2025,https://openalex.org/W4417056138,https://doi.org/10.48550/arxiv.2503.24267,FakeScope: Large Multimodal Expert Model for Transparent AI-Generated Image Forensics,2025,1.030,arXiv (Cornell University),preprint,http://arxiv.org/abs/2503.24267,ai_generated_image_detection,ai_generated_image_detection,ready,Strong OpenAlex title match; ready for broad paper-level import. Marker depends on affiliation/coordinates.
top50,FerretNet: Efficient Synthetic Image Detection via Local Pixel Dependencies,2025,https://openalex.org/W4414789480,https://doi.org/10.48550/arxiv.2509.20890,FerretNet: Efficient Synthetic Image Detection via Local Pixel Dependencies,2025,1.000,ArXiv.org,preprint,,,,ready,Broad scope import candidate; institution repair can happen later.
top50,Few-Shot Class-Incremental Model Attribution Using Learnable Representation From CLIP-ViT Features,2025,https://openalex.org/W4414577086,https://doi.org/10.48550/arxiv.2503.08148,Few-Shot Class-Incremental Model Attribution Using Learnable Representation From CLIP-ViT Features,2025,1.000,ArXiv.org,preprint,,,,ready,Broad scope import candidate; institution repair can happen later.
top50,FIRE: Robust Detection of Diffusion-Generated Images via Frequency-Guided Reconstruction Error,2025,https://openalex.org/W4413145084,https://doi.org/10.1109/cvpr52734.2025.01197,FIRE: Robust Detection of Diffusion-Generated Images via Frequency-Guided Reconstruction Error,2025,1.000,,article,,,,ready,Broad scope import candidate; institution repair can happen later.
part1,Fixed-Threshold Evaluation of a Hybrid CNN–ViT for AI-Generated Image Detection Across Photos and Art,2025,https://openalex.org/W7117537373,https://doi.org/10.48550/arxiv.2512.21512,Fixed-Threshold Evaluation of a Hybrid CNN-ViT for AI-Generated Image Detection Across Photos and Art,2025,1.030,arXiv (Cornell University),preprint,https://doi.org/10.48550/arxiv.2512.21512,detection,ai_generated_image_detection,ready,Strong OpenAlex match recovered by conservative query-failure retry. Ready for manual paper import review.
part1,Fooling the Watchers: Breaking AIGC Detectors via Semantic Prompt Attacks,2025,https://openalex.org/W4416610205,https://doi.org/10.48550/arxiv.2505.23192,Fooling the Watchers: Breaking AIGC Detectors via Semantic Prompt Attacks,2025,1.030,ArXiv.org,preprint,http://arxiv.org/abs/2505.23192,detection,ai_generated_image_detection,ready,Strong OpenAlex match recovered by conservative query-failure retry. Ready for manual paper import review.
part1,ForensicHub: A Unified Benchmark & Codebase for All-Domain Fake Image Detection and Localization,2025,https://openalex.org/W4417093490,https://doi.org/10.48550/arxiv.2505.11003,ForensicHub: A Unified Benchmark &amp; Codebase for All-Domain Fake Image Detection and Localization,2025,1.009,ArXiv.org,preprint,http://arxiv.org/abs/2505.11003,detection,ai_generated_image_detection,ready,Strong OpenAlex match recovered by conservative query-failure retry. Ready for manual paper import review.
top50,Forensics-Bench: A Comprehensive Forgery Detection Benchmark Suite for Large Vision Language Models,2025,https://openalex.org/W4413156425,https://doi.org/10.1109/cvpr52734.2025.00400,Forensics-Bench: A Comprehensive Forgery Detection Benchmark Suite for Large Vision Language Models,2025,1.000,,article,,,,ready,Broad scope import candidate; institution repair can happen later.
next50,ForgeLens: Data-Efficient Forgery Focus for Generalizable Forgery Image Detection,2025,https://openalex.org/W7160017581,https://doi.org/10.1109/iccv51701.2025.01510,ForgeLens: Data-Efficient Forgery Focus for Generalizable Forgery Image Detection,2025,1.030,,article,https://doi.org/10.1109/iccv51701.2025.01510,ai_generated_image_detection,ai_generated_image_detection,ready,Strong OpenAlex title match; ready for broad paper-level import. Marker depends on affiliation/coordinates.
next50,From Evidence to Verdict: An Agent-Based Forensic Framework for AI-Generated Image Detection,2025,https://openalex.org/W4415935817,https://doi.org/10.48550/arxiv.2511.00181,From Evidence to Verdict: An Agent-Based Forensic Framework for AI-Generated Image Detection,2025,1.030,arXiv (Cornell University),preprint,http://arxiv.org/abs/2511.00181,ai_generated_image_detection,ai_generated_image_detection,ready,Strong OpenAlex title match; ready for broad paper-level import. Marker depends on affiliation/coordinates.
next50,GCS-Net: A universal AI-generated visual content detection method based on CLIP,2025,https://openalex.org/W4410487490,https://doi.org/10.1016/j.knosys.2025.113806,GCS-Net: A universal AI-generated visual content detection method based on CLIP,2025,1.030,Knowledge-Based Systems,article,https://doi.org/10.1016/j.knosys.2025.113806,ai_generated_image_detection,ai_generated_image_detection,ready,Strong OpenAlex title match; ready for broad paper-level import. Marker depends on affiliation/coordinates.
next50,Generalizable AI-Generated Image Detection Based on Fractal Self-Similarity in the Spectrum,2025,https://openalex.org/W4414578321,https://doi.org/10.48550/arxiv.2503.08484,Generalizable AI-Generated Image Detection Based on Fractal Self-Similarity in the Spectrum,2025,1.030,ArXiv.org,preprint,http://arxiv.org/abs/2503.08484,ai_generated_image_detection,ai_generated_image_detection,ready,Strong OpenAlex title match; ready for broad paper-level import. Marker depends on affiliation/coordinates.
next50,HFMF: Hierarchical Fusion Meets Multi-Stream Models for Deepfake Detection,2025,https://openalex.org/W4409917519,https://doi.org/10.1109/wacvw65960.2025.00082,HFMF: Hierarchical Fusion Meets Multi-Stream Models for Deepfake Detection,2025,1.030,,article,https://doi.org/10.1109/wacvw65960.2025.00082,ai_generated_image_detection,deepfake_image_detection,ready,Strong OpenAlex title match; ready for broad paper-level import. Marker depends on affiliation/coordinates.
next50,High‑resolution network‑based multi‑feature fusion for generalized forgery detection,2025,https://openalex.org/W4405895672,https://doi.org/10.1007/s00530-024-01626-z,High-resolution network-based multi-feature fusion for generalized forgery detection,2024,1.015,Multimedia Systems,article,https://doi.org/10.1007/s00530-024-01626-z,ai_generated_image_detection,ai_generated_image_detection,ready,Strong OpenAlex title match; ready for broad paper-level import. Marker depends on affiliation/coordinates.
next50,HRR: Hierarchical Retrospection Refinement for Generated Image Detection,2025,https://openalex.org/W4415187215,https://doi.org/10.1016/j.patrec.2026.04.016,HRR: Hierarchical retrospection refinement for generated image detection,2026,1.015,Pattern Recognition Letters,article,https://doi.org/10.1016/j.patrec.2026.04.016,ai_generated_image_detection,ai_generated_image_detection,ready,Strong OpenAlex title match; ready for broad paper-level import. Marker depends on affiliation/coordinates.
next50,LADLE-MM: Limited Annotation based Detector with Learned Ensembles for Multimodal Misinformation,2025,https://openalex.org/W7117277228,,LADLE-MM: Limited Annotation based Detector with Learned Ensembles for Multimodal Misinformation,2025,1.030,ArXiv.org,article,http://arxiv.org/abs/2512.20257,ai_generated_image_detection,ai_generated_image_detection,ready,Strong OpenAlex title match; ready for broad paper-level import. Marker depends on affiliation/coordinates.
next50,LATTE: Latent Trajectory Embedding for Diffusion-Generated Image Detection,2025,https://openalex.org/W4415343792,https://doi.org/10.48550/arxiv.2507.03054,LATTE: Latent Trajectory Embedding for Diffusion-Generated Image Detection,2025,1.030,ArXiv.org,preprint,http://arxiv.org/abs/2507.03054,ai_generated_image_detection,ai_generated_image_detection,ready,Strong OpenAlex title match; ready for broad paper-level import. Marker depends on affiliation/coordinates.
next50,LDR-Net: A Novel Framework for AI-generated Image Detection via Localized Discrepancy Representation,2025,https://openalex.org/W4406786190,https://doi.org/10.48550/arxiv.2501.13475,LDR-Net: A Novel Framework for AI-generated Image Detection via Localized Discrepancy Representation,2025,1.030,ArXiv.org,preprint,http://arxiv.org/abs/2501.13475,ai_generated_image_detection,ai_generated_image_detection,ready,Strong OpenAlex title match; ready for broad paper-level import. Marker depends on affiliation/coordinates.
next50,LEGION: Learning to Ground and Explain for Synthetic Image Detection,2025,https://openalex.org/W4414903171,https://doi.org/10.1109/iccv51701.2025.01760,LEGION: Learning to Ground and Explain for Synthetic Image Detection,2025,1.030,,preprint,https://doi.org/10.1109/iccv51701.2025.01760,ai_generated_image_detection,ai_generated_image_detection,ready,Strong OpenAlex title match; ready for broad paper-level import. Marker depends on affiliation/coordinates.
top50,LoRAX: LoRA eXpandable Networks for Continual Synthetic Image Attribution,2025,https://openalex.org/W4414827699,https://doi.org/10.48550/arxiv.2504.08149,LoRAX: LoRA eXpandable Networks for Continual Synthetic Image Attribution,2025,1.000,ArXiv.org,preprint,,,,ready,Broad scope import candidate; institution repair can happen later.
final_uncovered_forced,Manifold Induced Biases for Zero-shot and Few-shot Detection of Generated Images,2025,https://openalex.org/W4414631013,https://doi.org/10.48550/arxiv.2504.15470,Manifold Induced Biases for Zero-shot and Few-shot Detection of Generated Images,2025,1.030,ArXiv.org,preprint,http://arxiv.org/abs/2504.15470,detection,ai_generated_image_detection,ready,Strong OpenAlex title match; ready for broad paper-level import. Marker depends on affiliation/coordinates.
part1,Mirage: Unveiling Hidden Artifacts in Synthetic Images with Large Vision-Language Models,2025,https://openalex.org/W4414970554,https://doi.org/10.48550/arxiv.2510.03840,Mirage: Unveiling Hidden Artifacts in Synthetic Images with Large Vision-Language Models,2025,1.030,ArXiv.org,preprint,http://arxiv.org/abs/2510.03840,detection,ai_generated_image_detection,ready,Strong OpenAlex match recovered by conservative query-failure retry. Ready for manual paper import review.
next50,MLEP: Multi-granularity Local Entropy Patterns for Universal AI-generated Image Detection,2025,https://openalex.org/W4415320094,https://doi.org/10.48550/arxiv.2504.13726,MLEP: Multi-granularity Local Entropy Patterns for Universal AI-generated Image Detection,2025,1.030,ArXiv.org,preprint,http://arxiv.org/abs/2504.13726,ai_generated_image_detection,ai_generated_image_detection,ready,Strong OpenAlex title match; ready for broad paper-level import. Marker depends on affiliation/coordinates.
top50,Model Synthesis for Zero-Shot Model Attribution,2025,https://openalex.org/W4385473656,https://doi.org/10.48550/arxiv.2307.15977,Model Synthesis for Zero-Shot Model Attribution,2023,1.000,arXiv (Cornell University),preprint,,,,ready,Broad scope import candidate; institution repair can happen later.
top50,OpenSDI: Spotting Diffusion-Generated Images in the Open World,2025,https://openalex.org/W4413145584,https://doi.org/10.1109/cvpr52734.2025.00405,OpenSDI: Spotting Diffusion-Generated Images in the Open World,2025,1.000,,article,,,,ready,Broad scope import candidate; institution repair can happen later.
next50,Optimized frequency collaborative strategy drives AI image detection,2025,https://openalex.org/W4406657393,https://doi.org/10.1109/jiot.2025.3531053,Optimized Frequency Collaborative Strategy Drives AI Image Detection,2025,1.030,IEEE Internet of Things Journal,article,https://doi.org/10.1109/jiot.2025.3531053,ai_generated_image_detection,ai_generated_image_detection,ready,Strong OpenAlex title match; ready for broad paper-level import. Marker depends on affiliation/coordinates.
next50,Pay Less Attention to Deceptive Artifacts: Robust Detection of Compressed Deepfakes on Online Social Networks,2025,https://openalex.org/W4414989730,https://doi.org/10.48550/arxiv.2506.20548,Pay Less Attention to Deceptive Artifacts: Robust Detection of Compressed Deepfakes on Online Social Networks,2025,1.030,ArXiv.org,preprint,http://arxiv.org/abs/2506.20548,ai_generated_image_detection,deepfake_image_detection,ready,Strong OpenAlex title match; ready for broad paper-level import. Marker depends on affiliation/coordinates.
next50,"Provenance Detection for AI-Generated Images: Combining Perceptual Hashing, Homomorphic Encryption, and AI Detection Models",2025,https://openalex.org/W4417284156,https://doi.org/10.48550/arxiv.2503.11195,"Provenance Detection for AI-Generated Images: Combining Perceptual Hashing, Homomorphic Encryption, and AI Detection Models",2025,1.030,ArXiv.org,preprint,http://arxiv.org/abs/2503.11195,image_provenance,watermark_or_provenance,ready,Strong OpenAlex title match; ready for broad paper-level import. Marker depends on affiliation/coordinates.
next50,Redefining Generalization in Visual Domains: A Two-Axis Framework for Fake Image Detection with FusionDetect,2025,https://openalex.org/W4414978765,https://doi.org/10.48550/arxiv.2510.05740,Redefining Generalization in Visual Domains: A Two-Axis Framework for Fake Image Detection with FusionDetect,2025,1.030,ArXiv.org,preprint,http://arxiv.org/abs/2510.05740,ai_generated_image_detection,ai_generated_image_detection,ready,Strong OpenAlex title match; ready for broad paper-level import. Marker depends on affiliation/coordinates.
top50,ReTD: Reconstruction-Based Traceability Detection for Generated Images,2025,https://openalex.org/W4408356108,https://doi.org/10.1109/icassp49660.2025.10890492,ReTD: Reconstruction-Based Traceability Detection for Generated Images,2025,1.000,,article,,,,ready,Broad scope import candidate; institution repair can happen later.
next50,Robust AI-Synthesized Image Detection via Multi-feature Frequency-aware Learning,2025,https://openalex.org/W4416260579,https://doi.org/10.1007/978-981-95-3001-4_12,Robust AI-Synthesized Image Detection via Multi-feature Frequency-Aware Learning,2025,1.030,Lecture notes in computer science,book-chapter,https://doi.org/10.1007/978-981-95-3001-4_12,ai_generated_image_detection,ai_generated_image_detection,ready,Strong OpenAlex title match; ready for broad paper-level import. Marker depends on affiliation/coordinates.
next50,SAGNet: Decoupling Semantic-Agnostic Artifacts From Limited Training Data for Robust Generalization in Deepfake Detection,2025,https://openalex.org/W4411484192,https://doi.org/10.1109/tifs.2025.3581726,SAGNet: Decoupling Semantic-Agnostic Artifacts From Limited Training Data for Robust Generalization in Deepfake Detection,2025,1.030,IEEE Transactions on Information Forensics and Security,article,https://doi.org/10.1109/tifs.2025.3581726,ai_generated_image_detection,deepfake_image_detection,ready,Strong OpenAlex title match; ready for broad paper-level import. Marker depends on affiliation/coordinates.
top50,Secret Lies in Color: Enhancing AI-Generated Images Detection with Color Distribution Analysis,2025,https://openalex.org/W4413146372,https://doi.org/10.1109/cvpr52734.2025.01255,Secret Lies in Color: Enhancing AI-Generated Images Detection with Color Distribution Analysis,2025,1.000,,article,,,,ready,Broad scope import candidate; institution repair can happen later.
next50,Semantic Discrepancy-aware Detector for Image Forgery Identification,2025,https://openalex.org/W4414487140,https://doi.org/10.1109/iccv51701.2025.01709,Semantic Discrepancy-Aware Detector for Image Forgery Identification,2025,1.030,,article,https://doi.org/10.1109/iccv51701.2025.01709,ai_generated_image_detection,ai_generated_image_detection,ready,Strong OpenAlex title match; ready for broad paper-level import. Marker depends on affiliation/coordinates.
next50,Spatial-Temporal Reconstruction Error for AIGC-based Forgery Image Detection,2025,https://openalex.org/W4408355373,https://doi.org/10.1109/icassp49660.2025.10890455,Spatial-Temporal Reconstruction Error for AIGC-based Forgery Image Detection,2025,1.030,,article,https://doi.org/10.1109/icassp49660.2025.10890455,ai_generated_image_detection,ai_generated_image_detection,ready,Strong OpenAlex title match; ready for broad paper-level import. Marker depends on affiliation/coordinates.
final_uncovered_forced,Spot the Fake: Large Multimodal Model-Based Synthetic Image Detection with Artifact Explanation,2025,https://openalex.org/W4414902235,https://doi.org/10.48550/arxiv.2503.14905,Spot the Fake: Large Multimodal Model-Based Synthetic Image Detection with Artifact Explanation,2025,1.030,ArXiv.org,preprint,http://arxiv.org/abs/2503.14905,detection,ai_generated_image_detection,ready,Strong OpenAlex title match; ready for broad paper-level import. Marker depends on affiliation/coordinates.
next50,TextureCrop: Enhancing Synthetic Image Detection through Texture-based Cropping,2025,https://openalex.org/W4409917584,https://doi.org/10.1109/wacvw65960.2025.00160,TextureCrop: Enhancing Synthetic Image Detection Through Texture-Based Cropping,2025,1.030,,article,https://doi.org/10.1109/wacvw65960.2025.00160,ai_generated_image_detection,ai_generated_image_detection,ready,Strong OpenAlex title match; ready for broad paper-level import. Marker depends on affiliation/coordinates.
top50,Transfer Learning of Real Image Features with Soft Contrastive Loss for Fake Image Detection,2025,https://openalex.org/W4393213376,https://doi.org/10.48550/arxiv.2403.16513,Transfer Learning of Real Image Features with Soft Contrastive Loss for Fake Image Detection,2024,1.000,arXiv (Cornell University),preprint,,,,ready,Broad scope import candidate; institution repair can happen later.
batch3,A guided-based approach for deepfake detection: RGB-depth integration via features fusion,2024,https://openalex.org/W4393375171,https://doi.org/10.1016/j.patrec.2024.03.025,A guided-based approach for deepfake detection: RGB-depth integration via features fusion,2024,1.030,Pattern Recognition Letters,article,https://doi.org/10.1016/j.patrec.2024.03.025,detection,ai_generated_image_detection,ready,Strong OpenAlex title match; ready for broad paper-level import. Marker depends on affiliation/coordinates.
batch4,"A Survey of Defenses against AI-generated Visual Media- Detection, Disruption, and Authentication",2024,https://openalex.org/W4400716502,https://doi.org/10.48550/arxiv.2407.10575,"A Survey of Defenses Against AI-Generated Visual Media: Detection,Disruption, and Authentication",2024,1.030,arXiv (Cornell University),preprint,http://arxiv.org/abs/2407.10575,detection,ai_generated_image_detection,ready,Strong OpenAlex title match; ready for broad paper-level import. Marker depends on affiliation/coordinates.
batch3,Addressing Diffusion Model Based Counter-Forensic Image Manipulation for Synthetic Image Detection,2024,https://openalex.org/W4405945632,https://doi.org/10.1145/3702250.3702296,Addressing Diffusion Model Based Counter-Forensic Image Manipulation for Synthetic Image Detection,2024,1.030,,article,https://doi.org/10.1145/3702250.3702296,detection,ai_generated_image_detection,ready,Strong OpenAlex title match; ready for broad paper-level import. Marker depends on affiliation/coordinates.
batch3,CSC-Net: Cross-Color Spatial Co-Occurrence Matrix Network for Detecting Synthesized Fake Images,2024,https://openalex.org/W4376461282,https://doi.org/10.1109/tcds.2023.3274450,CSC-Net: Cross-Color Spatial Co-Occurrence Matrix Network for Detecting Synthesized Fake Images,2023,1.010,IEEE Transactions on Cognitive and Developmental Systems,article,https://doi.org/10.1109/tcds.2023.3274450,detection,ai_generated_image_detection,ready,Strong OpenAlex title match; ready for broad paper-level import. Marker depends on affiliation/coordinates.
batch3,Data-Independent Operator: A Training-Free Artifact Representation Extractor for Generalizable Deepfake Detection,2024,https://openalex.org/W4392737360,https://doi.org/10.48550/arxiv.2403.06803,Data-Independent Operator: A Training-Free Artifact Representation Extractor for Generalizable Deepfake Detection,2024,1.030,arXiv (Cornell University),preprint,http://arxiv.org/abs/2403.06803,detection,ai_generated_image_detection,ready,Strong OpenAlex title match; ready for broad paper-level import. Marker depends on affiliation/coordinates.
batch3,Deepfake Detection without Deepfakes: Generalization via Synthetic Frequency Patterns Injection,2024,https://openalex.org/W4393063559,https://doi.org/10.48550/arxiv.2403.13479,Deepfake Detection without Deepfakes: Generalization via Synthetic Frequency Patterns Injection,2024,1.030,arXiv (Cornell University),preprint,http://arxiv.org/abs/2403.13479,detection,ai_generated_image_detection,ready,Strong OpenAlex title match; ready for broad paper-level import. Marker depends on affiliation/coordinates.
batch3,"Detecting Artificial Intelligence-Generated images via deep trace representations and interactive feature fusion Image Fusion, 2024",2024,https://openalex.org/W4400616829,https://doi.org/10.1016/j.inffus.2024.102578,Detecting Artificial Intelligence-Generated images via deep trace representations and interactive feature fusion,2024,0.956,Information Fusion,article,https://doi.org/10.1016/j.inffus.2024.102578,detection,ai_generated_image_detection,ready,Strong OpenAlex title match; ready for broad paper-level import. Marker depends on affiliation/coordinates.
batch3,Development of a Dual-Input Neural Model for Detecting AI-Generated Imagery,2024,https://openalex.org/W4399911107,https://doi.org/10.48550/arxiv.2406.13688,Development of a Dual-Input Neural Model for Detecting AI-Generated Imagery,2024,1.030,arXiv (Cornell University),preprint,http://arxiv.org/abs/2406.13688,detection,ai_generated_image_detection,ready,Strong OpenAlex title match; ready for broad paper-level import. Marker depends on affiliation/coordinates.
batch3,Enhancing the Generalization of Synthetic Image Detection Models through the Exploration of Features in Deep Detection Models,2024,https://openalex.org/W4394624427,https://doi.org/10.1109/mvip62238.2024.10491148,Enhancing the Generalization of Synthetic Image Detection Models through the Exploration of Features in Deep Detection Models,2024,1.030,,article,https://doi.org/10.1109/mvip62238.2024.10491148,detection,ai_generated_image_detection,ready,Strong OpenAlex title match; ready for broad paper-level import. Marker depends on affiliation/coordinates.
batch4,FakeBench: Probing Explainable fake image detection via large multimodal models,2024,https://openalex.org/W4395064829,https://doi.org/10.48550/arxiv.2404.13306,FakeBench: Probing Explainable Fake Image Detection via Large Multimodal Models,2024,1.030,arXiv (Cornell University),preprint,http://arxiv.org/abs/2404.13306,detection,ai_generated_image_detection,ready,Strong OpenAlex title match; ready for broad paper-level import. Marker depends on affiliation/coordinates.
batch3,Harnessing the Power of Large Vision Language Models for Synthetic Image Detection,2024,https://openalex.org/W4393968982,https://doi.org/10.48550/arxiv.2404.02726,Harnessing the Power of Large Vision Language Models for Synthetic Image Detection,2024,1.030,arXiv (Cornell University),preprint,http://arxiv.org/abs/2404.02726,detection,ai_generated_image_detection,ready,Strong OpenAlex title match; ready for broad paper-level import. Marker depends on affiliation/coordinates.
batch3,HFI: A unified framework for training-free detection and implicit watermarking of latent diffusion model generated images,2024,https://openalex.org/W4405956571,https://doi.org/10.48550/arxiv.2412.20704,HFI: A unified framework for training-free detection and implicit watermarking of latent diffusion model generated images,2024,1.030,arXiv (Cornell University),preprint,http://arxiv.org/abs/2412.20704,detection,ai_generated_image_detection,ready,Strong OpenAlex title match; ready for broad paper-level import. Marker depends on affiliation/coordinates.
batch3,MDTL-NET: Computer-generated image detection based on multi-scale deep texture learning,2024,https://openalex.org/W4391433395,https://doi.org/10.1016/j.eswa.2024.123368,MDTL-NET: Computer-generated image detection based on multi-scale deep texture learning,2024,1.030,Expert Systems with Applications,article,https://doi.org/10.1016/j.eswa.2024.123368,detection,ai_generated_image_detection,ready,Strong OpenAlex title match; ready for broad paper-level import. Marker depends on affiliation/coordinates.
batch3,MMGANGuard: A Robust Approach for Detecting Fake Images Generated by GANs Using Multi-Model Techniques,2024,https://openalex.org/W4395447483,https://doi.org/10.1109/access.2024.3393842,MMGANGuard: A Robust Approach for Detecting Fake Images Generated by GANs Using Multi-Model Techniques,2024,1.030,IEEE Access,article,https://doi.org/10.1109/access.2024.3393842,detection,ai_generated_image_detection,ready,Strong OpenAlex title match; ready for broad paper-level import. Marker depends on affiliation/coordinates.
batch3,Parents and Children: Distinguishing Multimodal Deepfakes from Natural Images,2024,https://openalex.org/W4398184526,https://doi.org/10.1145/3665497,Parents and Children: Distinguishing Multimodal Deepfakes from Natural Images,2024,1.030,ACM Transactions on Multimedia Computing Communications and Applications,article,https://doi.org/10.1145/3665497,detection,ai_generated_image_detection,ready,Strong OpenAlex title match; ready for broad paper-level import. Marker depends on affiliation/coordinates.
batch3,Real-Time Deepfake Detection in the Real-World,2024,https://openalex.org/W4399695946,https://doi.org/10.48550/arxiv.2406.09398,Real-Time Deepfake Detection in the Real-World,2024,1.030,arXiv (Cornell University),preprint,http://arxiv.org/abs/2406.09398,detection,ai_generated_image_detection,ready,Strong OpenAlex title match; ready for broad paper-level import. Marker depends on affiliation/coordinates.
batch3,Robust CLIP-Based Detector for Exposing Diffusion Model-Generated Images,2024,https://openalex.org/W4402594796,https://doi.org/10.1109/avss61716.2024.10672612,Robust CLIP-Based Detector for Exposing Diffusion Model-Generated Images,2024,1.030,,article,https://doi.org/10.1109/avss61716.2024.10672612,detection,ai_generated_image_detection,ready,Strong OpenAlex title match; ready for broad paper-level import. Marker depends on affiliation/coordinates.
batch3,Seeing is not always believing: benchmarking human and model perception of AI-generated images,2024,https://openalex.org/W4367061162,https://doi.org/10.48550/arxiv.2304.13023,Seeing is not always believing: Benchmarking Human and Model Perception of AI-Generated Images,2023,1.010,arXiv (Cornell University),preprint,http://arxiv.org/abs/2304.13023,detection,ai_generated_image_detection,ready,Strong OpenAlex title match; ready for broad paper-level import. Marker depends on affiliation/coordinates.
batch3,Take Fake as Real: Realistic-like Robust Black-box Adversarial Attack to Evade AIGC Detection,2024,https://openalex.org/W4405254427,https://doi.org/10.48550/arxiv.2412.06727,Take Fake as Real: Realistic-like Robust Black-box Adversarial Attack to Evade AIGC Detection,2024,1.030,arXiv (Cornell University),preprint,http://arxiv.org/abs/2412.06727,detection,ai_generated_image_detection,ready,Strong OpenAlex title match; ready for broad paper-level import. Marker depends on affiliation/coordinates.
batch3,Text Modality Oriented Image Feature Extraction for Detecting Diffusion-based DeepFake,2024,https://openalex.org/W4399151866,https://doi.org/10.48550/arxiv.2405.18071,Text Modality Oriented Image Feature Extraction for Detecting Diffusion-based DeepFake,2024,1.030,arXiv (Cornell University),preprint,http://arxiv.org/abs/2405.18071,detection,ai_generated_image_detection,ready,Strong OpenAlex title match; ready for broad paper-level import. Marker depends on affiliation/coordinates.
batch4,TWIGMA: A dataset of AI-Generated Images with Metadata From Twitter,2024,https://openalex.org/W4393610334,https://doi.org/10.5281/zenodo.8031784,TWIGMA: A dataset of AI-Generated Images with Metadata From Twitter,2024,1.030,Zenodo (CERN European Organization for Nuclear Research),dataset,https://doi.org/10.5281/zenodo.8031784,detection,ai_generated_image_detection,ready,Strong OpenAlex title match; ready for broad paper-level import. Marker depends on affiliation/coordinates.
batch3,Unsupervised Generative Fake Image Detector,2024,https://openalex.org/W4393379633,https://doi.org/10.1109/tcsvt.2024.3383833,Unsupervised Generative Fake Image Detector,2024,1.030,IEEE Transactions on Circuits and Systems for Video Technology,article,https://doi.org/10.1109/tcsvt.2024.3383833,detection,ai_generated_image_detection,ready,Strong OpenAlex title match; ready for broad paper-level import. Marker depends on affiliation/coordinates.
final_uncovered_forced,AntifakePrompt: Prompt-Tuned Vision-Language Models are Fake Image Detectors,2023,https://openalex.org/W4387994353,https://doi.org/10.48550/arxiv.2310.17419,AntifakePrompt: Prompt-Tuned Vision-Language Models are Fake Image Detectors,2023,1.030,arXiv (Cornell University),preprint,http://arxiv.org/abs/2310.17419,detection,ai_generated_image_detection,ready,Strong OpenAlex title match; ready for broad paper-level import. Marker depends on affiliation/coordinates.
batch3,Benchmarking Deepart Detection,2023,https://openalex.org/W4322760013,https://doi.org/10.48550/arxiv.2302.14475,Benchmarking Deepart Detection,2023,1.030,arXiv (Cornell University),preprint,http://arxiv.org/abs/2302.14475,detection,ai_generated_image_detection,ready,Strong OpenAlex title match; ready for broad paper-level import. Marker depends on affiliation/coordinates.
batch3,DeepArt: A Benchmark to Advance Fidelity Research in AI-Generated Content,2023,https://openalex.org/W4389983109,https://doi.org/10.48550/arxiv.2312.10407,DeepArt: A Benchmark to Advance Fidelity Research in AI-Generated Content,2023,1.030,arXiv (Cornell University),preprint,http://arxiv.org/abs/2312.10407,detection,ai_generated_image_detection,ready,Strong OpenAlex title match; ready for broad paper-level import. Marker depends on affiliation/coordinates.
batch3,Detecting Images Generated by Deep Diffusion Models Using Their Local Intrinsic Dimensionality,2023,https://openalex.org/W4390191016,https://doi.org/10.1109/iccvw60793.2023.00051,Detecting Images Generated by Deep Diffusion Models using their Local Intrinsic Dimensionality,2023,1.030,,article,https://doi.org/10.1109/iccvw60793.2023.00051,detection,ai_generated_image_detection,ready,Strong OpenAlex title match; ready for broad paper-level import. Marker depends on affiliation/coordinates.
batch3,Diffusion Noise Feature: Accurate and Fast Generated Image Detection,2023,https://openalex.org/W4389421609,https://doi.org/10.48550/arxiv.2312.02625,Diffusion Noise Feature: Accurate and Fast Generated Image Detection,2023,1.030,arXiv (Cornell University),preprint,http://arxiv.org/abs/2312.02625,detection,ai_generated_image_detection,ready,Strong OpenAlex title match; ready for broad paper-level import. Marker depends on affiliation/coordinates.
batch3,Exposing fake images generated by text-to-image diffusion models,2023,https://openalex.org/W4388002730,https://doi.org/10.1016/j.patrec.2023.10.021,Exposing fake images generated by text-to-image diffusion models,2023,1.030,Pattern Recognition Letters,article,https://doi.org/10.1016/j.patrec.2023.10.021,detection,ai_generated_image_detection,ready,Strong OpenAlex title match; ready for broad paper-level import. Marker depends on affiliation/coordinates.
batch3,Open Set Classification of GAN-based Image Manipulations via a ViT-based Hybrid Architecture,2023,https://openalex.org/W4385800597,https://doi.org/10.1109/cvprw59228.2023.00102,Open Set Classification of GAN-based Image Manipulations via a ViT-based Hybrid Architecture,2023,1.030,,article,https://doi.org/10.1109/cvprw59228.2023.00102,source_attribution,generated_image_source_attribution,ready,Strong OpenAlex title match; ready for broad paper-level import. Marker depends on affiliation/coordinates.
batch3,Progressive Open Space Expansion for Open-Set Model Attribution,2023,https://openalex.org/W4386075764,https://doi.org/10.1109/cvpr52729.2023.01522,Progressive Open Space Expansion for Open-Set Model Attribution,2023,1.030,,article,https://doi.org/10.1109/cvpr52729.2023.01522,source_attribution,generated_image_source_attribution,ready,Strong OpenAlex title match; ready for broad paper-level import. Marker depends on affiliation/coordinates.
batch3,Towards Universal Fake Image Detectors that Generalize Across Generative Models,2023,https://openalex.org/W4386071953,https://doi.org/10.1109/cvpr52729.2023.02345,Towards Universal Fake Image Detectors that Generalize Across Generative Models,2023,1.030,,article,https://doi.org/10.1109/cvpr52729.2023.02345,detection,ai_generated_image_detection,ready,Strong OpenAlex title match; ready for broad paper-level import. Marker depends on affiliation/coordinates.
batch3,BiHPF: bilateral high pass filters for robust deepfake detection,2022,https://openalex.org/W3196551054,https://doi.org/10.1109/wacv51458.2022.00293,BiHPF: Bilateral High-Pass Filters for Robust Deepfake Detection,2022,1.030,2022 IEEE/CVF Winter Conference on Applications of Computer Vision (WACV),article,https://doi.org/10.1109/wacv51458.2022.00293,detection,ai_generated_image_detection,ready,Strong OpenAlex title match; ready for broad paper-level import. Marker depends on affiliation/coordinates.
batch3,Detecting Generated Images by Real Images,2022,https://openalex.org/W4313189772,https://doi.org/10.1007/978-3-031-19781-9_6,Detecting Generated Images by Real Images,2022,1.030,Lecture notes in computer science,book-chapter,https://doi.org/10.1007/978-3-031-19781-9_6,detection,ai_generated_image_detection,ready,Strong OpenAlex title match; ready for broad paper-level import. Marker depends on affiliation/coordinates.
batch3,A closer look at fourier spectrum discrepancies for cnn-generated images detection,2021,https://openalex.org/W3147384726,https://doi.org/10.1109/cvpr46437.2021.00712,A Closer Look at Fourier Spectrum Discrepancies for CNN-generated Images Detection,2021,1.030,,preprint,https://doi.org/10.1109/cvpr46437.2021.00712,detection,ai_generated_image_detection,ready,Strong OpenAlex title match; ready for broad paper-level import. Marker depends on affiliation/coordinates.
batch3,Beyond the Spectrum: Detecting Deepfakes via Re-Synthesis,2021,https://openalex.org/W3187526215,https://doi.org/10.24963/ijcai.2021/349,Beyond the Spectrum: Detecting Deepfakes via Re-Synthesis,2021,1.030,,article,https://doi.org/10.24963/ijcai.2021/349,detection,ai_generated_image_detection,ready,Strong OpenAlex title match; ready for broad paper-level import. Marker depends on affiliation/coordinates.
batch3,On attribution of deepfakes,2021,https://openalex.org/W3134567460,https://doi.org/10.48550/arxiv.2008.09194,On Attribution of Deepfakes,2020,1.010,arXiv (Cornell University),preprint,http://arxiv.org/abs/2008.09194,source_attribution,generated_image_source_attribution,ready,Strong OpenAlex title match; ready for broad paper-level import. Marker depends on affiliation/coordinates.
batch3,CNN-generated images are surprisingly easy to spot...for now,2020,https://openalex.org/W3034577585,https://doi.org/10.1109/cvpr42600.2020.00872,CNN-Generated Images Are Surprisingly Easy to Spot… for Now,2020,1.030,,article,https://doi.org/10.1109/cvpr42600.2020.00872,detection,ai_generated_image_detection,ready,Strong OpenAlex title match; ready for broad paper-level import. Marker depends on affiliation/coordinates.
batch3,Fourier Spectrum Discrepancies in Deep Network Generated Images,2020,https://openalex.org/W2985484909,https://doi.org/10.48550/arxiv.1911.06465,Fourier Spectrum Discrepancies in Deep Network Generated Images,2019,1.010,arXiv (Cornell University),preprint,http://arxiv.org/abs/1911.06465,detection,ai_generated_image_detection,ready,Strong OpenAlex title match; ready for broad paper-level import. Marker depends on affiliation/coordinates.
batch3,Leveraging Frequency Analysis for Deep Fake Image Recognition,2020,https://openalex.org/W3012033723,https://doi.org/10.48550/arxiv.2003.08685,Leveraging Frequency Analysis for Deep Fake Image Recognition,2020,1.030,arXiv (Cornell University),preprint,http://arxiv.org/abs/2003.08685,detection_and_source_attribution,detection_and_source_attribution,ready,Strong OpenAlex title match; ready for broad paper-level import. Marker depends on affiliation/coordinates.
batch3,Watch your Up-Convolution: CNN Based Generative Deep Neural Networks are Failing to Reproduce Spectral Distributions,2020,https://openalex.org/W3034864980,https://doi.org/10.1109/cvpr42600.2020.00791,Watch your Up-Convolution: CNN Based Generative Deep Neural Networks are Failing to Reproduce Spectral Distributions,2020,1.030,Opus-HSO (Offenburg University of Applied Sciences),article,https://opus.hs-offenburg.de/frontdoor/index/index/docId/4413,detection,ai_generated_image_detection,ready,Strong OpenAlex title match; ready for broad paper-level import. Marker depends on affiliation/coordinates.
batch3,Detecting and Simulating Artifacts in GAN Fake Images,2019,https://openalex.org/W3012472557,https://doi.org/10.1109/wifs47025.2019.9035107,Detecting and Simulating Artifacts in GAN Fake Images,2019,1.030,,preprint,https://doi.org/10.1109/wifs47025.2019.9035107,detection,ai_generated_image_detection,ready,Strong OpenAlex title match; ready for broad paper-level import. Marker depends on affiliation/coordinates.
batch3,Scalable fine-grained generated image classification based on deep metric learning,2019,https://openalex.org/W2997633607,https://doi.org/10.48550/arxiv.1912.11082,Scalable Fine-grained Generated Image Classification Based on Deep Metric Learning,2019,1.030,arXiv (Cornell University),preprint,http://arxiv.org/abs/1912.11082,source_attribution,generated_image_source_attribution,ready,Strong OpenAlex title match; ready for broad paper-level import. Marker depends on affiliation/coordinates.
