title,year,expected_task,source_doc,section,in_openalex_candidate_papers,in_candidate_map,in_public_preview,in_public_preview_paper_list,covered_as_map_marker,map_record_count,missing_affiliation,missing_coordinates,missing_stage,coverage_status,recommended_action,best_openalex_title_match,best_openalex_title_score,best_public_preview_title_match,best_public_preview_title_score,best_public_preview_paper_title_match,best_public_preview_paper_title_score,notes
Scalable fine-grained generated image classification based on deep metric learning,2019,source_attribution,Z_Update_SIA.docx,Identification | Literature summary,no,no,no,no,no,0,no,no,missing_from_candidate_pool,missing_from_candidate_pool,manual_or_openalex_title_import_review,,0.000,,0.000,,0.000,"source_suffix=arXiv, 2019"
Leveraging Frequency Analysis for Deep Fake Image Recognition,2020,detection_and_source_attribution,Z_Update_SIA.docx | Z_Update_SID-2018-2025.docx,Identification | Detection,no,no,no,no,no,0,no,no,missing_from_candidate_pool,missing_from_candidate_pool,manual_or_openalex_title_import_review,,0.000,,0.000,,0.000,"source_suffix=ICML, 2020"
Does a GAN leave distinct model-specific fingerprints?,2021,source_attribution,Z_Update_SIA.docx,Identification | Literature summary,no,no,no,no,no,0,no,no,missing_from_candidate_pool,missing_from_candidate_pool,manual_or_openalex_title_import_review,,0.000,,0.000,,0.000,source_suffix=BMVC 2021
On attribution of deepfakes,2021,source_attribution,Z_Update_SIA.docx,Identification | Literature summary,no,no,no,no,no,0,no,no,missing_from_candidate_pool,missing_from_candidate_pool,manual_or_openalex_title_import_review,,0.000,,0.000,,0.000,source_suffix=arXiv 20210303
Did you use my GAN to generate fake? post-hoc attribution of GAN images via latent recovery,2022,source_attribution,Z_Update_SIA.docx,Identification | Literature summary,no,no,no,no,no,0,no,no,missing_from_candidate_pool,missing_from_candidate_pool,manual_or_openalex_title_import_review,,0.000,,0.000,,0.000,source_suffix=IJCNN 2022
Progressive Open Space Expansion for Open-Set Model Attribution,2023,source_attribution,Z_Update_SIA.docx,Identification | Literature summary,no,no,no,no,no,0,no,no,missing_from_candidate_pool,missing_from_candidate_pool,manual_or_openalex_title_import_review,,0.000,,0.000,,0.000,source_suffix=CVPR 2023
Open Set Classification of GAN-based Image Manipulations via a ViT-based Hybrid Architecture,2023,source_attribution,Z_Update_SIA.docx,Identification | Literature summary,no,no,no,no,no,0,no,no,missing_from_candidate_pool,missing_from_candidate_pool,manual_or_openalex_title_import_review,,0.000,,0.000,,0.000,source_suffix=CVPR Workshops 2023
Open Set Synthetic Image Source Attribution,2023,source_attribution,Z_Update_SIA.docx,Identification | Literature summary,no,no,no,no,no,0,no,no,missing_from_candidate_pool,missing_from_candidate_pool,manual_or_openalex_title_import_review,,0.000,,0.000,,0.000,source_suffix=BMVC 2023
"Attributing and Detecting Fake Images Generated by Known GANs. SPW, 2020",2020,detection_and_source_attribution,Z_Update_SIA.docx,Verification | Literature summary,no,no,no,no,no,0,no,no,missing_from_candidate_pool,missing_from_candidate_pool,manual_or_openalex_title_import_review,,0.000,,0.000,,0.000,
Detecting and Simulating Artifacts in GAN Fake Images,2019,detection,Z_Update_SID-2018-2025.docx,Detection,no,no,no,no,no,0,no,no,missing_from_candidate_pool,missing_from_candidate_pool,manual_or_openalex_title_import_review,,0.000,,0.000,,0.000,source_suffix=WIFS 2019
CNN-generated images are surprisingly easy to spot...for now,2020,detection,Z_Update_SID-2018-2025.docx,Detection,no,no,no,no,no,0,no,no,missing_from_candidate_pool,missing_from_candidate_pool,manual_or_openalex_title_import_review,,0.000,,0.000,,0.000,
Watch your Up-Convolution: CNN Based Generative Deep Neural Networks are Failing to Reproduce Spectral Distributions,2020,detection,Z_Update_SID-2018-2025.docx,Detection,no,no,no,no,no,0,no,no,missing_from_candidate_pool,missing_from_candidate_pool,manual_or_openalex_title_import_review,,0.000,,0.000,,0.000,
Fourier Spectrum Discrepancies in Deep Network Generated Images,2020,detection,Z_Update_SID-2018-2025.docx,Detection,no,no,no,no,no,0,no,no,missing_from_candidate_pool,missing_from_candidate_pool,manual_or_openalex_title_import_review,,0.000,,0.000,,0.000,
Beyond the Spectrum: Detecting Deepfakes via Re-Synthesis,2021,detection,Z_Update_SID-2018-2025.docx,Detection,no,no,no,no,no,0,no,no,missing_from_candidate_pool,missing_from_candidate_pool,manual_or_openalex_title_import_review,,0.000,,0.000,,0.000,"source_suffix=IJCAI, 2021"
Detecting Generated Images by Real Images,2022,detection,Z_Update_SID-2018-2025.docx,Detection,no,no,no,no,no,0,no,no,missing_from_candidate_pool,missing_from_candidate_pool,manual_or_openalex_title_import_review,,0.000,,0.000,,0.000,"source_suffix=ECCV, 2022"
BiHPF: bilateral high pass filters for robust deepfake detection,2022,detection,Z_Update_SID-2018-2025.docx,Detection,no,no,no,no,no,0,no,no,missing_from_candidate_pool,missing_from_candidate_pool,manual_or_openalex_title_import_review,,0.000,,0.000,,0.000,"source_suffix=WACV, 2022"
Towards Universal Fake Image Detectors that Generalize Across Generative Models,2023,detection,Z_Update_SID-2018-2025.docx,Detection,no,no,no,no,no,0,no,no,missing_from_candidate_pool,missing_from_candidate_pool,manual_or_openalex_title_import_review,,0.000,,0.000,,0.000,
Detecting Images Generated by Deep Diffusion Models Using Their Local Intrinsic Dimensionality,2023,detection,Z_Update_SID-2018-2025.docx,Detection,no,no,no,no,no,0,no,no,missing_from_candidate_pool,missing_from_candidate_pool,manual_or_openalex_title_import_review,,0.000,,0.000,,0.000,
Exposing fake images generated by text-to-image diffusion models,2023,detection,Z_Update_SID-2018-2025.docx,Detection,no,no,no,no,no,0,no,no,missing_from_candidate_pool,missing_from_candidate_pool,manual_or_openalex_title_import_review,,0.000,,0.000,,0.000,
Diffusion Noise Feature: Accurate and Fast Generated Image Detection,2023,detection,Z_Update_SID-2018-2025.docx,Detection,no,no,no,no,no,0,no,no,missing_from_candidate_pool,missing_from_candidate_pool,manual_or_openalex_title_import_review,,0.000,,0.000,,0.000,source_suffix=arXiv 2023
Detecting Generated Images by Real Images Only,2023,detection,Z_Update_SID-2018-2025.docx,Detection,no,no,no,no,no,0,no,no,missing_from_candidate_pool,missing_from_candidate_pool,manual_or_openalex_title_import_review,,0.000,,0.000,,0.000,source_suffix=arXiv 2023
Harnessing the Power of Large Vision Language Models for Synthetic Image Detection,2024,detection,Z_Update_SID-2018-2025.docx,Detection,no,no,no,no,no,0,no,no,missing_from_candidate_pool,missing_from_candidate_pool,manual_or_openalex_title_import_review,,0.000,,0.000,,0.000,
Parents and Children: Distinguishing Multimodal Deepfakes from Natural Images,2024,detection,Z_Update_SID-2018-2025.docx,Detection | Dataset,no,no,no,no,no,0,no,no,missing_from_candidate_pool,missing_from_candidate_pool,manual_or_openalex_title_import_review,,0.000,,0.000,,0.000,source_suffix=TOMM. 2024; auxiliary; dataset
Unsupervised Generative Fake Image Detector,2024,detection,Z_Update_SID-2018-2025.docx,Detection,no,no,no,no,no,0,no,no,missing_from_candidate_pool,missing_from_candidate_pool,manual_or_openalex_title_import_review,,0.000,,0.000,,0.000,"source_suffix=TCSVT, 2024"
CSC-Net: Cross-Color Spatial Co-Occurrence Matrix Network for Detecting Synthesized Fake Images,2024,detection,Z_Update_SID-2018-2025.docx,Detection,no,no,no,no,no,0,no,no,missing_from_candidate_pool,missing_from_candidate_pool,manual_or_openalex_title_import_review,,0.000,,0.000,,0.000,
MMGANGuard: A Robust Approach for Detecting Fake Images Generated by GANs Using Multi-Model Techniques,2024,detection,Z_Update_SID-2018-2025.docx,Detection,no,no,no,no,no,0,no,no,missing_from_candidate_pool,missing_from_candidate_pool,manual_or_openalex_title_import_review,,0.000,,0.000,,0.000,"source_suffix=IEEE Access, 2024"
MDTL-NET: Computer-generated image detection based on multi-scale deep texture learning,2024,detection,Z_Update_SID-2018-2025.docx,Detection,no,no,no,no,no,0,no,no,missing_from_candidate_pool,missing_from_candidate_pool,manual_or_openalex_title_import_review,,0.000,,0.000,,0.000,
Did You Note My Palette? Unveiling Synthetic Images Through Color Statistics,2024,detection,Z_Update_SID-2018-2025.docx,Detection,no,no,no,no,no,0,no,no,missing_from_candidate_pool,missing_from_candidate_pool,manual_or_openalex_title_import_review,,0.000,,0.000,,0.000,
Enhancing the Generalization of Synthetic Image Detection Models through the Exploration of Features in Deep Detection Models,2024,detection,Z_Update_SID-2018-2025.docx,Detection,no,no,no,no,no,0,no,no,missing_from_candidate_pool,missing_from_candidate_pool,manual_or_openalex_title_import_review,,0.000,,0.000,,0.000,
"Fake-GPT: Detecting Fake Image via Large Language Model. PRCV, 2024",2024,detection,Z_Update_SID-2018-2025.docx,Detection,no,no,no,no,no,0,no,no,missing_from_candidate_pool,missing_from_candidate_pool,manual_or_openalex_title_import_review,,0.000,,0.000,,0.000,
A guided-based approach for deepfake detection: RGB-depth integration via features fusion,2024,detection,Z_Update_SID-2018-2025.docx,Detection,no,no,no,no,no,0,no,no,missing_from_candidate_pool,missing_from_candidate_pool,manual_or_openalex_title_import_review,,0.000,,0.000,,0.000,
Addressing Diffusion Model Based Counter-Forensic Image Manipulation for Synthetic Image Detection,2024,detection,Z_Update_SID-2018-2025.docx,Detection,no,no,no,no,no,0,no,no,missing_from_candidate_pool,missing_from_candidate_pool,manual_or_openalex_title_import_review,,0.000,,0.000,,0.000,
"Detecting Artificial Intelligence-Generated images via deep trace representations and interactive feature fusion Image Fusion, 2024",2024,detection,Z_Update_SID-2018-2025.docx,Detection,no,no,no,no,no,0,no,no,missing_from_candidate_pool,missing_from_candidate_pool,manual_or_openalex_title_import_review,,0.000,,0.000,,0.000,
Data-Independent Operator: A Training-Free Artifact Representation Extractor for Generalizable Deepfake Detection,2024,detection,Z_Update_SID-2018-2025.docx,Detection,no,no,no,no,no,0,no,no,missing_from_candidate_pool,missing_from_candidate_pool,manual_or_openalex_title_import_review,,0.000,,0.000,,0.000,
Deepfake Detection without Deepfakes: Generalization via Synthetic Frequency Patterns Injection,2024,detection,Z_Update_SID-2018-2025.docx,Detection,no,no,no,no,no,0,no,no,missing_from_candidate_pool,missing_from_candidate_pool,manual_or_openalex_title_import_review,,0.000,,0.000,,0.000,
Development of a Dual-Input Neural Model for Detecting AI-Generated Imagery,2024,detection,Z_Update_SID-2018-2025.docx,Detection,no,no,no,no,no,0,no,no,missing_from_candidate_pool,missing_from_candidate_pool,manual_or_openalex_title_import_review,,0.000,,0.000,,0.000,
Mixture of Low-rank Experts for Transferable AI-Generated Image Detection,2024,detection,Z_Update_SID-2018-2025.docx,Detection,no,no,no,no,no,0,no,no,missing_from_candidate_pool,missing_from_candidate_pool,manual_or_openalex_title_import_review,,0.000,,0.000,,0.000,
Text Modality Oriented Image Feature Extraction for Detecting Diffusion-based DeepFake,2024,detection,Z_Update_SID-2018-2025.docx,Detection,no,no,no,no,no,0,no,no,missing_from_candidate_pool,missing_from_candidate_pool,manual_or_openalex_title_import_review,,0.000,,0.000,,0.000,source_suffix=arXiv 20240528
Real-Time Deepfake Detection in the Real-World,2024,detection,Z_Update_SID-2018-2025.docx,Detection | Dataset,no,no,no,no,no,0,no,no,missing_from_candidate_pool,missing_from_candidate_pool,manual_or_openalex_title_import_review,,0.000,,0.000,,0.000,"source_suffix=arXiv, 20240613; auxiliary; dataset"
Improving Interpretability and Robustness for the Detection of AI-Generated Images,2024,detection,Z_Update_SID-2018-2025.docx,Detection,no,no,no,no,no,0,no,no,missing_from_candidate_pool,missing_from_candidate_pool,manual_or_openalex_title_import_review,,0.000,,0.000,,0.000,
Robust CLIP-Based Detector for Exposing Diffusion Model-Generated Images,2024,detection,Z_Update_SID-2018-2025.docx,Detection,no,no,no,no,no,0,no,no,missing_from_candidate_pool,missing_from_candidate_pool,manual_or_openalex_title_import_review,,0.000,,0.000,,0.000,
On the Effectiveness of Dataset Alignment for Fake Image Detection,2024,detection,Z_Update_SID-2018-2025.docx,Detection,no,no,no,no,no,0,no,no,missing_from_candidate_pool,missing_from_candidate_pool,manual_or_openalex_title_import_review,,0.000,,0.000,,0.000,"source_suffix=arXiv, 20241015"
Towards More Accurate Fake Detection on Images Generated from Advanced Generative and Neural Rendering Models,2024,detection,Z_Update_SID-2018-2025.docx,Detection,no,no,no,no,no,0,no,no,missing_from_candidate_pool,missing_from_candidate_pool,manual_or_openalex_title_import_review,,0.000,,0.000,,0.000,"source_suffix=arXiv, 20241113"
Understanding and Improving Training-Free AI-Generated Image Detections with Vision Foundation Models,2024,detection,Z_Update_SID-2018-2025.docx,Detection,no,no,no,no,no,0,no,no,missing_from_candidate_pool,missing_from_candidate_pool,manual_or_openalex_title_import_review,,0.000,,0.000,,0.000,"source_suffix=arXiv, 20241128"
HFI: A unified framework for training-free detection and implicit watermarking of latent diffusion model generated images,2024,detection,Z_Update_SID-2018-2025.docx,Detection,no,no,no,no,no,0,no,no,missing_from_candidate_pool,missing_from_candidate_pool,manual_or_openalex_title_import_review,,0.000,,0.000,,0.000,"source_suffix=arXiv, 20241230"
A closer look at fourier spectrum discrepancies for cnn-generated images detection,2021,detection,Z_Update_SID-2018-2025.docx,Anti-forensics,no,no,no,no,no,0,no,no,missing_from_candidate_pool,missing_from_candidate_pool,manual_or_openalex_title_import_review,,0.000,,0.000,,0.000,"auxiliary; anti-forensics; source_suffix=CVPR, 2021"
Take Fake as Real: Realistic-like Robust Black-box Adversarial Attack to Evade AIGC Detection,2024,detection,Z_Update_SID-2018-2025.docx,Anti-forensics,no,no,no,no,no,0,no,no,missing_from_candidate_pool,missing_from_candidate_pool,manual_or_openalex_title_import_review,,0.000,,0.000,,0.000,"auxiliary; anti-forensics; source_suffix=arXiv, 20241226"
Benchmarking Deepart Detection,2023,detection,Z_Update_SID-2018-2025.docx,Dataset,no,no,no,no,no,0,no,no,missing_from_candidate_pool,missing_from_candidate_pool,manual_or_openalex_title_import_review,,0.000,,0.000,,0.000,auxiliary; benchmark; dataset; source_suffix=arXiv 2023
DeepArt: A Benchmark to Advance Fidelity Research in AI-Generated Content,2023,detection,Z_Update_SID-2018-2025.docx,Dataset,no,no,no,no,no,0,no,no,missing_from_candidate_pool,missing_from_candidate_pool,manual_or_openalex_title_import_review,,0.000,,0.000,,0.000,"auxiliary; benchmark; dataset; source_suffix=arXiv, 20231224"
Seeing is not always believing: benchmarking human and model perception of AI-generated images,2024,detection,Z_Update_SID-2018-2025.docx,Dataset,no,no,no,no,no,0,no,no,missing_from_candidate_pool,missing_from_candidate_pool,manual_or_openalex_title_import_review,,0.000,,0.000,,0.000,"auxiliary; benchmark; dataset; source_suffix=NeurIPS, 2024"
