title,year,normalized_title,key_paper_status,openalex_candidate_status,in_openalex_candidate_papers,in_openalex_candidate_papers_in_scope,in_candidate_map_export,in_public_preview,openalex_url,doi,candidate_record_id,stable_id_status,affiliation_record_status,coordinate_status,export_status,skip_reason,recommended_next_action,notes
Attributing Fake Images to GANs: Learning and Analyzing GAN Fingerprints,2019,attributing fake images to gans learning and analyzing gan fingerprints,in_openalex_candidate_pool_but_not_exported,exact_normalized_title_match,yes,no,no,no,https://openalex.org/W2991318208,10.1109/iccv.2019.00765,,stable_identifier_available,institution_records_available,no_valid_coordinates,stops_before_in_scope_export_input,not_in_in_scope_candidate_file,check_export_rule,OpenAlex matches=2; affiliation rows=3; institution-bearing rows=3; geocoded rows=0; valid-coordinate rows=0. Diagnostic only; key-paper checklist membership remains in scope.
Learning to disentangle gan fingerprint for fake image attribution,2021,learning to disentangle gan fingerprint for fake image attribution,in_openalex_candidate_pool_but_not_exported,exact_normalized_title_match,yes,yes,no,no,https://openalex.org/W3169220064,10.48550/arxiv.2106.08749,,stable_identifier_available,author_rows_without_institution_or_raw_affiliation,not_applicable_without_institution_records,cannot_build_institution_map_record,missing_affiliation_records,add_or_verify_affiliation_records,OpenAlex matches=1; affiliation rows=7; institution-bearing rows=0; geocoded rows=7; valid-coordinate rows=0. Diagnostic only; key-paper checklist membership remains in scope.
Deepfake Network Architecture Attribution,2022,deepfake network architecture attribution,in_openalex_candidate_pool_but_not_exported,exact_normalized_title_match,yes,no,no,no,https://openalex.org/W4283811667,10.1609/aaai.v36i4.20391,,stable_identifier_available,institution_records_available,no_valid_coordinates,stops_before_in_scope_export_input,not_in_in_scope_candidate_file,check_export_rule,OpenAlex matches=1; affiliation rows=9; institution-bearing rows=9; geocoded rows=0; valid-coordinate rows=0. Diagnostic only; key-paper checklist membership remains in scope.
RepMix: Representation Mixing for Robust Attribution of Synthesized Images,2022,repmix representation mixing for robust attribution of synthesized images,in_openalex_candidate_pool_but_not_exported,exact_normalized_title_match,yes,no,no,no,https://openalex.org/W4284702842,10.1007/978-3-031-19781-9_9,,stable_identifier_available,institution_records_available,no_valid_coordinates,stops_before_in_scope_export_input,not_in_in_scope_candidate_file,check_export_rule,OpenAlex matches=1; affiliation rows=4; institution-bearing rows=4; geocoded rows=0; valid-coordinate rows=0. Diagnostic only; key-paper checklist membership remains in scope.
Where Did I Come From? Origin Attribution of AI-Generated Images,2023,where did i come from origin attribution of ai generated images,in_openalex_candidate_pool_but_not_exported,exact_normalized_title_match,yes,yes,no,no,https://openalex.org/W7133223677,10.52202/075280-3256,,stable_identifier_available,author_rows_without_institution_or_raw_affiliation,not_applicable_without_institution_records,cannot_build_institution_map_record,missing_affiliation_records,add_or_verify_affiliation_records,OpenAlex matches=1; affiliation rows=5; institution-bearing rows=0; geocoded rows=5; valid-coordinate rows=0. Diagnostic only; key-paper checklist membership remains in scope.
Reverse engineering of generative models: Inferring model hyperparameters from generated images,2023,reverse engineering of generative models inferring model hyperparameters from generated images,in_openalex_candidate_pool_but_not_exported,exact_normalized_title_match,yes,no,no,no,https://openalex.org/W4385486282,10.1109/tpami.2023.3301451,,stable_identifier_available,institution_records_available,no_valid_coordinates,stops_before_in_scope_export_input,not_in_in_scope_candidate_file,check_export_rule,OpenAlex matches=1; affiliation rows=4; institution-bearing rows=4; geocoded rows=0; valid-coordinate rows=0. Diagnostic only; key-paper checklist membership remains in scope.
Detection of GAN-Generated Images by Estimating Artifact Similarity,2021,detection of gan generated images by estimating artifact similarity,in_openalex_candidate_pool_but_not_exported,exact_normalized_title_match,yes,no,no,no,https://openalex.org/W3217278836,10.1109/lsp.2021.3130525,,stable_identifier_available,institution_records_available,no_valid_coordinates,stops_before_in_scope_export_input,not_in_in_scope_candidate_file,check_export_rule,OpenAlex matches=1; affiliation rows=5; institution-bearing rows=5; geocoded rows=0; valid-coordinate rows=0. Diagnostic only; key-paper checklist membership remains in scope.
Generalizable Synthetic Image Detection via Language-guided Contrastive Learning,2023,generalizable synthetic image detection via language guided contrastive learning,in_openalex_candidate_pool_but_not_exported,exact_normalized_title_match,yes,yes,no,no,https://openalex.org/W4378506811,10.48550/arxiv.2305.13800,,stable_identifier_available,author_rows_without_institution_or_raw_affiliation,not_applicable_without_institution_records,cannot_build_institution_map_record,missing_affiliation_records,add_or_verify_affiliation_records,OpenAlex matches=1; affiliation rows=3; institution-bearing rows=0; geocoded rows=3; valid-coordinate rows=0. Diagnostic only; key-paper checklist membership remains in scope.
GenDet: Towards Good Generalizations for AI-Generated Image Detection,2023,gendet towards good generalizations for ai generated image detection,in_openalex_candidate_pool_but_not_exported,exact_normalized_title_match,yes,no,no,no,https://openalex.org/W4389820666,10.48550/arxiv.2312.08880,,stable_identifier_available,author_rows_without_institution_or_raw_affiliation,not_applicable_without_institution_records,stops_before_in_scope_export_input,not_in_in_scope_candidate_file,check_export_rule,OpenAlex matches=1; affiliation rows=7; institution-bearing rows=0; geocoded rows=0; valid-coordinate rows=0. Diagnostic only; key-paper checklist membership remains in scope.
LaRE^2: Latent Reconstruction Error Based Method for Diffusion-Generated Image Detection,2024,lare 2 latent reconstruction error based method for diffusion generated image detection,in_openalex_candidate_pool_but_not_exported,exact_normalized_title_match,yes,yes,no,no,https://openalex.org/W4393284560,10.48550/arxiv.2403.17465,,stable_identifier_available,author_rows_without_institution_or_raw_affiliation,not_applicable_without_institution_records,cannot_build_institution_map_record,missing_affiliation_records,add_or_verify_affiliation_records,OpenAlex matches=1; affiliation rows=4; institution-bearing rows=0; geocoded rows=4; valid-coordinate rows=0. Diagnostic only; key-paper checklist membership remains in scope.
Exposing the Fake: Effective Diffusion-Generated Images Detection,2024,exposing the fake effective diffusion generated images detection,in_openalex_candidate_pool_but_not_exported,exact_normalized_title_match,yes,yes,no,no,https://openalex.org/W4384268537,10.48550/arxiv.2307.06272,,stable_identifier_available,author_rows_without_institution_or_raw_affiliation,not_applicable_without_institution_records,cannot_build_institution_map_record,missing_affiliation_records,add_or_verify_affiliation_records,OpenAlex matches=1; affiliation rows=5; institution-bearing rows=0; geocoded rows=5; valid-coordinate rows=0. Diagnostic only; key-paper checklist membership remains in scope.
Breaking Semantic Artifacts for Generalized AI-generated Image Detection,2024,breaking semantic artifacts for generalized ai generated image detection,in_openalex_candidate_pool_but_not_exported,exact_normalized_title_match,yes,yes,no,no,https://openalex.org/W4415797310,10.52202/079017-1903,,stable_identifier_available,author_rows_without_institution_or_raw_affiliation,not_applicable_without_institution_records,cannot_build_institution_map_record,missing_affiliation_records,add_or_verify_affiliation_records,OpenAlex matches=1; affiliation rows=7; institution-bearing rows=0; geocoded rows=7; valid-coordinate rows=0. Diagnostic only; key-paper checklist membership remains in scope.
CIFAKE: Image Classification and Explainable Identification of AI-Generated Synthetic Images,2024,cifake image classification and explainable identification of ai generated synthetic images,in_openalex_candidate_pool_but_not_exported,exact_normalized_title_match,yes,no,no,no,https://openalex.org/W4391019749,10.1109/access.2024.3356122,,stable_identifier_available,institution_records_available,no_valid_coordinates,stops_before_in_scope_export_input,not_in_in_scope_candidate_file,check_export_rule,OpenAlex matches=1; affiliation rows=2; institution-bearing rows=2; geocoded rows=0; valid-coordinate rows=0. Diagnostic only; key-paper checklist membership remains in scope.
Advanced Detection of AI-Generated Images Through Vision Transformers,2024,advanced detection of ai generated images through vision transformers,in_openalex_candidate_pool_but_not_exported,exact_normalized_title_match,yes,no,no,no,https://openalex.org/W4405778887,10.1109/access.2024.3522759,,stable_identifier_available,institution_records_available,no_valid_coordinates,stops_before_in_scope_export_input,not_in_in_scope_candidate_file,check_export_rule,OpenAlex matches=1; affiliation rows=1; institution-bearing rows=1; geocoded rows=0; valid-coordinate rows=0. Diagnostic only; key-paper checklist membership remains in scope.
A Single Simple Patch is All You Need for AI-generated Image Detection,2024,a single simple patch is all you need for ai generated image detection,in_openalex_candidate_pool_but_not_exported,exact_normalized_title_match,yes,yes,no,no,https://openalex.org/W4391555851,10.48550/arxiv.2402.01123,,stable_identifier_available,author_rows_without_institution_or_raw_affiliation,not_applicable_without_institution_records,cannot_build_institution_map_record,missing_affiliation_records,add_or_verify_affiliation_records,OpenAlex matches=1; affiliation rows=3; institution-bearing rows=0; geocoded rows=3; valid-coordinate rows=0. Diagnostic only; key-paper checklist membership remains in scope.
PatchCraft: Exploring Texture Patch for Efficient AI-generated Image Detection,2024,patchcraft exploring texture patch for efficient ai generated image detection,in_openalex_candidate_pool_but_not_exported,exact_normalized_title_match,yes,yes,no,no,https://openalex.org/W4388927818,10.48550/arxiv.2311.12397,,stable_identifier_available,author_rows_without_institution_or_raw_affiliation,not_applicable_without_institution_records,cannot_build_institution_map_record,missing_affiliation_records,add_or_verify_affiliation_records,OpenAlex matches=1; affiliation rows=5; institution-bearing rows=0; geocoded rows=5; valid-coordinate rows=0. Diagnostic only; key-paper checklist membership remains in scope.
RIGID: A Training-free and Model-Agnostic Framework for Robust AI-Generated Image Detection,2024,rigid a training free and model agnostic framework for robust ai generated image detection,in_openalex_candidate_pool_but_not_exported,exact_normalized_title_match,yes,yes,no,no,https://openalex.org/W4399252995,10.48550/arxiv.2405.20112,,stable_identifier_available,author_rows_without_institution_or_raw_affiliation,not_applicable_without_institution_records,cannot_build_institution_map_record,missing_affiliation_records,add_or_verify_affiliation_records,OpenAlex matches=1; affiliation rows=3; institution-bearing rows=0; geocoded rows=3; valid-coordinate rows=0. Diagnostic only; key-paper checklist membership remains in scope.
A Sanity Check for AI-generated Image Detection,2025,a sanity check for ai generated image detection,in_openalex_candidate_pool_but_not_exported,exact_normalized_title_match,yes,yes,no,no,https://openalex.org/W4400222289,10.48550/arxiv.2406.19435,,stable_identifier_available,author_rows_without_institution_or_raw_affiliation,not_applicable_without_institution_records,cannot_build_institution_map_record,missing_affiliation_records,add_or_verify_affiliation_records,OpenAlex matches=1; affiliation rows=7; institution-bearing rows=0; geocoded rows=7; valid-coordinate rows=0. Diagnostic only; key-paper checklist membership remains in scope.
AI-generated Image Detection: Passive or Watermark?,2024,ai generated image detection passive or watermark,in_openalex_candidate_pool_but_not_exported,exact_normalized_title_match,yes,yes,no,no,https://openalex.org/W4404649743,10.48550/arxiv.2411.13553,,stable_identifier_available,author_rows_without_institution_or_raw_affiliation,not_applicable_without_institution_records,cannot_build_institution_map_record,missing_affiliation_records,add_or_verify_affiliation_records,OpenAlex matches=1; affiliation rows=7; institution-bearing rows=0; geocoded rows=7; valid-coordinate rows=0. Diagnostic only; key-paper checklist membership remains in scope.
Genimage: A million-scale benchmark for detecting ai-generated image,2023,genimage a million scale benchmark for detecting ai generated image,in_openalex_candidate_pool_but_not_exported,exact_normalized_title_match,yes,yes,no,no,https://openalex.org/W4380993529,10.48550/arxiv.2306.08571,,stable_identifier_available,author_rows_without_institution_or_raw_affiliation,not_applicable_without_institution_records,cannot_build_institution_map_record,missing_affiliation_records,add_or_verify_affiliation_records,OpenAlex matches=2; affiliation rows=10; institution-bearing rows=0; geocoded rows=10; valid-coordinate rows=0. Diagnostic only; key-paper checklist membership remains in scope.
WildFake: A Large-scale Challenging Dataset for AI-Generated Images Detection,2025,wildfake a large scale challenging dataset for ai generated images detection,in_openalex_candidate_pool_but_not_exported,exact_normalized_title_match,yes,yes,no,no,https://openalex.org/W4391987733,10.48550/arxiv.2402.11843,,stable_identifier_available,author_rows_without_institution_or_raw_affiliation,not_applicable_without_institution_records,cannot_build_institution_map_record,missing_affiliation_records,add_or_verify_affiliation_records,OpenAlex matches=1; affiliation rows=2; institution-bearing rows=0; geocoded rows=2; valid-coordinate rows=0. Diagnostic only; key-paper checklist membership remains in scope.
Detecting Multimedia Generated by Large AI Models: A Survey,2024,detecting multimedia generated by large ai models a survey,in_openalex_candidate_pool_but_not_exported,exact_normalized_title_match,yes,no,no,no,https://openalex.org/W4391563741,10.36227/techrxiv.170723324.44685515/v1,,stable_identifier_available,author_rows_without_institution_or_raw_affiliation,not_applicable_without_institution_records,stops_before_in_scope_export_input,not_in_in_scope_candidate_file,check_export_rule,OpenAlex matches=1; affiliation rows=10; institution-bearing rows=0; geocoded rows=0; valid-coordinate rows=0. Diagnostic only; key-paper checklist membership remains in scope.
