title,year,normalized_title,openalex_url,doi,author,author_position,institution,city,region,country,country_code,current_latitude,current_longitude,candidate_latitude,candidate_longitude,candidate_source,candidate_source_detail,candidate_confidence,coordinate_status,apply_status,risk_flags,notes
A Sanity Check for AI-generated Image Detection,2025,a sanity check for ai generated image detection,https://openalex.org/W4400222289,10.48550/arxiv.2406.19435,Weidi Xie,7,Shanghai Jiao Tong University,Shanghai,Shanghai,China,CN,31.2,121.4242,31.2,121.4242,data/manual/institution_record_overrides.csv,data/manual/institution_record_overrides.csv,high,has_valid_coordinates,confirmed,exact_local_coordinate_match,Author-affiliation mapping verified from arXiv HTML first page; affiliation marker 3. | Possible exact local institution coordinate match; verify before copying into enrichment CSV.
A Sanity Check for AI-generated Image Detection,2025,a sanity check for ai generated image detection,https://openalex.org/W4400222289,10.48550/arxiv.2406.19435,Ouxiang Li,2,University of Science and Technology of China,Hefei,Anhui,China,CN,,,,,,,unresolved,ambiguous_institution_location,needs_manual_review,ambiguous_institution_location,Author-affiliation mapping verified from arXiv HTML first page; affiliation marker 2. | Multiple exact local coordinate matches exist for this institution name.
A Sanity Check for AI-generated Image Detection,2025,a sanity check for ai generated image detection,https://openalex.org/W4400222289,10.48550/arxiv.2406.19435,Yanbin Hao,4,University of Science and Technology of China,Hefei,Anhui,China,CN,,,,,,,unresolved,ambiguous_institution_location,needs_manual_review,ambiguous_institution_location,Author-affiliation mapping verified from arXiv HTML first page; affiliation marker 2. | Multiple exact local coordinate matches exist for this institution name.
A Sanity Check for AI-generated Image Detection,2025,a sanity check for ai generated image detection,https://openalex.org/W4400222289,10.48550/arxiv.2406.19435,Shilin Yan,1,Xiaohongshu Inc.,,,,,,,,,,,unresolved,missing_city_country,needs_manual_review,corporate_or_lab_institution; missing_city_country,Location left empty because the paper page only gives Xiaohongshu Inc.
A Sanity Check for AI-generated Image Detection,2025,a sanity check for ai generated image detection,https://openalex.org/W4400222289,10.48550/arxiv.2406.19435,Jiayin Cai,3,Xiaohongshu Inc.,,,,,,,,,,,unresolved,missing_city_country,needs_manual_review,corporate_or_lab_institution; missing_city_country,Location left empty because the paper page only gives Xiaohongshu Inc.
A Sanity Check for AI-generated Image Detection,2025,a sanity check for ai generated image detection,https://openalex.org/W4400222289,10.48550/arxiv.2406.19435,Xiaolong Jiang,5,Xiaohongshu Inc.,,,,,,,,,,,unresolved,missing_city_country,needs_manual_review,corporate_or_lab_institution; missing_city_country,Location left empty because the paper page only gives Xiaohongshu Inc.
A Sanity Check for AI-generated Image Detection,2025,a sanity check for ai generated image detection,https://openalex.org/W4400222289,10.48550/arxiv.2406.19435,Yao Hu,6,Xiaohongshu Inc.,,,,,,,,,,,unresolved,missing_city_country,needs_manual_review,corporate_or_lab_institution; missing_city_country,Location left empty because the paper page only gives Xiaohongshu Inc.
A Single Simple Patch is All You Need for AI-generated Image Detection,2024,a single simple patch is all you need for ai generated image detection,https://openalex.org/W4391555851,10.48550/arxiv.2402.01123,Jiaxuan Chen,1,Nanjing University of Aeronautics and Astronautics,Nanjing,Jiangsu,China,CN,,,,,,,unresolved,ambiguous_institution_location,needs_manual_review,ambiguous_institution_location,Author-affiliation mapping verified from arXiv HTML first page; affiliation marker 1. | Multiple exact local coordinate matches exist for this institution name.
A Single Simple Patch is All You Need for AI-generated Image Detection,2024,a single simple patch is all you need for ai generated image detection,https://openalex.org/W4391555851,10.48550/arxiv.2402.01123,Jieteng Yao,2,Shanghai Jiao Tong University,Shanghai,Shanghai,China,CN,31.2,121.4242,31.2,121.4242,data/manual/institution_record_overrides.csv,data/manual/institution_record_overrides.csv,high,has_valid_coordinates,confirmed,exact_local_coordinate_match,Lab kept only in raw_affiliation; affiliation marker 2. | Possible exact local institution coordinate match; verify before copying into enrichment CSV.
A Single Simple Patch is All You Need for AI-generated Image Detection,2024,a single simple patch is all you need for ai generated image detection,https://openalex.org/W4391555851,10.48550/arxiv.2402.01123,Li Niu,3,Shanghai Jiao Tong University,Shanghai,Shanghai,China,CN,31.2,121.4242,31.2,121.4242,data/manual/institution_record_overrides.csv,data/manual/institution_record_overrides.csv,high,has_valid_coordinates,confirmed,exact_local_coordinate_match,Lab kept only in raw_affiliation; affiliation marker 2. | Possible exact local institution coordinate match; verify before copying into enrichment CSV.
Advanced Detection of AI-Generated Images Through Vision Transformers,2024,advanced detection of ai generated images through vision transformers,https://openalex.org/W4405778887,10.1109/access.2024.3522759,Darshan Lamichhane,1,,,,,,,,,,,,unresolved,missing_affiliation_records,needs_manual_review,missing_affiliation_records,"Automatically extracted OpenAlex authorship/affiliation candidate; verify the author, institution, and location manually. Structured institution missing; preserved raw affiliation text for manual resolution."
AI-generated Image Detection: Passive or Watermark?,2024,ai generated image detection passive or watermark,https://openalex.org/W4404649743,10.48550/arxiv.2411.13553,Moyang Guo,1,Duke University,Durham,North Carolina,United States,US,,,,,,,unresolved,ambiguous_institution_location,needs_manual_review,ambiguous_institution_location,Author-affiliation mapping verified from arXiv HTML first page; affiliation marker 1. | Multiple exact local coordinate matches exist for this institution name.
AI-generated Image Detection: Passive or Watermark?,2024,ai generated image detection passive or watermark,https://openalex.org/W4404649743,10.48550/arxiv.2411.13553,Yuepeng Hu,2,Duke University,Durham,North Carolina,United States,US,,,,,,,unresolved,ambiguous_institution_location,needs_manual_review,ambiguous_institution_location,Author-affiliation mapping verified from arXiv HTML first page; affiliation marker 1. | Multiple exact local coordinate matches exist for this institution name.
AI-generated Image Detection: Passive or Watermark?,2024,ai generated image detection passive or watermark,https://openalex.org/W4404649743,10.48550/arxiv.2411.13553,Zhengyuan Jiang,3,Duke University,Durham,North Carolina,United States,US,,,,,,,unresolved,ambiguous_institution_location,needs_manual_review,ambiguous_institution_location,Author-affiliation mapping verified from arXiv HTML first page; affiliation marker 1. | Multiple exact local coordinate matches exist for this institution name.
AI-generated Image Detection: Passive or Watermark?,2024,ai generated image detection passive or watermark,https://openalex.org/W4404649743,10.48550/arxiv.2411.13553,Zeyu Li,4,Duke University,Durham,North Carolina,United States,US,,,,,,,unresolved,ambiguous_institution_location,needs_manual_review,ambiguous_institution_location,Author-affiliation mapping verified from arXiv HTML first page; affiliation marker 1. | Multiple exact local coordinate matches exist for this institution name.
AI-generated Image Detection: Passive or Watermark?,2024,ai generated image detection passive or watermark,https://openalex.org/W4404649743,10.48550/arxiv.2411.13553,Neil Zhenqiang Gong,7,Duke University,Durham,North Carolina,United States,US,,,,,,,unresolved,ambiguous_institution_location,needs_manual_review,ambiguous_institution_location,Author-affiliation mapping verified from arXiv HTML first page; affiliation marker 1. | Multiple exact local coordinate matches exist for this institution name.
AI-generated Image Detection: Passive or Watermark?,2024,ai generated image detection passive or watermark,https://openalex.org/W4404649743,10.48550/arxiv.2411.13553,Amir Sadovnik,5,Oak Ridge National Laboratory,Oak Ridge,Tennessee,United States,US,,,,,,,unresolved,missing_coordinates_but_has_city_country,needs_manual_review,corporate_or_lab_institution; no_exact_local_coordinate_match,Author-affiliation mapping verified from arXiv HTML first page; affiliation marker 2.
AI-generated Image Detection: Passive or Watermark?,2024,ai generated image detection passive or watermark,https://openalex.org/W4404649743,10.48550/arxiv.2411.13553,Arka Daw,6,Oak Ridge National Laboratory,Oak Ridge,Tennessee,United States,US,,,,,,,unresolved,missing_coordinates_but_has_city_country,needs_manual_review,corporate_or_lab_institution; no_exact_local_coordinate_match,Author-affiliation mapping verified from arXiv HTML first page; affiliation marker 2.
Attributing Fake Images to GANs: Learning and Analyzing GAN Fingerprints,2019,attributing fake images to gans learning and analyzing gan fingerprints,https://openalex.org/W2991318208,10.1109/iccv.2019.00765,Mario Fritz,3,Helmholtz Center for Information Security,,,,DE,,,,,,,unresolved,ambiguous_institution_location,needs_manual_review,ambiguous_institution_location,"Automatically extracted OpenAlex authorship/affiliation candidate; verify the author, institution, and location manually. | Multiple exact local coordinate matches exist for this institution name."
Attributing Fake Images to GANs: Learning and Analyzing GAN Fingerprints,2019,attributing fake images to gans learning and analyzing gan fingerprints,https://openalex.org/W2991318208,10.1109/iccv.2019.00765,Ning Yu,1,"University of Maryland, College Park",,,,US,,,,,,,unresolved,ambiguous_institution_location,needs_manual_review,ambiguous_institution_location,"Automatically extracted OpenAlex authorship/affiliation candidate; verify the author, institution, and location manually. | Multiple exact local coordinate matches exist for this institution name."
Attributing Fake Images to GANs: Learning and Analyzing GAN Fingerprints,2019,attributing fake images to gans learning and analyzing gan fingerprints,https://openalex.org/W2991318208,10.1109/iccv.2019.00765,Larry S. Davis,2,"University of Maryland, College Park",,,,US,,,,,,,unresolved,ambiguous_institution_location,needs_manual_review,ambiguous_institution_location,"Automatically extracted OpenAlex authorship/affiliation candidate; verify the author, institution, and location manually. | Multiple exact local coordinate matches exist for this institution name."
Breaking Semantic Artifacts for Generalized AI-generated Image Detection,2024,breaking semantic artifacts for generalized ai generated image detection,https://openalex.org/W4415797310,10.52202/079017-1903,Xu Guo,1,Xi'an Jiaotong University,Xi'an,Shaanxi,China,CN,34.25833,108.92861,34.25833,108.92861,data/processed/institution_resolution_cache.json,ROR,high,has_valid_coordinates,confirmed,exact_local_coordinate_match,Author list and XJTU affiliation evidence verified from NeurIPS/proceedings and XJTU faculty page. | Possible exact local institution coordinate match; verify before copying into enrichment CSV.
Breaking Semantic Artifacts for Generalized AI-generated Image Detection,2024,breaking semantic artifacts for generalized ai generated image detection,https://openalex.org/W4415797310,10.52202/079017-1903,Chenhao Lin,2,Xi'an Jiaotong University,Xi'an,Shaanxi,China,CN,34.25833,108.92861,34.25833,108.92861,data/processed/institution_resolution_cache.json,ROR,high,has_valid_coordinates,confirmed,exact_local_coordinate_match,Author list and XJTU affiliation evidence verified from NeurIPS/proceedings and XJTU faculty page. | Possible exact local institution coordinate match; verify before copying into enrichment CSV.
Breaking Semantic Artifacts for Generalized AI-generated Image Detection,2024,breaking semantic artifacts for generalized ai generated image detection,https://openalex.org/W4415797310,10.52202/079017-1903,Shuai Liu,3,Xi'an Jiaotong University,Xi'an,Shaanxi,China,CN,34.25833,108.92861,34.25833,108.92861,data/processed/institution_resolution_cache.json,ROR,high,has_valid_coordinates,confirmed,exact_local_coordinate_match,Author list and XJTU affiliation evidence verified from NeurIPS/proceedings and XJTU faculty page. | Possible exact local institution coordinate match; verify before copying into enrichment CSV.
Breaking Semantic Artifacts for Generalized AI-generated Image Detection,2024,breaking semantic artifacts for generalized ai generated image detection,https://openalex.org/W4415797310,10.52202/079017-1903,Chao Shen,4,Xi'an Jiaotong University,Xi'an,Shaanxi,China,CN,34.25833,108.92861,34.25833,108.92861,data/processed/institution_resolution_cache.json,ROR,high,has_valid_coordinates,confirmed,exact_local_coordinate_match,Author list and XJTU affiliation evidence verified from NeurIPS/proceedings and XJTU faculty page. | Possible exact local institution coordinate match; verify before copying into enrichment CSV.
Breaking Semantic Artifacts for Generalized AI-generated Image Detection,2024,breaking semantic artifacts for generalized ai generated image detection,https://openalex.org/W4415797310,10.52202/079017-1903,Hang Wang,5,Xi'an Jiaotong University,Xi'an,Shaanxi,China,CN,34.25833,108.92861,34.25833,108.92861,data/processed/institution_resolution_cache.json,ROR,high,has_valid_coordinates,confirmed,exact_local_coordinate_match,Author list and XJTU affiliation evidence verified from NeurIPS/proceedings and XJTU faculty page. | Possible exact local institution coordinate match; verify before copying into enrichment CSV.
Breaking Semantic Artifacts for Generalized AI-generated Image Detection,2024,breaking semantic artifacts for generalized ai generated image detection,https://openalex.org/W4415797310,10.52202/079017-1903,Zhengyu Zhao,6,Xi'an Jiaotong University,Xi'an,Shaanxi,China,CN,34.25833,108.92861,34.25833,108.92861,data/processed/institution_resolution_cache.json,ROR,high,has_valid_coordinates,confirmed,exact_local_coordinate_match,Author list and XJTU affiliation evidence verified from NeurIPS/proceedings and XJTU faculty page. | Possible exact local institution coordinate match; verify before copying into enrichment CSV.
Breaking Semantic Artifacts for Generalized AI-generated Image Detection,2024,breaking semantic artifacts for generalized ai generated image detection,https://openalex.org/W4415797310,10.52202/079017-1903,Chende Zheng,7,Xi'an Jiaotong University,Xi'an,Shaanxi,China,CN,34.25833,108.92861,34.25833,108.92861,data/processed/institution_resolution_cache.json,ROR,high,has_valid_coordinates,confirmed,exact_local_coordinate_match,Author list and XJTU affiliation evidence verified from NeurIPS/proceedings and XJTU faculty page. | Possible exact local institution coordinate match; verify before copying into enrichment CSV.
CIFAKE: Image Classification and Explainable Identification of AI-Generated Synthetic Images,2024,cifake image classification and explainable identification of ai generated synthetic images,https://openalex.org/W4391019749,10.1109/access.2024.3356122,Jordan J. Bird,1,Nottingham Trent University,,,,GB,52.9536,-1.15047,52.9536,-1.15047,data/processed/institution_resolution_cache.json,ROR,high,has_valid_coordinates,needs_manual_review,exact_local_coordinate_match,"Automatically extracted OpenAlex authorship/affiliation candidate; verify the author, institution, and location manually. | Possible exact local institution coordinate match; verify before copying into enrichment CSV. Demoted from confirmed because no exact enrichment row exists for this candidate key."
CIFAKE: Image Classification and Explainable Identification of AI-Generated Synthetic Images,2024,cifake image classification and explainable identification of ai generated synthetic images,https://openalex.org/W4391019749,10.1109/access.2024.3356122,Ahmad Lotfi,2,Nottingham Trent University,,,,GB,52.9536,-1.15047,52.9536,-1.15047,data/processed/institution_resolution_cache.json,ROR,high,has_valid_coordinates,needs_manual_review,exact_local_coordinate_match,"Automatically extracted OpenAlex authorship/affiliation candidate; verify the author, institution, and location manually. | Possible exact local institution coordinate match; verify before copying into enrichment CSV. Demoted from confirmed because no exact enrichment row exists for this candidate key."
Deepfake Network Architecture Attribution,2022,deepfake network architecture attribution,https://openalex.org/W4283811667,10.1609/aaai.v36i4.20391,Tianyun Yang,1,Institute of Computing Technology,,,,CN,39.9075,116.39723,39.9075,116.39723,data/processed/institution_resolution_cache.json,ROR,high,has_valid_coordinates,needs_manual_review,exact_local_coordinate_match,"Automatically extracted OpenAlex authorship/affiliation candidate; verify the author, institution, and location manually. | Possible exact local institution coordinate match; verify before copying into enrichment CSV. Demoted from confirmed because no exact enrichment row exists for this candidate key."
Deepfake Network Architecture Attribution,2022,deepfake network architecture attribution,https://openalex.org/W4283811667,10.1609/aaai.v36i4.20391,Ziyao Huang,2,Institute of Computing Technology,,,,CN,39.9075,116.39723,39.9075,116.39723,data/processed/institution_resolution_cache.json,ROR,high,has_valid_coordinates,needs_manual_review,exact_local_coordinate_match,"Automatically extracted OpenAlex authorship/affiliation candidate; verify the author, institution, and location manually. | Possible exact local institution coordinate match; verify before copying into enrichment CSV. Demoted from confirmed because no exact enrichment row exists for this candidate key."
Deepfake Network Architecture Attribution,2022,deepfake network architecture attribution,https://openalex.org/W4283811667,10.1609/aaai.v36i4.20391,Juan Cao,3,Institute of Computing Technology,,,,CN,39.9075,116.39723,39.9075,116.39723,data/processed/institution_resolution_cache.json,ROR,high,has_valid_coordinates,needs_manual_review,exact_local_coordinate_match,"Automatically extracted OpenAlex authorship/affiliation candidate; verify the author, institution, and location manually. | Possible exact local institution coordinate match; verify before copying into enrichment CSV. Demoted from confirmed because no exact enrichment row exists for this candidate key."
Deepfake Network Architecture Attribution,2022,deepfake network architecture attribution,https://openalex.org/W4283811667,10.1609/aaai.v36i4.20391,Lei Li,4,Institute of Computing Technology,,,,CN,39.9075,116.39723,39.9075,116.39723,data/processed/institution_resolution_cache.json,ROR,high,has_valid_coordinates,needs_manual_review,exact_local_coordinate_match,"Automatically extracted OpenAlex authorship/affiliation candidate; verify the author, institution, and location manually. | Possible exact local institution coordinate match; verify before copying into enrichment CSV. Demoted from confirmed because no exact enrichment row exists for this candidate key."
Deepfake Network Architecture Attribution,2022,deepfake network architecture attribution,https://openalex.org/W4283811667,10.1609/aaai.v36i4.20391,Xirong Li,5,Renmin University of China,,,,CN,39.9075,116.39723,39.9075,116.39723,data/processed/institution_resolution_cache.json,ROR,high,has_valid_coordinates,needs_manual_review,exact_local_coordinate_match,"Automatically extracted OpenAlex authorship/affiliation candidate; verify the author, institution, and location manually. | Possible exact local institution coordinate match; verify before copying into enrichment CSV. Demoted from confirmed because no exact enrichment row exists for this candidate key."
Deepfake Network Architecture Attribution,2022,deepfake network architecture attribution,https://openalex.org/W4283811667,10.1609/aaai.v36i4.20391,Tianyun Yang,1,University of Chinese Academy of Sciences,,,,CN,,,,,,,unresolved,ambiguous_institution_location,needs_manual_review,ambiguous_institution_location,"Automatically extracted OpenAlex authorship/affiliation candidate; verify the author, institution, and location manually. | Multiple exact local coordinate matches exist for this institution name."
Deepfake Network Architecture Attribution,2022,deepfake network architecture attribution,https://openalex.org/W4283811667,10.1609/aaai.v36i4.20391,Ziyao Huang,2,University of Chinese Academy of Sciences,,,,CN,,,,,,,unresolved,ambiguous_institution_location,needs_manual_review,ambiguous_institution_location,"Automatically extracted OpenAlex authorship/affiliation candidate; verify the author, institution, and location manually. | Multiple exact local coordinate matches exist for this institution name."
Deepfake Network Architecture Attribution,2022,deepfake network architecture attribution,https://openalex.org/W4283811667,10.1609/aaai.v36i4.20391,Juan Cao,3,University of Chinese Academy of Sciences,,,,CN,,,,,,,unresolved,ambiguous_institution_location,needs_manual_review,ambiguous_institution_location,"Automatically extracted OpenAlex authorship/affiliation candidate; verify the author, institution, and location manually. | Multiple exact local coordinate matches exist for this institution name."
Deepfake Network Architecture Attribution,2022,deepfake network architecture attribution,https://openalex.org/W4283811667,10.1609/aaai.v36i4.20391,Lei Li,4,University of Chinese Academy of Sciences,,,,CN,,,,,,,unresolved,ambiguous_institution_location,needs_manual_review,ambiguous_institution_location,"Automatically extracted OpenAlex authorship/affiliation candidate; verify the author, institution, and location manually. | Multiple exact local coordinate matches exist for this institution name."
Detection of GAN-Generated Images by Estimating Artifact Similarity,2021,detection of gan generated images by estimating artifact similarity,https://openalex.org/W3217278836,10.1109/lsp.2021.3130525,Haoliang Li,3,City University of Hong Kong,,,,HK,,,,,,,unresolved,ambiguous_institution_location,needs_manual_review,ambiguous_institution_location,"Automatically extracted OpenAlex authorship/affiliation candidate; verify the author, institution, and location manually. | Multiple exact local coordinate matches exist for this institution name."
Detection of GAN-Generated Images by Estimating Artifact Similarity,2021,detection of gan generated images by estimating artifact similarity,https://openalex.org/W3217278836,10.1109/lsp.2021.3130525,Weichuang Li,1,Sichuan University,,,,CN,,,,,,,unresolved,ambiguous_institution_location,needs_manual_review,ambiguous_institution_location,"Automatically extracted OpenAlex authorship/affiliation candidate; verify the author, institution, and location manually. | Multiple exact local coordinate matches exist for this institution name."
Detection of GAN-Generated Images by Estimating Artifact Similarity,2021,detection of gan generated images by estimating artifact similarity,https://openalex.org/W3217278836,10.1109/lsp.2021.3130525,Peisong He,2,Sichuan University,,,,CN,,,,,,,unresolved,ambiguous_institution_location,needs_manual_review,ambiguous_institution_location,"Automatically extracted OpenAlex authorship/affiliation candidate; verify the author, institution, and location manually. | Multiple exact local coordinate matches exist for this institution name."
Detection of GAN-Generated Images by Estimating Artifact Similarity,2021,detection of gan generated images by estimating artifact similarity,https://openalex.org/W3217278836,10.1109/lsp.2021.3130525,Hongxia Wang,4,Sichuan University,,,,CN,,,,,,,unresolved,ambiguous_institution_location,needs_manual_review,ambiguous_institution_location,"Automatically extracted OpenAlex authorship/affiliation candidate; verify the author, institution, and location manually. OpenAlex author ID missing. | Multiple exact local coordinate matches exist for this institution name."
Detection of GAN-Generated Images by Estimating Artifact Similarity,2021,detection of gan generated images by estimating artifact similarity,https://openalex.org/W3217278836,10.1109/lsp.2021.3130525,Ruimei Zhang,5,Sichuan University,,,,CN,,,,,,,unresolved,ambiguous_institution_location,needs_manual_review,ambiguous_institution_location,"Automatically extracted OpenAlex authorship/affiliation candidate; verify the author, institution, and location manually. | Multiple exact local coordinate matches exist for this institution name."
Exposing the Fake: Effective Diffusion-Generated Images Detection,2024,exposing the fake effective diffusion generated images detection,https://openalex.org/W4384268537,10.48550/arxiv.2307.06272,Jinhao Duan,2,Drexel University,Philadelphia,Pennsylvania,United States,US,,,,,,,unresolved,ambiguous_institution_location,needs_manual_review,ambiguous_institution_location,Author-affiliation mapping verified from OpenReview PDF first page; affiliation marker 2. | Multiple exact local coordinate matches exist for this institution name.
Exposing the Fake: Effective Diffusion-Generated Images Detection,2024,exposing the fake effective diffusion generated images detection,https://openalex.org/W4384268537,10.48550/arxiv.2307.06272,Kaidi Xu,5,Drexel University,Philadelphia,Pennsylvania,United States,US,,,,,,,unresolved,ambiguous_institution_location,needs_manual_review,ambiguous_institution_location,Author-affiliation mapping verified from OpenReview PDF first page; affiliation marker 2. | Multiple exact local coordinate matches exist for this institution name.
Exposing the Fake: Effective Diffusion-Generated Images Detection,2024,exposing the fake effective diffusion generated images detection,https://openalex.org/W4384268537,10.48550/arxiv.2307.06272,Ruipeng Ma,1,University of Electronic Science and Technology of China,Chengdu,Sichuan,China,CN,30.66667,104.06667,30.66667,104.06667,data/processed/institution_resolution_cache.json,ROR,high,has_valid_coordinates,confirmed,exact_local_coordinate_match,Author-affiliation mapping verified from OpenReview PDF first page; affiliation marker 1. Keep department only in raw_affiliation. | Possible exact local institution coordinate match; verify before copying into enrichment CSV.
Exposing the Fake: Effective Diffusion-Generated Images Detection,2024,exposing the fake effective diffusion generated images detection,https://openalex.org/W4384268537,10.48550/arxiv.2307.06272,Fei Kong,3,University of Electronic Science and Technology of China,Chengdu,Sichuan,China,CN,30.66667,104.06667,30.66667,104.06667,data/processed/institution_resolution_cache.json,ROR,high,has_valid_coordinates,confirmed,exact_local_coordinate_match,Author-affiliation mapping verified from OpenReview PDF first page; affiliation marker 1. Keep department only in raw_affiliation. | Possible exact local institution coordinate match; verify before copying into enrichment CSV.
Exposing the Fake: Effective Diffusion-Generated Images Detection,2024,exposing the fake effective diffusion generated images detection,https://openalex.org/W4384268537,10.48550/arxiv.2307.06272,Xiaoshuang Shi,4,University of Electronic Science and Technology of China,Chengdu,Sichuan,China,CN,30.66667,104.06667,30.66667,104.06667,data/processed/institution_resolution_cache.json,ROR,high,has_valid_coordinates,confirmed,exact_local_coordinate_match,Author-affiliation mapping verified from OpenReview PDF first page; affiliation marker 1. Keep department only in raw_affiliation. | Possible exact local institution coordinate match; verify before copying into enrichment CSV.
Generalizable Synthetic Image Detection via Language-guided Contrastive Learning,2023,generalizable synthetic image detection via language guided contrastive learning,https://openalex.org/W4378506811,10.48550/arxiv.2305.13800,Shile Zhang,3,Macao Polytechnic University,Macau,Macau,China,MO,,,,,,,unresolved,missing_coordinates_but_has_city_country,needs_manual_review,no_exact_local_coordinate_match,Faculty kept only in raw_affiliation.
Generalizable Synthetic Image Detection via Language-guided Contrastive Learning,2023,generalizable synthetic image detection via language guided contrastive learning,https://openalex.org/W4378506811,10.48550/arxiv.2305.13800,Haiwei Wu,1,University of Electronic Science and Technology of China,Chengdu,Sichuan,China,CN,30.66667,104.06667,30.66667,104.06667,data/processed/institution_resolution_cache.json,ROR,high,has_valid_coordinates,confirmed,exact_local_coordinate_match,Department/school kept only in raw_affiliation. | Possible exact local institution coordinate match; verify before copying into enrichment CSV.
Generalizable Synthetic Image Detection via Language-guided Contrastive Learning,2023,generalizable synthetic image detection via language guided contrastive learning,https://openalex.org/W4378506811,10.48550/arxiv.2305.13800,Jiantao Zhou,2,University of Macau,Macau,Macau,China,MO,,,,,,,unresolved,missing_coordinates_but_has_city_country,needs_manual_review,no_exact_local_coordinate_match,Lab/department/faculty kept only in raw_affiliation.
Genimage: A million-scale benchmark for detecting ai-generated image,2023,genimage a million scale benchmark for detecting ai generated image,https://openalex.org/W4380993529,10.48550/arxiv.2306.08571,Mingjian Zhu,1,Huawei Noah's Ark Lab,,,,,,,,,,,unresolved,missing_city_country,needs_manual_review,corporate_or_lab_institution; missing_city_country,Paper first page lists all authors under Huawei Noah's Ark Lab. Location left empty because the paper page does not specify city/country.
Genimage: A million-scale benchmark for detecting ai-generated image,2023,genimage a million scale benchmark for detecting ai generated image,https://openalex.org/W4380993529,10.48550/arxiv.2306.08571,Hanting Chen,2,Huawei Noah's Ark Lab,,,,,,,,,,,unresolved,missing_city_country,needs_manual_review,corporate_or_lab_institution; missing_city_country,Paper first page lists all authors under Huawei Noah's Ark Lab. Location left empty because the paper page does not specify city/country.
Genimage: A million-scale benchmark for detecting ai-generated image,2023,genimage a million scale benchmark for detecting ai generated image,https://openalex.org/W4380993529,10.48550/arxiv.2306.08571,Qiangyu Yan,3,Huawei Noah's Ark Lab,,,,,,,,,,,unresolved,missing_city_country,needs_manual_review,corporate_or_lab_institution; missing_city_country,Paper first page lists all authors under Huawei Noah's Ark Lab. Location left empty because the paper page does not specify city/country.
Genimage: A million-scale benchmark for detecting ai-generated image,2023,genimage a million scale benchmark for detecting ai generated image,https://openalex.org/W4380993529,10.48550/arxiv.2306.08571,Xudong Huang,4,Huawei Noah's Ark Lab,,,,,,,,,,,unresolved,missing_city_country,needs_manual_review,corporate_or_lab_institution; missing_city_country,Paper first page lists all authors under Huawei Noah's Ark Lab. Location left empty because the paper page does not specify city/country.
Genimage: A million-scale benchmark for detecting ai-generated image,2023,genimage a million scale benchmark for detecting ai generated image,https://openalex.org/W4380993529,10.48550/arxiv.2306.08571,Guanyu Lin,5,Huawei Noah's Ark Lab,,,,,,,,,,,unresolved,missing_city_country,needs_manual_review,corporate_or_lab_institution; missing_city_country,Paper first page lists all authors under Huawei Noah's Ark Lab. Location left empty because the paper page does not specify city/country.
Genimage: A million-scale benchmark for detecting ai-generated image,2023,genimage a million scale benchmark for detecting ai generated image,https://openalex.org/W4380993529,10.48550/arxiv.2306.08571,Wei Li,6,Huawei Noah's Ark Lab,,,,,,,,,,,unresolved,missing_city_country,needs_manual_review,corporate_or_lab_institution; missing_city_country,Paper first page lists all authors under Huawei Noah's Ark Lab. Location left empty because the paper page does not specify city/country.
Genimage: A million-scale benchmark for detecting ai-generated image,2023,genimage a million scale benchmark for detecting ai generated image,https://openalex.org/W4380993529,10.48550/arxiv.2306.08571,Zhijun Tu,7,Huawei Noah's Ark Lab,,,,,,,,,,,unresolved,missing_city_country,needs_manual_review,corporate_or_lab_institution; missing_city_country,Paper first page lists all authors under Huawei Noah's Ark Lab. Location left empty because the paper page does not specify city/country.
Genimage: A million-scale benchmark for detecting ai-generated image,2023,genimage a million scale benchmark for detecting ai generated image,https://openalex.org/W4380993529,10.48550/arxiv.2306.08571,Hailin Hu,8,Huawei Noah's Ark Lab,,,,,,,,,,,unresolved,missing_city_country,needs_manual_review,corporate_or_lab_institution; missing_city_country,Paper first page lists all authors under Huawei Noah's Ark Lab. Location left empty because the paper page does not specify city/country.
Genimage: A million-scale benchmark for detecting ai-generated image,2023,genimage a million scale benchmark for detecting ai generated image,https://openalex.org/W4380993529,10.48550/arxiv.2306.08571,Jie Hu,9,Huawei Noah's Ark Lab,,,,,,,,,,,unresolved,missing_city_country,needs_manual_review,corporate_or_lab_institution; missing_city_country,Paper first page lists all authors under Huawei Noah's Ark Lab. Location left empty because the paper page does not specify city/country.
Genimage: A million-scale benchmark for detecting ai-generated image,2023,genimage a million scale benchmark for detecting ai generated image,https://openalex.org/W4380993529,10.48550/arxiv.2306.08571,Yunhe Wang,10,Huawei Noah's Ark Lab,,,,,,,,,,,unresolved,missing_city_country,needs_manual_review,corporate_or_lab_institution; missing_city_country,Paper first page lists all authors under Huawei Noah's Ark Lab. Location left empty because the paper page does not specify city/country.
LaRE^2: Latent Reconstruction Error Based Method for Diffusion-Generated Image Detection,2024,lare 2 latent reconstruction error based method for diffusion generated image detection,https://openalex.org/W4393284560,10.48550/arxiv.2403.17465,Yunpeng Luo,1,Tencent YouTu Lab,,,,,,,,,,,unresolved,missing_city_country,needs_manual_review,corporate_or_lab_institution; missing_city_country,Location left empty because the paper page only gives Tencent YouTu Lab.
LaRE^2: Latent Reconstruction Error Based Method for Diffusion-Generated Image Detection,2024,lare 2 latent reconstruction error based method for diffusion generated image detection,https://openalex.org/W4393284560,10.48550/arxiv.2403.17465,Junlong Du,2,Tencent YouTu Lab,,,,,,,,,,,unresolved,missing_city_country,needs_manual_review,corporate_or_lab_institution; missing_city_country,Location left empty because the paper page only gives Tencent YouTu Lab.
LaRE^2: Latent Reconstruction Error Based Method for Diffusion-Generated Image Detection,2024,lare 2 latent reconstruction error based method for diffusion generated image detection,https://openalex.org/W4393284560,10.48550/arxiv.2403.17465,Ke Yan,3,Tencent YouTu Lab,,,,,,,,,,,unresolved,missing_city_country,needs_manual_review,corporate_or_lab_institution; missing_city_country,Location left empty because the paper page only gives Tencent YouTu Lab.
LaRE^2: Latent Reconstruction Error Based Method for Diffusion-Generated Image Detection,2024,lare 2 latent reconstruction error based method for diffusion generated image detection,https://openalex.org/W4393284560,10.48550/arxiv.2403.17465,Shouhong Ding,4,Tencent YouTu Lab,,,,,,,,,,,unresolved,missing_city_country,needs_manual_review,corporate_or_lab_institution; missing_city_country,Location left empty because the paper page only gives Tencent YouTu Lab.
Learning to disentangle gan fingerprint for fake image attribution,2021,learning to disentangle gan fingerprint for fake image attribution,https://openalex.org/W3169220064,10.48550/arxiv.2106.08749,Tianyun Yang,1,"Institute of Computing Technology, Chinese Academy of Sciences",Beijing,Beijing,China,CN,,,,,,,unresolved,missing_coordinates_but_has_city_country,needs_manual_review,no_exact_local_coordinate_match,Author has affiliation markers 1 and 2. Primary canonical institution recorded as ICT CAS; secondary affiliation University of Chinese Academy of Sciences kept in raw_affiliation.
Learning to disentangle gan fingerprint for fake image attribution,2021,learning to disentangle gan fingerprint for fake image attribution,https://openalex.org/W3169220064,10.48550/arxiv.2106.08749,Juan Cao,2,"Institute of Computing Technology, Chinese Academy of Sciences",Beijing,Beijing,China,CN,,,,,,,unresolved,missing_coordinates_but_has_city_country,needs_manual_review,no_exact_local_coordinate_match,Author has affiliation markers 1 and 2. Primary canonical institution recorded as ICT CAS; secondary affiliation University of Chinese Academy of Sciences kept in raw_affiliation.
Learning to disentangle gan fingerprint for fake image attribution,2021,learning to disentangle gan fingerprint for fake image attribution,https://openalex.org/W3169220064,10.48550/arxiv.2106.08749,"Sheng, Qiang",3,"Institute of Computing Technology, Chinese Academy of Sciences",Beijing,Beijing,China,CN,,,,,,,unresolved,missing_coordinates_but_has_city_country,needs_manual_review,no_exact_local_coordinate_match,Author has affiliation markers 1 and 2. Primary canonical institution recorded as ICT CAS; secondary affiliation University of Chinese Academy of Sciences kept in raw_affiliation.
Learning to disentangle gan fingerprint for fake image attribution,2021,learning to disentangle gan fingerprint for fake image attribution,https://openalex.org/W3169220064,10.48550/arxiv.2106.08749,Lei Li,4,"Institute of Computing Technology, Chinese Academy of Sciences",Beijing,Beijing,China,CN,,,,,,,unresolved,missing_coordinates_but_has_city_country,needs_manual_review,no_exact_local_coordinate_match,Author has affiliation markers 1 and 2. Primary canonical institution recorded as ICT CAS; secondary affiliation University of Chinese Academy of Sciences kept in raw_affiliation.
Learning to disentangle gan fingerprint for fake image attribution,2021,learning to disentangle gan fingerprint for fake image attribution,https://openalex.org/W3169220064,10.48550/arxiv.2106.08749,Sheng Tang,7,"Institute of Computing Technology, Chinese Academy of Sciences",Beijing,Beijing,China,CN,,,,,,,unresolved,missing_coordinates_but_has_city_country,needs_manual_review,no_exact_local_coordinate_match,Author has affiliation markers 1 and 2. Primary canonical institution recorded as ICT CAS; secondary affiliation University of Chinese Academy of Sciences kept in raw_affiliation.
Learning to disentangle gan fingerprint for fake image attribution,2021,learning to disentangle gan fingerprint for fake image attribution,https://openalex.org/W3169220064,10.48550/arxiv.2106.08749,Jiaqi Ji,5,Renmin University of China,Beijing,Beijing,China,CN,39.9075,116.39723,39.9075,116.39723,data/processed/institution_resolution_cache.json,ROR,high,has_valid_coordinates,confirmed,exact_local_coordinate_match,Author-affiliation mapping verified from ar5iv/arXiv HTML first page; affiliation marker 3. | Possible exact local institution coordinate match; verify before copying into enrichment CSV.
Learning to disentangle gan fingerprint for fake image attribution,2021,learning to disentangle gan fingerprint for fake image attribution,https://openalex.org/W3169220064,10.48550/arxiv.2106.08749,Xirong Li,6,Renmin University of China,Beijing,Beijing,China,CN,39.9075,116.39723,39.9075,116.39723,data/processed/institution_resolution_cache.json,ROR,high,has_valid_coordinates,confirmed,exact_local_coordinate_match,Author-affiliation mapping verified from ar5iv/arXiv HTML first page; affiliation marker 3. | Possible exact local institution coordinate match; verify before copying into enrichment CSV.
PatchCraft: Exploring Texture Patch for Efficient AI-generated Image Detection,2024,patchcraft exploring texture patch for efficient ai generated image detection,https://openalex.org/W4388927818,10.48550/arxiv.2311.12397,Nan Zhong,1,Fudan University,Shanghai,Shanghai,China,CN,,,,,,,unresolved,ambiguous_institution_location,needs_manual_review,ambiguous_institution_location,Paper first page lists all authors under Fudan University. | Multiple exact local coordinate matches exist for this institution name.
PatchCraft: Exploring Texture Patch for Efficient AI-generated Image Detection,2024,patchcraft exploring texture patch for efficient ai generated image detection,https://openalex.org/W4388927818,10.48550/arxiv.2311.12397,Yiran Xu,2,Fudan University,Shanghai,Shanghai,China,CN,,,,,,,unresolved,ambiguous_institution_location,needs_manual_review,ambiguous_institution_location,Paper first page lists all authors under Fudan University. | Multiple exact local coordinate matches exist for this institution name.
PatchCraft: Exploring Texture Patch for Efficient AI-generated Image Detection,2024,patchcraft exploring texture patch for efficient ai generated image detection,https://openalex.org/W4388927818,10.48550/arxiv.2311.12397,"Li, Sheng",3,Fudan University,Shanghai,Shanghai,China,CN,,,,,,,unresolved,ambiguous_institution_location,needs_manual_review,ambiguous_institution_location,Paper first page lists all authors under Fudan University. | Multiple exact local coordinate matches exist for this institution name.
PatchCraft: Exploring Texture Patch for Efficient AI-generated Image Detection,2024,patchcraft exploring texture patch for efficient ai generated image detection,https://openalex.org/W4388927818,10.48550/arxiv.2311.12397,Zhenxing Qian,4,Fudan University,Shanghai,Shanghai,China,CN,,,,,,,unresolved,ambiguous_institution_location,needs_manual_review,ambiguous_institution_location,Paper first page lists all authors under Fudan University. | Multiple exact local coordinate matches exist for this institution name.
PatchCraft: Exploring Texture Patch for Efficient AI-generated Image Detection,2024,patchcraft exploring texture patch for efficient ai generated image detection,https://openalex.org/W4388927818,10.48550/arxiv.2311.12397,Xinpeng Zhang,5,Fudan University,Shanghai,Shanghai,China,CN,,,,,,,unresolved,ambiguous_institution_location,needs_manual_review,ambiguous_institution_location,Paper first page lists all authors under Fudan University. | Multiple exact local coordinate matches exist for this institution name.
RepMix: Representation Mixing for Robust Attribution of Synthesized Images,2022,repmix representation mixing for robust attribution of synthesized images,https://openalex.org/W4284702842,10.1007/978-3-031-19781-9_9,John Collomosse,3,Adobe Systems (United States),,,,US,,,,,,,unresolved,ambiguous_institution_location,needs_manual_review,ambiguous_institution_location,"Automatically extracted OpenAlex authorship/affiliation candidate; verify the author, institution, and location manually. | Multiple exact local coordinate matches exist for this institution name."
RepMix: Representation Mixing for Robust Attribution of Synthesized Images,2022,repmix representation mixing for robust attribution of synthesized images,https://openalex.org/W4284702842,10.1007/978-3-031-19781-9_9,Ning Yu,2,Salesforce (United States),,,,US,,,,,,,unresolved,ambiguous_institution_location,needs_manual_review,ambiguous_institution_location,"Automatically extracted OpenAlex authorship/affiliation candidate; verify the author, institution, and location manually. | Multiple exact local coordinate matches exist for this institution name."
RepMix: Representation Mixing for Robust Attribution of Synthesized Images,2022,repmix representation mixing for robust attribution of synthesized images,https://openalex.org/W4284702842,10.1007/978-3-031-19781-9_9,Tu Bui,1,University of Surrey,,,,GB,,,,,,,unresolved,ambiguous_institution_location,needs_manual_review,ambiguous_institution_location,"Automatically extracted OpenAlex authorship/affiliation candidate; verify the author, institution, and location manually. | Multiple exact local coordinate matches exist for this institution name."
RepMix: Representation Mixing for Robust Attribution of Synthesized Images,2022,repmix representation mixing for robust attribution of synthesized images,https://openalex.org/W4284702842,10.1007/978-3-031-19781-9_9,John Collomosse,3,University of Surrey,,,,GB,,,,,,,unresolved,ambiguous_institution_location,needs_manual_review,ambiguous_institution_location,"Automatically extracted OpenAlex authorship/affiliation candidate; verify the author, institution, and location manually. | Multiple exact local coordinate matches exist for this institution name."
Reverse engineering of generative models: Inferring model hyperparameters from generated images,2023,reverse engineering of generative models inferring model hyperparameters from generated images,https://openalex.org/W4385486282,10.1109/tpami.2023.3301451,Xi Yin,2,,,,,,,,,,,,unresolved,missing_affiliation_records,needs_manual_review,missing_affiliation_records,"Automatically extracted OpenAlex authorship/affiliation candidate; verify the author, institution, and location manually. Structured institution missing; preserved raw affiliation text for manual resolution."
Reverse engineering of generative models: Inferring model hyperparameters from generated images,2023,reverse engineering of generative models inferring model hyperparameters from generated images,https://openalex.org/W4385486282,10.1109/tpami.2023.3301451,Tal Hassner,3,,,,,,,,,,,,unresolved,missing_affiliation_records,needs_manual_review,missing_affiliation_records,"Automatically extracted OpenAlex authorship/affiliation candidate; verify the author, institution, and location manually. Structured institution missing; preserved raw affiliation text for manual resolution."
Reverse engineering of generative models: Inferring model hyperparameters from generated images,2023,reverse engineering of generative models inferring model hyperparameters from generated images,https://openalex.org/W4385486282,10.1109/tpami.2023.3301451,Vishal Asnani,1,Michigan State University,,,,US,42.73698,-84.48387,42.73698,-84.48387,data/processed/institution_resolution_cache.json,ROR,high,has_valid_coordinates,needs_manual_review,exact_local_coordinate_match,"Automatically extracted OpenAlex authorship/affiliation candidate; verify the author, institution, and location manually. | Possible exact local institution coordinate match; verify before copying into enrichment CSV. Demoted from confirmed because no exact enrichment row exists for this candidate key."
Reverse engineering of generative models: Inferring model hyperparameters from generated images,2023,reverse engineering of generative models inferring model hyperparameters from generated images,https://openalex.org/W4385486282,10.1109/tpami.2023.3301451,Xiaoming Liu,4,Michigan State University,,,,US,42.73698,-84.48387,42.73698,-84.48387,data/processed/institution_resolution_cache.json,ROR,high,has_valid_coordinates,needs_manual_review,exact_local_coordinate_match,"Automatically extracted OpenAlex authorship/affiliation candidate; verify the author, institution, and location manually. | Possible exact local institution coordinate match; verify before copying into enrichment CSV. Demoted from confirmed because no exact enrichment row exists for this candidate key."
RIGID: A Training-free and Model-Agnostic Framework for Robust AI-Generated Image Detection,2024,rigid a training free and model agnostic framework for robust ai generated image detection,https://openalex.org/W4399252995,10.48550/arxiv.2405.20112,Pin‐Yu Chen,2,IBM Research,,,,,,,,,,,unresolved,missing_city_country,needs_manual_review,corporate_or_lab_institution; missing_city_country,Location left empty because the paper page only gives IBM Research.
RIGID: A Training-free and Model-Agnostic Framework for Robust AI-Generated Image Detection,2024,rigid a training free and model agnostic framework for robust ai generated image detection,https://openalex.org/W4399252995,10.48550/arxiv.2405.20112,Zhiyuan He,1,The Chinese University of Hong Kong,Hong Kong,Hong Kong,Hong Kong,HK,,,,,,,unresolved,missing_coordinates_but_has_city_country,needs_manual_review,no_exact_local_coordinate_match,Department kept only in raw_affiliation.
RIGID: A Training-free and Model-Agnostic Framework for Robust AI-Generated Image Detection,2024,rigid a training free and model agnostic framework for robust ai generated image detection,https://openalex.org/W4399252995,10.48550/arxiv.2405.20112,Tsung-Yi Ho,3,The Chinese University of Hong Kong,Hong Kong,Hong Kong,Hong Kong,HK,,,,,,,unresolved,missing_coordinates_but_has_city_country,needs_manual_review,no_exact_local_coordinate_match,Department kept only in raw_affiliation.
Where Did I Come From? Origin Attribution of AI-Generated Images,2023,where did i come from origin attribution of ai generated images,https://openalex.org/W7133223677,10.52202/075280-3256,Zhenting Wang,4,Rutgers University,Piscataway,New Jersey,United States,US,40.48622,-74.45182,40.48622,-74.45182,data/processed/institution_resolution_cache.json,ROR,high,has_valid_coordinates,confirmed,exact_local_coordinate_match,Author-affiliation mapping verified from NeurIPS PDF first page. | Possible exact local institution coordinate match; verify before copying into enrichment CSV.
Where Did I Come From? Origin Attribution of AI-Generated Images,2023,where did i come from origin attribution of ai generated images,https://openalex.org/W7133223677,10.52202/075280-3256,Chen Chen,1,Sony AI,,,,,,,,,,,unresolved,missing_city_country,needs_manual_review,corporate_or_lab_institution; missing_city_country,Author-affiliation mapping verified from NeurIPS PDF first page. Location left empty because the paper page does not specify an office location.
Where Did I Come From? Origin Attribution of AI-Generated Images,2023,where did i come from origin attribution of ai generated images,https://openalex.org/W7133223677,10.52202/075280-3256,Lingjuan Lyu,2,Sony AI,,,,,,,,,,,unresolved,missing_city_country,needs_manual_review,corporate_or_lab_institution; missing_city_country,Author-affiliation mapping verified from NeurIPS PDF first page. Location left empty because the paper page does not specify an office location.
Where Did I Come From? Origin Attribution of AI-Generated Images,2023,where did i come from origin attribution of ai generated images,https://openalex.org/W7133223677,10.52202/075280-3256,Shiqing Ma,3,University of Massachusetts Amherst,Amherst,Massachusetts,United States,US,,,,,,,unresolved,missing_coordinates_but_has_city_country,needs_manual_review,no_exact_local_coordinate_match,Author-affiliation mapping verified from NeurIPS PDF first page.
Where Did I Come From? Origin Attribution of AI-Generated Images,2023,where did i come from origin attribution of ai generated images,https://openalex.org/W7133223677,10.52202/075280-3256,Yi Zeng,5,Virginia Tech,Blacksburg,Virginia,United States,US,,,,,,,unresolved,ambiguous_institution_location,needs_manual_review,ambiguous_institution_location,Author-affiliation mapping verified from NeurIPS PDF first page. | Multiple exact local coordinate matches exist for this institution name.
WildFake: A Large-scale Challenging Dataset for AI-Generated Images Detection,2025,wildfake a large scale challenging dataset for ai generated images detection,https://openalex.org/W4391987733,10.48550/arxiv.2402.11843,"Hong, Yan",1,Ant Group,Hangzhou,Zhejiang,China,CN,30.2741,120.1551,30.2741,120.1551,data/manual/institution_record_overrides.csv,data/manual/institution_record_overrides.csv,high,has_valid_coordinates,confirmed,corporate_or_lab_institution; exact_local_coordinate_match,Current local CSV has the arXiv two-author version. AAAI official page lists Yan Hong with Ant Group in the expanded 2025 version. Coordinates remain empty. | Possible exact local institution coordinate match; verify before copying into enrichment CSV.
WildFake: A Large-scale Challenging Dataset for AI-Generated Images Detection,2025,wildfake a large scale challenging dataset for ai generated images detection,https://openalex.org/W4391987733,10.48550/arxiv.2402.11843,Jianfu Zhang,2,Shanghai Jiao Tong University,Shanghai,Shanghai,China,CN,31.2,121.4242,31.2,121.4242,data/manual/institution_record_overrides.csv,data/manual/institution_record_overrides.csv,high,has_valid_coordinates,confirmed,exact_local_coordinate_match,Current local CSV has the arXiv two-author version. AAAI official page lists Jianfu Zhang with Shanghai Jiao Tong University in the expanded 2025 version. Coordinates remain empty. | Possible exact local institution coordinate match; verify before copying into enrichment CSV.
