title,year,authors,doi,arxiv_id,openalex_url,paper_url,expected_task,source_doc,section,notes
Do GANs Leave Artificial Fingerprints?,2019,"Francesco Marra, Diego Gragnaniello, Luisa Verdoliva, Giovanni Poggi",,,,https://ieeexplore.ieee.org/document/8695364,source_attribution,Z_Update_SIA.docx,Identification | Literature summary,source_suffix=MIPR 2019; source_suffix=MIPR，2019
Attributing Fake Images to GANs: Learning and Analyzing GAN Fingerprints,2019,"Ning Yu, Larry Davis, Mario Fritz. University of Maryland, USA",,,,https://openaccess.thecvf.com/content_ICCV_2019/papers/Yu_Attributing_Fake_Images_to_GANs_Learning_and_Analyzing_GAN_Fingerprints_ICCV_2019_paper.pdf,source_attribution,Z_Update_SIA.docx,Identification | Literature summary,source_suffix=ICCV 2019
Incremental learning for the detection and classification of GAN-generated image,2019,"Francesco Marra; Cristiano Saltori; Giulia Boato; Luisa Verdoliva. University Federico II of Naples, Italy",,,,https://ieeexplore.ieee.org/abstract/document/9035099,source_attribution,Z_Update_SIA.docx,Identification | Literature summary,"source_suffix=WIFS, 2019"
Source Generator Attribution via Inversion,2019,"Michael Albright and Scott McCloskey. Honeywell ACST, USA",,,,https://openaccess.thecvf.com/content_CVPRW_2019/papers/Media%20Forensics/Albright_Source_Generator_Attribution_via_Inversion_CVPRW_2019_paper.pdf,source_attribution,Z_Update_SIA.docx,Identification | Literature summary,source_suffix=CVPR Workshops 2019
Scalable fine-grained generated image classification based on deep metric learning,2019,"Xuan, Xinsheng and Peng, Bo and Wang, Wei and Dong, Jing. Chinese Academy of Sciences, China",,,,,source_attribution,Z_Update_SIA.docx,Identification | Literature summary,"source_suffix=arXiv, 2019"
Leveraging Frequency Analysis for Deep Fake Image Recognition,2020,"Joel Frank, Thorsten Eisenhofer, Lea Schönherr, Asja Fischer, Dorothea Kolossa, Thorsten Holz",10.5555/3524938.3525242,,,https://dl.acm.org/doi/pdf/10.5555/3524938.3525242,detection_and_source_attribution,Z_Update_SIA.docx | Z_Update_SID-2018-2025.docx,Identification | Detection,"source_suffix=ICML, 2020"
Towards discovery and attribution of open-world gan generated images,2021,"Sharath Girish, Saksham Suri, Saketh Rambhatla, Abhinav Shrivastava. University of Maryland, USA",,,,https://openaccess.thecvf.com/content/ICCV2021/papers/Girish_Towards_Discovery_and_Attribution_of_Open-World_GAN_Generated_Images_ICCV_2021_paper.pdf,source_attribution,Z_Update_SIA.docx,Identification | Literature summary,source_suffix=ICCV 2021
Does a GAN leave distinct model-specific fingerprints?,2021,"Yuzhen Ding, Nupur Thakur and baoxin Li. Arizona State University, USA",,,,https://www.bmvc2021-virtualconference.com/assets/papers/0197.pdf,source_attribution,Z_Update_SIA.docx,Identification | Literature summary,source_suffix=BMVC 2021
On attribution of deepfakes,2021,"Baiwu Zhang, Jin Peng Zhou, Ilia Shumailov, Nicolas Papernot. University of Toronto, Canada",,,,,source_attribution,Z_Update_SIA.docx,Identification | Literature summary,source_suffix=arXiv 20210303
Learning to disentangle gan fingerprint for fake image attribution,2021,"Tianyun Yang, Juan Cao, Qiang Sheng, Lei Li, Jiaqi Ji, Xirong Li, Sheng Tang",,,,,source_attribution,Z_Update_SIA.docx,Identification,"source_suffix=arXiv, 20210616"
Deepfake Network Architecture Attribution,2022,"Tianyun Yang, Ziyao Huang, Juan Cao, Lei Li, Xirong Li. Chinese Academy of Sciences",,,,https://cdn.aaai.org/ojs/20391/20391-13-24404-1-2-20220628.pdf,source_attribution,Z_Update_SIA.docx,Identification | Literature summary,source_suffix=AAAI 2022
RepMix: Representation Mixing for Robust Attribution of Synthesized Images,2022,"Tu Bui, Ning Yu, and John Collomosse. University of Surrey, UK",,,,https://www.ecva.net/papers/eccv_2022/papers_ECCV/papers/136740140.pdf,source_attribution,Z_Update_SIA.docx,Identification | Literature summary,source_suffix=ECCV 2022
Did you use my GAN to generate fake? post-hoc attribution of GAN images via latent recovery,2022,"Syou Hirofumi; Kazuto Fukuchi; Yohei Akimoto; Jun Sakuma. Univresity of Tskuba, Japan",,,,https://ieeexplore.ieee.org/document/9892704/,source_attribution,Z_Update_SIA.docx,Identification | Literature summary,source_suffix=IJCNN 2022
DE-FAKE- Detection and Attribution of Fake Images Generated by Text-to-Image Generation Models,2023,"Zeyang Sha, Zheng Li, Ning Yu, Yang Zhang. CISPA, Gernamy",10.1145/3576915.3616588,,,https://dl.acm.org/doi/10.1145/3576915.3616588,detection_and_source_attribution,Z_Update_SIA.docx | Z_Update_SID-2018-2025.docx,Identification | Literature summary | Detection,"source_suffix=CCS, 2023"
Progressive Open Space Expansion for Open-Set Model Attribution,2023,"Tianyun Yang, Danding Wang, Fan Tang, Xinying Zhao, Juan Cao, Sheng Tang. Chinese Academy of Sciences",,,,https://openaccess.thecvf.com/content/CVPR2023/papers/Yang_Progressive_Open_Space_Expansion_for_Open-Set_Model_Attribution_CVPR_2023_paper.pdf,source_attribution,Z_Update_SIA.docx,Identification | Literature summary,source_suffix=CVPR 2023
Open Set Classification of GAN-based Image Manipulations via a ViT-based Hybrid Architecture,2023,"Jun Wang, Omran Alamayreh, Benedetta Tondi, Mauro Barni. University of Siena, Italy",,,,https://openaccess.thecvf.com/content/CVPR2023W/WMF/papers/Wang_Open_Set_Classification_of_GAN-Based_Image_Manipulations_via_a_ViT-Based_CVPRW_2023_paper.pdf,source_attribution,Z_Update_SIA.docx,Identification | Literature summary,source_suffix=CVPR Workshops 2023
Open Set Synthetic Image Source Attribution,2023,"Shengbang Fang, Tai D. Nguyen, Matthew C. Stamm. Drexel University, USA",,,,https://papers.bmvc2023.org/0659.pdf,source_attribution,Z_Update_SIA.docx,Identification | Literature summary,source_suffix=BMVC 2023
ManiFPT: Defining and Analyzing Fingerprints of Generative Models,2024,"Hae Jin Song, Mahyar Khayatkhoei, Wael AbdAlmageed",,,,https://openaccess.thecvf.com/content/CVPR2024/papers/Song_ManiFPT_Defining_and_Analyzing_Fingerprints_of_Generative_Models_CVPR_2024_paper.pdf,source_attribution,Z_Update_SIA.docx,Identification,"source_suffix=CVPR, 2024"
Tiny Autoencoders are Effective Few-Shot Generative Model Detectors,2024,"Luca Bindini, Giulia Bertazzini, Daniele Baracchi, Dasara Shullani, Paolo Frasconi, and Alessandro Piva. University of Florence, Italy",,,,https://ieeexplore.ieee.org/stamp/stamp.jsp?tp=&arnumber=10810686&tag=1,source_attribution,Z_Update_SIA.docx,Dataset | Literature summary,"auxiliary; dataset; source_suffix=WIFS, 2024"
Are CLIP features all you need for Universal,2024,"Dario Cioni, Christos Tzelepis, Lorenzo Seidenari, and Ioannis Patras. University of Florence",,,,,source_attribution,Z_Update_SIA.docx,Dataset,"auxiliary; dataset; source_suffix=Synthetic Image Origin Attribution? ECCV Workshop, 2024"
BOSC: A Backdoor-based Framework for Open Set Synthetic Image Attribution,2025,"Jun Wang, Benedetta Tondi, Mauro Barni. University of Siena, Italy",,,,,source_attribution,Z_Update_SIA.docx,Dataset,"auxiliary; dataset; source_suffix=TIFS, 2025"
Model Synthesis for Zero-Shot Model Attribution,2025,"Tianyun Yang, Juan Cao, Danding Wang, Chang Xu. 中科院",,,,,source_attribution,Z_Update_SIA.docx,Dataset,"auxiliary; dataset; source_suffix=TMM, 2025"
Detecting Origin Attribution for Text-to-Image Diffusion Models,2025,"Katherine Xu, Lingzhi Zhang, Jianbo Shi. University of Pennsylvania, USA",,,,https://openaccess.thecvf.com/content/WACV2025/papers/Xu_Detecting_Origin_Attribution_for_Text-to-Image_Diffusion_Models_WACV_2025_paper.pdf,detection_and_source_attribution,Z_Update_SIA.docx,Dataset | Literature summary,"auxiliary; dataset; source_suffix=WACV, 2025"
Few-Shot Class-Incremental Model Attribution Using Learnable Representation From CLIP-ViT Features,2025,"Hanbyul Lee, Juneho Yi. Sungkyunkwan University",,,,,source_attribution,Z_Update_SIA.docx,Dataset | Literature summary,"auxiliary; dataset; source_suffix=arXiv, 20250311; source_suffix=arXiv, 2025"
LoRAX: LoRA eXpandable Networks for Continual Synthetic Image Attribution,2025,"Danielle Sullivan-Pao, Nicole Tian, Pooya Khorrami. MIT Lincoln Laboratory & Yale University",,,,,source_attribution,Z_Update_SIA.docx,Dataset | Literature summary,"auxiliary; dataset; source_suffix=arXiv, 20250410; source_suffix=arXiv, 2025"
"Detection, Attribution and Localization of GAN Generated Images",2021,M Goebel，L Nataraj，T Nanjundaswamy，TM Mohammed，BS Manjunath,,,,,detection_and_source_attribution,Z_Update_SIA.docx | Z_Update_SID-2018-2025.docx,To supplement | Detection,source_suffix=arXiv 2021
FIDAVL: Fake Image Detection and Attribution using Vision-Language Model,2024,"Mamadou Keita, Wassim Hamidouche, Hessen Bougueffa Eutamene, Abdelmalik Taleb-Ahmed, Abdenour Hadid.",10.1007/978-3-031-78305-0_11,,,https://link.springer.com/content/pdf/10.1007/978-3-031-78305-0_11,detection_and_source_attribution,Z_Update_SIA.docx | Z_Update_SID-2018-2025.docx,To supplement | Detection,"source_suffix=ICPR, 2024"
Whodunit: Detection and Attribution of Synthetic Images by Leveraging Model-specific Fingerprints,2025,"Alexander Wißmann, Steffen Zeiler, Robert M. Nickel, Dorothea Kolossa. MAD Workshop, 2024.",10.1145/3643491.3660280,,,https://dl.acm.org/doi/pdf/10.1145/3643491.3660280,detection_and_source_attribution,Z_Update_SIA.docx,To supplement,
"Forensic Self-Descriptions Are All You Need for Zero-Shot Detection, Open-Set Source Attribution, and Clustering of AI-generated Images",2025,"Tai D. Nguyen, Aref Azizpour, Matthew C. Stamm",,,,,detection_and_source_attribution,Z_Update_SIA.docx | Z_Update_SID-2018-2025.docx,To supplement | Detection,"source_suffix=CVPR,2025"
ReTD: Reconstruction-Based Traceability Detection for Generated Images,2025,"Weizhuo Chen, Fangfang Yuan, Cong Cao, Kun Peng, Dakui Wang, Yanbing Liu. Chinese Academy of Sciences",,,,https://ieeexplore.ieee.org/stamp/stamp.jsp?tp=&arnumber=10890492,detection_and_source_attribution,Z_Update_SIA.docx | Z_Update_SID-2018-2025.docx,To supplement | Literature summary | Detection,"source_suffix=ICASSP, 2025"
DeepGuard: Identification and Attribution of AI-Generated Synthetic Images,2025,"Yasmine Namani, Ikram Reghioua, Gueltoum Bendiab, Mohamed Aymen Labiod, Stavros Shiaeles",,,,https://www.mdpi.com/2079-9292/14/4/665,detection_and_source_attribution,Z_Update_SIA.docx | Z_Update_SID-2018-2025.docx,To supplement | Detection,"source_suffix=Electronics, 2025"
Autonomous and Self-Adapting System for Synthetic Media Detection and Attribution,2025,"Aref Azizpour, Tai D. Nguyen, Matthew C. Stamm Drexel University",,,,,detection_and_source_attribution,Z_Update_SIA.docx | Z_Update_SID-2018-2025.docx,To supplement | Detection,"source_suffix=arXiv, 20250404"
Where Did I Come From? Origin Attribution of AI-Generated Images,2023,"Zhenting Wang, Chen Chen, Yi Zeng, Lingjuan Lyu, Shiqing Ma. Rutgers University, USA",,,,https://proceedings.neurips.cc/paper_files/paper/2023/file/ebb4c188fafe7da089b41a9f615ad84d-Paper-Conference.pdf,source_attribution,Z_Update_SIA.docx,Verification | Literature summary,"source_suffix=NeurIPS, 2023"
Reverse engineering of generative models: Inferring model hyperparameters from generated images,2023,"Vishal Asnani, Xi Yin, Tal Hassner, Xiaoming Liu. Michigan State University, USA",,,,,source_attribution,Z_Update_SIA.docx,Verification,source_suffix=IEEE TPAMI 2023
How to Trace Latent Generative Model Generated Images without Artificial Watermark?,2024,"Zhenting Wang, Vikash Sehwag, Chen Chen, Lingjuan Lyu, Dimitris N. Metaxas, Shiqing Ma. Rutgers University, USA",,,,,source_attribution,Z_Update_SIA.docx,Verification | Literature summary,"source_suffix=ICML, 2024"
Single-Model Attribution of Generative Models Through Final-Layer Inversion,2024,"Mike Laszkiewicz, Jonas Ricker, Johannes Lederer, Asja Fischer. Ruhr University Bochum, Germany",,,,https://proceedings.mlr.press/v235/laszkiewicz24a.html,source_attribution,Z_Update_SIA.docx,Verification | Literature summary,"source_suffix=ICML, 2024"
Attributing and Detecting Fake Images Generated by Known GANs,2020,"Matthew Joslin and Shuang Hao. University of Texas at Dallas, USA",,,,https://ieeexplore.ieee.org/stamp/stamp.jsp?tp=&arnumber=9283853,detection_and_source_attribution,Z_Update_SIA.docx,Verification | Literature summary,"source_suffix=SPW, 2020"
Which Model Generated This Image? A Model-Agnostic Approach for Origin Attribution,2024,"Fengyuan Liu, Haochen Luo, Yiming Li, Philip Torr, and Jindong Gu. Oxford University",,,,,source_attribution,Z_Update_SIA.docx,Verification | Literature summary,"source_suffix=ECCV, 2024"
A siamese-based verification system for open-set architecture attribution of synthetic images,2024,"Lydia Abady, Jun Wang, Benedetta Tondi, Mauro Barni. University of Siena, Italy",,,,https://www.sciencedirect.com/science/article/pii/S0167865524000709,source_attribution,Z_Update_SIA.docx,Verification | Literature summary,"source_suffix=PRL, 2024"
FreqCross: A Multi-Modal Frequency-Spatial Fusion Network for Robust Detection of Stable Diffusion 3.5 Generated Images. 20250708,2025,Guang Yang. UC Berkley,,,,,source_attribution,Z_Update_SIA.docx,Verification,source_suffix=arXiv
WILD: a new in-the-Wild Image Linkage Dataset for synthetic image attribution,2025,"Pietro Bongini, et al.",,,,,source_attribution,Z_Update_SIA.docx,Dataset,"auxiliary; dataset; source_suffix=IJCNN workshop, 2025"
"Deepfake attribution: On the source identification of artificially generated images. Wires, 2021",2021,,10.1002/widm.1438,,,https://wires.onlinelibrary.wiley.com/doi/epdf/10.1002/widm.1438,source_attribution,Z_Update_SIA.docx,Literature summary,
Reverse engineering of generative models: Inferring model hyperparameters from generated images.IEEE,2023,,,,,https://github.com/vishal3477/Reverse_Engineering_GMs,source_attribution,Z_Update_SIA.docx,Literature summary,source_suffix=TPAMI 2023
Detection of GAN-generated Fake Images over Social Networks,2018,"Francesco Marra, Diego Gragnaniello, Davide Cozzolino, Luisa Verdoliva. Italy",,,,https://ieeexplore.ieee.org/document/8397040,detection,Z_Update_SID-2018-2025.docx,Detection,"source_suffix=MIPR, 2018"
Incremental learning for the detection and classification of GAN-generated images,2019,"Francesco Marra, Cristiano Saltori†, Giulia Boato and Luisa Verdoliva. Italy",,,,,detection,Z_Update_SID-2018-2025.docx,Detection,source_suffix=WIFS 2019
Detecting and Simulating Artifacts in GAN Fake Images,2019,"Xu Zhang, Svebor Karaman, and Shih-Fu Chang. USA",,,,https://ieeexplore.ieee.org/stamp/stamp.jsp?tp=&arnumber=9035107,detection,Z_Update_SID-2018-2025.docx,Detection,source_suffix=WIFS 2019
Detecting GAN generated Fake Images using Co-occurrence Matrices,2019,"Nataraj, Lakshmanan; Mohammed, Tajuddin Manhar; Manjunath, B. S.; Chandrasekaran, Shivkumar; Flenner, Arjuna; Bappy, Jawadul H.; Roy-Chowdhury, Amit K",,,,,detection,Z_Update_SID-2018-2025.docx,Detection,"source_suffix=Electronic Imaging, 2019"
CNN-generated images are surprisingly easy to spot...for now,2020,"Sheng-Yu Wang, Oliver Wang, Richard Zhang, Andrew Owens, Alexei A. Efros. CVPR, 2020.",,,,https://openaccess.thecvf.com/content_CVPR_2020/papers/Wang_CNN-Generated_Images_Are_Surprisingly_Easy_to_Spot..._for_Now_CVPR_2020_paper.pdf,detection,Z_Update_SID-2018-2025.docx,Detection,
Watch your Up-Convolution: CNN Based Generative Deep Neural Networks are Failing to Reproduce Spectral Distributions,2020,"Ricard Durall, Margret Keuper, Janis Keuper. CVPR, 2020.",,,,https://openaccess.thecvf.com/content_CVPR_2020/papers/Durall_Watch_Your_Up-Convolution_CNN_Based_Generative_Deep_Neural_Networks_Are_CVPR_2020_paper.pdf,detection,Z_Update_SID-2018-2025.docx,Detection,
Fourier Spectrum Discrepancies in Deep Network Generated Images,2020,"Tarik Dzanic, Karan Shah, Freddie Witherden. NeurIPS, 2020.",,,,https://proceedings.neurips.cc/paper_files/paper/2020/file/1f8d87e1161af68b81bace188a1ec624-Paper.pdf,detection,Z_Update_SID-2018-2025.docx,Detection,
T-GD: Transferable GAN-generated Images Detection Framework,2020,"Hyeonseong Jeon, Youngoh Bang, Junyaup Kim, Simon S. Woo.",10.5555/3524938.3525379,,,https://dl.acm.org/doi/pdf/10.5555/3524938.3525379,detection,Z_Update_SID-2018-2025.docx,Detection,source_suffix=ICML 2020
On the use of Benford’s law to detect GAN-generated images,2020,"N. Bonettini, P. Bestagini, S. Milani, and S. Tubaro. ICPR, 2020.",,,,,detection,Z_Update_SID-2018-2025.docx,Detection,
GAN-Generated Image Detection With Self-Attention Mechanism Against GAN Generator Defect,2020,"Zhongjie Mi, Xinghao Jiang, Tanfeng Sun, and Ke Xu. IEEE Journal of Selected Topics in Signal Processing, 2020. 上交",,,,https://ieeexplore.ieee.org/abstract/document/9093190,detection,Z_Update_SID-2018-2025.docx,Detection,
Beyond the Spectrum: Detecting Deepfakes via Re-Synthesis,2021,"Yang He, Ning Yu, Margret Keuper, Mario Fritz.",,,,https://www.ijcai.org/proceedings/2021/349,detection,Z_Update_SID-2018-2025.docx,Detection,"source_suffix=IJCAI, 2021"
Detection of GAN-Generated Images by Estimating Artifact Similarity,2021,"Weichuang Li, Peisong He, Haoliang Li, Hongxia Wang, Ruimei Zhang. SPL, 2021. 川大",,,,https://ieeexplore.ieee.org/stamp/stamp.jsp?tp=&arnumber=9626582,detection,Z_Update_SID-2018-2025.docx,Detection,
Detecting Generated Images by Real Images,2022,"Bo Liu, Fan Yang, Xiuli Bi, Bin Xiao, Weisheng Li, Xinbo Gao.",10.1007/978-3-031-19781-9.pdf,,,https://link.springer.com/content/pdf/10.1007/978-3-031-19781-9.pdf,detection,Z_Update_SID-2018-2025.docx,Detection,"source_suffix=ECCV, 2022"
FingerprintNet: Synthesized Fingerprints for Generated Image Detection,2022,"Yonghyun Jeong, Doyeon Kim, Youngmin Ro, Pyounggeon Kim, and Jongwon Choi.",,,,https://www.ecva.net/papers/eccv_2022/papers_ECCV/papers/136740071.pdf,detection,Z_Update_SID-2018-2025.docx,Detection,"source_suffix=ECCV, 2022"
Discovering Transferable Forensic Features for CNN-Generated Images Detection,2022,"Keshigeyan Chandrasegaran, Ngoc-Trung Tran, Alexander Binder, Ngai-Man Cheung. Singapore/Norway",10.1007/978-3-031-19784-0_39,,,https://link.springer.com/content/pdf/10.1007/978-3-031-19784-0_39,detection,Z_Update_SID-2018-2025.docx,Detection,source_suffix=ECCV 2022
BiHPF: bilateral high pass filters for robust deepfake detection,2022,"Jeong, Y., Kim, D., Min, S., Joe, S., Gwon, Y., Choi, J.",,,,https://openaccess.thecvf.com/content/WACV2022/papers/Jeong_BiHPF_Bilateral_High-Pass_Filters_for_Robust_Deepfake_Detection_WACV_2022_paper.pdf,detection,Z_Update_SID-2018-2025.docx,Detection,"source_suffix=WACV, 2022"
Fusing Global and Local Features for Generalized AI-Synthesized Image Detection,2022,"Yan Ju, Shan Jia, Lipeng Ke, Hongfei Xue, Koki Nagano, Siwei Lyu. University at Buffalo",,,,https://ieeexplore.ieee.org/stamp/stamp.jsp?tp=&arnumber=9897820,detection,Z_Update_SID-2018-2025.docx,Detection,source_suffix=ICIP 2022
GLFF: Global and Local Feature Fusion for AI-synthesized Image Detection,2023,"Yan Ju, Shan Jia, Jialing Cai, Haiying Guan, Siwei Lyu. IEEE Transactions on Multimedia, 2023.",,,,https://ieeexplore.ieee.org/abstract/document/10246417/,detection,Z_Update_SID-2018-2025.docx,Detection,
Learning on Gradients: Generalized Artifacts Representation for GAN-Generated Images Detection,2023,"Chuangchuang Tan, Yao Zhao, Shikui Wei, Guanghua Gu, Yunchao Wei. CVPR, 2023.",,,,https://openaccess.thecvf.com/content/CVPR2023/papers/Tan_Learning_on_Gradients_Generalized_Artifacts_Representation_for_GAN-Generated_Images_Detection_CVPR_2023_paper.pdf,detection,Z_Update_SID-2018-2025.docx,Detection,
Towards Universal Fake Image Detectors that Generalize Across Generative Models,2023,"Utkarsh Ojha, Yuheng Li, Yong Jae Lee. CVPR, 2023. University of Wisconsin-Madison",,,,https://openaccess.thecvf.com/content/CVPR2023/papers/Ojha_Towards_Universal_Fake_Image_Detectors_That_Generalize_Across_Generative_Models_CVPR_2023_paper.pdf,detection,Z_Update_SID-2018-2025.docx,Detection,
DIRE for Diffusion-Generated Image Detection,2023,"Zhendong Wang, Jianmin Bao, Wengang Zhou, Weilun Wang, Hezhen Hu, Hong Chen, Houqiang Li.",,,,,detection,Z_Update_SID-2018-2025.docx,Detection,"source_suffix=ICCV, 2023"
Detecting Images Generated by Deep Diffusion Models Using Their Local Intrinsic Dimensionality,2023,"Peter Lorenz, Ricard L. Durall, Janis Keuper. ICCV Workshop, 2023.",,,,https://openaccess.thecvf.com/content/ICCV2023W/DFAD/papers/Lorenz_Detecting_Images_Generated_by_Deep_Diffusion_Models_Using_Their_Local_ICCVW_2023_paper.pdf,detection,Z_Update_SID-2018-2025.docx,Detection,
Improving Synthetically Generated Image,2023,"Pantelis Dogoulis, Giorgos Kordopatis-Zilos, Ioannis Kompatsiaris, Symeon Papadopoulos",10.1145/3592572.3592846,,,https://dl.acm.org/doi/pdf/10.1145/3592572.3592846,detection,Z_Update_SID-2018-2025.docx,Detection,"source_suffix=Detection in Cross-Concept Settings MAD Workshop, 2023"
Exposing fake images generated by text-to-image diffusion models,2023,"Qiang Xu, Hao Wang, Laijin Meng, Zhongjie Mi, Jianye Yuan, Hong Yan. PRL, 2023.",,,,https://www.sciencedirect.com/science/article/abs/pii/S0167865523002933,detection,Z_Update_SID-2018-2025.docx,Detection,
Synthbuster: Towards Detection of Diffusion Model Generated Images,2023,"Quentin Bammey. IEEE Open Journal of Signal Processing, 2023.",,,,https://ieeexplore.ieee.org/document/10334046/,detection,Z_Update_SID-2018-2025.docx,Detection,
AI-Generated Image Detection using a Cross-Attention Enhanced Dual-Stream Network,2023,"Ziyi Xi, Wenmin Huang, Kangkang Wei, Weiqi Luo and Peijia Zheng.",,,,https://ieeexplore.ieee.org/stamp/stamp.jsp?tp=&arnumber=10317126,detection,Z_Update_SID-2018-2025.docx,Detection,"source_suffix=APSIPA ASC, 2023"
Generalizable Synthetic Image Detection via Language-guided Contrastive Learning,2023,"Haiwei Wu, Jiantao Zhou, and Shile Zhang. arXiv, 2023.",,,,,detection,Z_Update_SID-2018-2025.docx,Detection,
AntifakePrompt: Prompt-Tuned Vision-Language Models are Fake Image Detectors,2023,"You-Ming Chang, Chen Yeh, Wei-Chen Chiu, Ning Yu. arXiv 2023.",,,,,detection,Z_Update_SID-2018-2025.docx,Detection,
Diffusion Noise Feature: Accurate and Fast Generated Image Detection,2023,"Yichi Zhang, Xiaogang Xu.",,,,,detection,Z_Update_SID-2018-2025.docx,Detection,source_suffix=arXiv 2023
GenDet: Towards Good Generalizations for AI-Generated Image Detection,2023,"Mingjian Zhu, Hanting Chen, Mouxiao Huang, Wei Li, Hailin Hu, Jie Hu, Yunhe Wang.",,,,,detection,Z_Update_SID-2018-2025.docx,Detection,source_suffix=arXiv 2023
Detecting Generated Images by Real Images Only,2023,"Xiuli Bi, Bo Liu, Fan Yang, Bin Xiao, Weisheng Li, Gao Huang, Pamela C. Cosman.",,,,,detection,Z_Update_SID-2018-2025.docx,Detection,source_suffix=arXiv 2023
LaRE^2: Latent Reconstruction Error Based Method for Diffusion-Generated Image Detection,2024,"Yunpeng Luo, Junlong Du, Ke Yan, Shouhong Ding. CVPR, 2024.",,,,,detection,Z_Update_SID-2018-2025.docx,Detection,
"DistilDIRE: A Small, Fast, Cheap and Lightweight Diffusion Synthesized Deepfake Detection",2024,"Yewon Lim, Changyeon Lee, Aerin Kim, Oren Etzioni. ICML Workshop, 2024.",,,,https://github.com/miraflow/DistilDIRE,detection,Z_Update_SID-2018-2025.docx,Detection,
Rethinking the Up-Sampling Operations in CNN-based Generative Network for Generalizable Deepfake Detection,2024,"Chuangchuang Tan, Huan Liu, Yao Zhao, Shikui Wei, Guanghua Gu, Ping Liu, Yunchao Wei. CVPR, 2024.",,,,,detection,Z_Update_SID-2018-2025.docx,Detection,
Shadows Don't Lie and Lines Can't Bend! Generative Models don't know Projective Geometry...for now,2024,"Ayush Sarkar, Hanlin Mai, Amitabh Mahapatra, Svetlana Lazebnik, D.A. Forsyth, Anand Bhattad. CVPR, 2024.",,,,,detection,Z_Update_SID-2018-2025.docx,Detection,
Forgery-aware Adaptive Transformer for Generalizable Synthetic Image Detection,2024,"Huan Liu, Zichang Tan, Chuangchuang Tan, Yunchao Wei, Yao Zhao, Jingdong Wang. CVPR, 2024.",,,,,detection,Z_Update_SID-2018-2025.docx,Detection,
FakeInversion: Learning to Detect Images from Unseen Text-to-Image Models by Inverting Stable Diffusion,2024,"George Cazenavette, Avneesh Sud, Thomas Leung Ben Usman. CVPR, 2024.",,,,https://openaccess.thecvf.com/content/CVPR2024/papers/Cazenavette_FakeInversion_Learning_to_Detect_Images_from_Unseen_Text-to-Image_Models_by_CVPR_2024_paper.pdf,detection,Z_Update_SID-2018-2025.docx,Detection,
AEROBLADE: Training-Free Detection of Latent Diffusion Images Using Autoencoder Reconstruction Error,2024,"Jonas Ricker, Denis Lukovnikov, and Asja Fischer. CVPR, 2024.",,,,,detection,Z_Update_SID-2018-2025.docx,Detection,
Raising the Bar of AI-generated Image Detection with CLIP,2024,"Davide Cozzolino, Giovanni Poggi, Riccardo Corvi, Matthias Nießner, Luisa Verdoliva. CVPR Workshop, 2024.",,,,,detection,Z_Update_SID-2018-2025.docx,Detection,
MaskSim: Detection of synthetic images by masked spectrum similarity analysis,2024,"Li et al. CVPR Workshops, 2024. France/Brazil/Hongkong",,,,https://openaccess.thecvf.com/content/CVPR2024W/DFAD/papers/Li_MaskSim_Detection_of_Synthetic_Images_by_Masked_Spectrum_Similarity_Analysis_CVPRW_2024_paper.pdf,detection,Z_Update_SID-2018-2025.docx,Detection,
Faster Than Lies: Real-time Deepfake Detection using Binary Neural Networks,2024,"Romeo Lanzino, Federico Fontana, Anxhelo Diko, Marco Raoul Marini, Luigi Cinque. CVPR Workshops, 2024.",,,,https://openaccess.thecvf.com/content/CVPR2024W/DFAD/papers/Lanzino_Faster_Than_Lies_Real-time_Deepfake_Detection_using_Binary_Neural_Networks_CVPRW_2024_paper.pdf,detection,Z_Update_SID-2018-2025.docx,Detection,
Frequency-Aware Deepfake Detection: Improving Generalizability through Frequency Space Domain Learning,2024,"Chuangchuang Tan, Yao Zhao, Shikui Wei, Guanghua Gu, Ping Liu, Yunchao Wei",,2403.07240,,,detection,Z_Update_SID-2018-2025.docx,Detection,"source_suffix=AAAI, 2024; source_alias=(FreqNet)"
DRCT: Diffusion Reconstruction Contrastive Training towards Universal Detection of Diffusion Generated Images,2024,Baoying Chen et al. 阿里巴巴 & 中山大学,,,,https://openreview.net/pdf?id=oRLwyayrh1,detection,Z_Update_SID-2018-2025.docx,Detection,source_suffix=ICML 2024
Exposing the Fake: Effective Diffusion-Generated Images Detection (SeDID),2024,"Ruipeng Ma, Jinhao Duan, Fei Kong, Xiaoshuang Shi, Kaidi Xu. ICML Workshops, 2024. 电子科大",,,,https://openreview.net/pdf?id=7R62e4Wgim,detection,Z_Update_SID-2018-2025.docx,Detection,
Zero-Shot Detection of AI-Generated Images,2024,"Davide Cozzolino, Giovanni Poggi, Matthias Nießner, and Luisa Verdoliva",10.1007/978-3-031-72649-1_4,,,https://link.springer.com/chapter/10.1007/978-3-031-72649-1_4,detection,Z_Update_SID-2018-2025.docx,Detection,"source_suffix=ECCV, 2024; source_alias=(ZED)"
Leveraging Representations from Intermediate Encoder-Blocks for Synthetic Image Detection,2024,"Christos Koutlis, Symeon Papadopoulos. CERTH",,,,,detection,Z_Update_SID-2018-2025.docx,Detection,"source_suffix=ECCV, 2024; source_alias=(RINE)"
Contrasting Deepfakes Diffusion via Contrastive Learning and Global-Local Similarities,2024,"Lorenzo Baraldi, Federico Cocchi, Marcella Cornia, Lorenzo Baraldi, Alessandro Nicolosi, Rita Cucchiara. Italy",,,,https://www.ecva.net/papers/eccv_2024/papers_ECCV/papers/08009.pdf,detection,Z_Update_SID-2018-2025.docx,Detection | Dataset,source_suffix=ECCV 2024; auxiliary; dataset
Evolution of Detection Performance throughout the Online Lifespan of Synthetic Images,2024,"Dimitrios Karageorgiou, Quentin Bammey, Valentin Por cellini, Bertrand Goupil, Denis Teyssou, and Symeon Pa padopoulos.",,,,,detection,Z_Update_SID-2018-2025.docx,Detection,"source_suffix=ECCV Workshops, 2024"
Your diffusion model is an implicit synthetic image detector,2024,"Wang, X., Kalogeiton, V",,,,,detection,Z_Update_SID-2018-2025.docx,Detection,"source_suffix=ECCV, 2024"
ZeroFake: Zero-Shot Detection of Fake Images Generated and Edited by Text-to-Image Generation Models,2024,"Zeyang Sha, Yicong Tan, Mingjie Li, Michael Backes, Yang Zhang",,,,https://yangzhangalmo.github.io/papers/CCS24-ZeroFake.pdf,detection,Z_Update_SID-2018-2025.docx,Detection,source_suffix=CCS 2024
Breaking Semantic Artifacts for Generalized AI-generated Image Detection,2024,"Chende Zheng, Chenhao Lin, Zhengyu Zhao, Hang Wang, Xu Guo, Shuai Liu, Chao Shen",,,,https://openreview.net/pdf?id=NtNTfRTjE8,detection,Z_Update_SID-2018-2025.docx,Detection,"source_suffix=NeurIPS, 2024"
Detecting Image Attribution for Text-to-Image Diffusion Models in RGB and Beyond,2024,"Katherine Xu, Lingzhi Zhang, Jianbo Shi. NeurIPS Workshops, 2024. 宾夕法尼亚大学",,,,,detection_and_source_attribution,Z_Update_SID-2018-2025.docx,Detection,
SemGIR: Semantic-Guided Image Regeneration Based Method for AI-generated Image Detection and Attribution,2024,"Xiao Yu, Kejiang Chen, Kai Zeng, Han Fang, Zijin Yang, Xiuwei Shang, Yuang Qi, Weiming Zhang, Nenghai Yu 中国科学技术大学",10.1145/3664647.3680776,,,https://dl.acm.org/doi/pdf/10.1145/3664647.3680776,detection_and_source_attribution,Z_Update_SID-2018-2025.docx,Detection,"source_suffix=ACM Multimedia, 2024"
Deep Image Fingerprint: Towards Low Budget Synthetic Image Detection and Model Lineage Analysis,2024,"Sergey Sinitsa, Ohad Fried.",,,,https://openaccess.thecvf.com/content/WACV2024/papers/Sinitsa_Deep_Image_Fingerprint_Towards_Low_Budget_Synthetic_Image_Detection_and_WACV_2024_paper.pdf,detection,Z_Update_SID-2018-2025.docx,Detection,"source_suffix=WACV, 2024"
D4: Detection of Adversarial Diffusion Deepfakes Using Disjoint Ensembles,2024,"Ashish Hooda, Neal Mangaokar, Ryan Feng, Kassem Fawaz, Somesh Jha, Atul Prakash",,,,https://openaccess.thecvf.com/content/WACV2024/papers/Hooda_D4_Detection_of_Adversarial_Diffusion_Deepfakes_Using_Disjoint_Ensembles_WACV_2024_paper.pdf,detection,Z_Update_SID-2018-2025.docx,Detection,"source_suffix=WACV, 2024"
Exploring the Adversarial Robustness of CLIP for AI-generated Image Detection,2024,Vincenzo De Rosa; Fabrizio Guillaro; Giovanni Poggi; Davide Cozzolino; Luisa Verdoliva,,,,https://ieeexplore.ieee.org/stamp/stamp.jsp?tp=&arnumber=10810719,detection,Z_Update_SID-2018-2025.docx,Detection,"source_suffix=WIFS, 2024"
CLIPping the Deception: Adapting Vision-Language Models for Universal Deepfake Detection,2024,"Sohail Ahmed Khan, Duc-Tien Dang-Nguyen. ICMR, 2024.",,,,,detection,Z_Update_SID-2018-2025.docx,Detection,
Frequency Masking for Universal Deepfake Detection,2024,"Chandler Timm Doloriel, Ngai-Man Cheung. ICASSP 2024. SUTD",,,,,detection,Z_Update_SID-2018-2025.docx,Detection,
X-Transfer: A Transfer Learning-Based Framework for Robust GAN-Generated Fake Image Detection,2024,"Lei Zhang, Hao Chen, Shu Hu, Bin Zhu, Xi Wu, Jinrong Hu, Xin Wang.",,,,https://ieeexplore.ieee.org/abstract/document/10650566,detection,Z_Update_SID-2018-2025.docx,Detection,"source_suffix=IJCNN, 2024"
On the Exploitation of DCT-Traces in the Generative-AI Domain,2024,"Orazio Pontorno, Luca Guarnera, and Sebastiano Battiato. ICIP, 2024.",,,,,detection,Z_Update_SID-2018-2025.docx,Detection,
AI-Generated Image Detection with Wasserstein Distance Compression and Dynamic Aggregation,2024,"Zihang Lyu; Jun Xiao; Cong Zhang; Kin-Man Lam. ICIP, 2024",,,,https://ieeexplore.ieee.org/stamp/stamp.jsp?tp=&arnumber=10648186,detection,Z_Update_SID-2018-2025.docx,Detection,
FAMSeC: A Few-shot-sample-based General AI-generated Image Detection Method,2024,"Juncong Xu, Yang Yang, Han Fang, Honggu Liu, and Weiming Zhang. 安徽大学+新加坡国立",,,,https://ieeexplore.ieee.org/stamp/stamp.jsp?tp=&arnumber=10777302,detection,Z_Update_SID-2018-2025.docx,Detection,"source_suffix=SPL, 2024"
Detecting Computer-Generated Images by Using Only Real Images,2024,"Ji Li, Kai Wang. ICMV, 2024. EI检索。",,,,https://hal.science/hal-04751823/document,detection,Z_Update_SID-2018-2025.docx,Detection,
Artifact Feature Purification for Cross-domain Detection of AI-generated Images,2024,"Zheling Meng, Bo Peng, Jing Dong, Tieniu Tan, Haonan Cheng. Computer Vision and Image Understanding, 2024.",,,,,detection,Z_Update_SID-2018-2025.docx,Detection,
Harnessing the Power of Large Vision Language Models for Synthetic Image Detection,2024,"Mamadou Keita, Wassim Hamidouche, Hassen Bougueffa, Abdenour Hadid, Abdelmalik Taleb-Ahmed. arXiv, 2024.",,,,,detection,Z_Update_SID-2018-2025.docx,Detection,
Parents and Children: Distinguishing Multimodal Deepfakes from Natural Images,2024,"Roberto Amoroso, Davide Morelli, Marcella Cornia, Lorenzo Baraldi, Alberto Del Bimbo, Rita Cucchiara.",10.1145/3665497,,,https://dl.acm.org/doi/pdf/10.1145/3665497,detection,Z_Update_SID-2018-2025.docx,Detection | Dataset,source_suffix=TOMM. 2024; auxiliary; dataset
Mastering Deepfake Detection: A Cutting-edge Approach to Distinguish GAN and Diffusion-model Images,2024,"Luca Guarnera, Oliver Giudice, Sebastiano Battiato. Italy",10.1145/3652027,,,https://dl.acm.org/doi/pdf/10.1145/3652027,detection,Z_Update_SID-2018-2025.docx,Detection,source_suffix=TOMM. 2024
Unsupervised Generative Fake Image Detector,2024,"Tong Qiao, Hang Shao, Shichuang Xie, and Ran Shi.",,,,https://ieeexplore.ieee.org/stamp/stamp.jsp?tp=&arnumber=10487975,detection,Z_Update_SID-2018-2025.docx,Detection,"source_suffix=TCSVT, 2024"
CSC-Net: Cross-Color Spatial Co-Occurrence Matrix Network for Detecting Synthesized Fake Images,2024,"Tong Qiao, Yuxing Chen, Xiaofei Zhou, Ran Shi, Hang Shao, Kunye Shen, and Xiangyang Luo. TCDS, 2024.",,,,https://ieeexplore.ieee.org/stamp/stamp.jsp?tp=&arnumber=10121791,detection,Z_Update_SID-2018-2025.docx,Detection,
CIFAKE: Image Classification and Explainable Identification of AI-Generated Synthetic Images,2024,"Jordan J. Bird, Ahmad Lotfi. IEEE Access, 2024.",,,,,detection,Z_Update_SID-2018-2025.docx,Detection,
Advanced Detection of AI-Generated Images Through Vision Transformers,2024,"Lamichhane, Darshan",,,,,detection,Z_Update_SID-2018-2025.docx,Detection,"source_suffix=IEEE Access, 2024"
MMGANGuard: A Robust Approach for Detecting Fake Images Generated by GANs Using Multi-Model Techniques,2024,Syed Ali Raza; Usman Habib; Muhammad Usman; Adeel Ashraf Cheema; Muhammad Sajid Khan,,,,https://ieeexplore.ieee.org/document/10508385/authors,detection,Z_Update_SID-2018-2025.docx,Detection,"source_suffix=IEEE Access, 2024"
Enhancing Interpretability in AI-Generated Image Detection with Genetic Programming,2024,"Mingqian Lin, Lin Shang, Xiaoying Gao. ICDM Workshop, 2024.",,,,https://ieeexplore.ieee.org/stamp/stamp.jsp?tp=&arnumber=10411549,detection,Z_Update_SID-2018-2025.docx,Detection,
MDTL-NET: Computer-generated image detection based on multi-scale deep texture learning,2024,"Qiang Xu, Shan Jia, Xinghao Jiang, Tanfeng Sun, Zhe Wang, and Hong Yan. Expert Systems with Applications, 2024.",,,,https://www.sciencedirect.com/science/article/pii/S0957417424002331,detection,Z_Update_SID-2018-2025.docx,Detection,
Did You Note My Palette? Unveiling Synthetic Images Through Color Statistics,2024,"Lea Uhlenbrock, Davide Cozzolino, Denise Moussa, Luisa Verdoliva, and Christian Riess. IH&MMSec, 2024.",10.1145/3658664.3659652,,,https://dl.acm.org/doi/pdf/10.1145/3658664.3659652,detection,Z_Update_SID-2018-2025.docx,Detection,
Whodunit: Detection and Attribution of Synthetic Images by Leveraging Model-specific Fingerprints,2024,"Alexander Wißmann, Steffen Zeiler, Robert M. Nickel, Dorothea Kolossa. MAD Workshop, 2024.",10.1145/3643491.3660280,,,https://dl.acm.org/doi/pdf/10.1145/3643491.3660280,detection_and_source_attribution,Z_Update_SID-2018-2025.docx,Detection,
Enhancing the Generalization of Synthetic Image Detection Models through the Exploration of Features in Deep Detection Models,2024,"Alireza Hajabdollah Javaheri, Hossein Motamednia, Ahmad Mahmoudi-Azanveh. MVIP, 2024.",,,,https://ieeexplore.ieee.org/abstract/document/10491148,detection,Z_Update_SID-2018-2025.docx,Detection,
Fake-GPT: Detecting Fake Image via Large Language Model,2024,"Yuming Fan, Dongming Yang, Jiguang Zhang, Bang Yang, and Yuexian Zou",10.1007/978-981-97-8685-5_9,,,https://link.springer.com/content/pdf/10.1007/978-981-97-8685-5_9,detection,Z_Update_SID-2018-2025.docx,Detection,"source_suffix=PRCV, 2024"
A guided-based approach for deepfake detection: RGB-depth integration via features fusion,2024,"Giorgio Leporoni, Luca Maiano, Lorenzo Papa, Irene Amerini. PRL, 2024.",,,,https://pdf.sciencedirectassets.com/271524/1-s2.0-S0167865524X00045/1-s2.0-S0167865524000990/main.pdf?X-Amz-Security-Token=IQoJb3JpZ2luX2VjEIb%2F%2F%2F%2F%2F%2F%2F%2F%2F%2FwEaCXVzLWVhc3QtMSJGMEQCIAE0GbGcWLuZXLcyajTH%2BBP4ZOg5MurQSV1%2FdpW1K3d4AiA5aVMIX0pxtEZQhNJYS72xZBNLiGc%2BQqiEbAFIuY9bSSq8BQi%2F%2F%2F%2F%2F%2F%2F%2F%2F%2F%2F8BEAUaDDA1OTAwMzU0Njg2NSIMWzWD2%2BxBxFhErgErKpAFlMspQfiNyxRm2Q12r8X4%2FFxzOws7KG3xnr85RYj2BNwoB0fxDYJiQM2YYkkiBSkiLMOfebczo8yBlUfSubBi%2BpBw2CWtvrhCbh6u7CQ2gXP2Yx%2FVEyjPJ3o2HQ9huhuYEfRlfhjMk4SR0tM7zEwl11uGaYcNdWlh45XFrUNYs6hUsKKQVQlBnV991SJuKI6lxN0GagGaLN46YOWOFQuY9rxy6Slt21M0G%2FDy1zzoh%2BqLFOgd3TXbrh0NWPtB5b%2FFhzjyBd4%2BfwuwR70lMHzQ0M8ZN5o6WJqScgiLKqiXKZ2BE6%2BbaAkif%2FAla%2F5eYI%2BCMMf90HF2zo41vTLg7WnaU0uUelKjXPAQf5Vdm3K8H8%2B02251VtOUiWdBClsWSeKgPf0XJbDpNSvDPqKBm6Xz6e4Vz%2F19%2BuuLfkOXcVkUpVNyXzBkQY2w1HQ%2FkiJ2%2Bv08mH8J%2F3P0GBcgsZevVkP2bJ%2BaO2v0cej0N3MbLBc%2BmDDsblOpxWohAl7tX5mNMbh%2BHq8pR1sODxTRbW6KWMTaj6Z01dNBZRzBw8K6p57hfByaUemK%2BtIqqXlvsRONJ1QuxHjufOtLJ1BpIA5sOpHrWfILVvGgimoWV%2FO7EI%2F4uH%2FGY7QaLhbETBVm5qFRiYNvah9fDsMl8WUO%2BSk3qtuEu2pz5GLl3T1WWw4XsJ5TogGED4vIxSL7%2FLjTB0pfGKkL5%2Filbf5QJ%2FyX4Pa5scvjs5j8BKO5uM93WmpPDWIJjgNuhAp0nHHvyWVNJ0K%2FSid1iT9jMbT77tAYSqvlFGnpa55l1AAKER%2FoLBAcMg9AHhmtyCh%2F%2BqG2FAXS6Y1i1HhZZx%2BhR0vKz4BFZbpniT4%2B03MRDm7f5YixjvXtARlmVywwstrFtwY6sgGOIzZe2eNlzfpERTNBlU7nHq4N1fHNDhb3DKLIfirXuq%2FdD1Xwc%2FTqx979noNH4RzJqjukhxnG6NP6kxQGXviQjsw9%2BPiK8AnD1Vi7w8RXH5tn5HVybbM1ajVEyRbzu6mqjqz8iwj%2FUpJFu07S0%2FYZZ9SUkmQp5iG0nf8Wzi8h80mTAqWN%2BDjKG7d45OqnHYn4zAAOVvYnxBmXNXWw%2Bbd5fiYWKUu3Z%2Bl0dOU2X0SPDKGU&X-Amz-Algorithm=AWS4-HMAC-SHA256&X-Amz-Date=20240923T144638Z&X-Amz-SignedHeaders=host&X-Amz-Expires=300&X-Amz-Credential=ASIAQ3PHCVTYX6QG5R2B%2F20240923%2Fus-east-1%2Fs3%2Faws4_request&X-Amz-Signature=ce5b612352ed734b3a5380b0408039432dc8431e4db57f4c6cb66b8599533761&hash=9ff814df1f73f69a3ffffcca3172b5844d30fbef4e8f161b2243db053541a0f5&host=68042c943591013ac2b2430a89b270f6af2c76d8dfd086a07176afe7c76c2c61&pii=S0167865524000990&tid=spdf-1e82cb97-9dba-4710-b431-19a846c5dcff&sid=8c62d7e3697a5348be3a,detection,Z_Update_SID-2018-2025.docx,Detection,
Addressing Diffusion Model Based Counter-Forensic Image Manipulation for Synthetic Image Detection,2024,"Aryan N Herur, Vaibhav Santhosh, Nishanth Shetty, Chandra Sekhar Seelamantula. India",10.1145/3702250.3702296,,,https://dl.acm.org/doi/pdf/10.1145/3702250.3702296,detection,Z_Update_SID-2018-2025.docx,Detection,
"Detecting Artificial Intelligence-Generated images via deep trace representations and interactive feature fusion Image Fusion, 2024",2024,"Qiang Xu, Xinghao Jiang, Tanfeng Sun, Hao Wang, Laijin Meng, Hong Yan.",,,,,detection,Z_Update_SID-2018-2025.docx,Detection,
Detecting AI Generated Images through Texture and Frequency Analysis of Patches,2024,"Yuming Chen, Maryam Yashtini. Basis International School Naning & Georgetown University",,,,https://www.researchgate.net/profile/Maryam-Yashtini-2/publication/387792397_Detecting_AI_Generated_Images_through_Texture_and_Frequency_Analysis_of_Patches/links/677d673218faf13f0c37fc54/Detecting-AI-Generated-Images-through-Texture-and-Frequency-Analysis-of-Patches.pdf,detection,Z_Update_SID-2018-2025.docx,Detection,"source_suffix=AIVRV, 2024"
IPD-Net: Detecting AI-Generated Images via Inter-Patch Dependencies,2024,"Jiahan Chen, Mengting Lo, Hailiang Liao, Tianlin Huang.",,,,https://thesai.org/Downloads/Volume15No7/Paper_133-IPD_Net_Detecting_AI_Generated_Images.pdf,detection,Z_Update_SID-2018-2025.docx,Detection,"source_suffix=IJACSA, 2024"
A Single Simple Patch is All You Need for AI-generated Image Detection,2024,"Jiaxuan Chen, Jieteng Yao, and Li Niu. arXiv, 20240202.",,,,,detection,Z_Update_SID-2018-2025.docx,Detection,
PatchCraft: Exploring Texture Patch for Efficient AI-generated Image Detection,2024,"Nan Zhong, Yiran Xu, Zhenxing Qian, Xinpeng Zhang. arXiv, 20240307.",,,,,detection,Z_Update_SID-2018-2025.docx,Detection,
Data-Independent Operator: A Training-Free Artifact Representation Extractor for Generalizable Deepfake Detection,2024,"Chuangchuang Tan, Ping Liu, RenShuai Tao, Huan Liu, Yao Zhao, Baoyuan Wu, Yunchao Wei. arXiv, 20240311. 北交",,,,,detection,Z_Update_SID-2018-2025.docx,Detection,
Deepfake Detection without Deepfakes: Generalization via Synthetic Frequency Patterns Injection,2024,"Davide Alessandro Coccomini, Roberto Caldelli, Claudio Gennaro, Giuseppe Fiameni, Giuseppe Amato, Fabrizio Falchi. arXiv, 20240320. Italy",,,,,detection,Z_Update_SID-2018-2025.docx,Detection,
Development of a Dual-Input Neural Model for Detecting AI-Generated Imagery,2024,"Jonathan Gallagher, William Pugsley. arXiv 20240619 University of Waterloo",,,,,detection,Z_Update_SID-2018-2025.docx,Detection,
Mixture of Low-rank Experts for Transferable AI-Generated Image Detection,2024,"Zihan Liu, Hanyi Wang, Yaoyu Kang, Shilin Wang. arXiv, 20240407. 上交",,,,,detection,Z_Update_SID-2018-2025.docx,Detection,
Detecting AI-Generated Images via CLIP,2024,"Alexander Moskowitz, Tyler Gaona and Jacob Peterson. arXiv, 20240412.",,,,,detection,Z_Update_SID-2018-2025.docx,Detection,
Text Modality Oriented Image Feature Extraction for Detecting Diffusion-based DeepFake,2024,"Di Yang, Yihao Huang, Qing Guo, Felix Juefei-Xu, Xiaojun Jia, Run Wang, Geguang Pu, and Yang Liu. 华师&新加坡南洋理工&纽约大学&武汉大学",,,,,detection,Z_Update_SID-2018-2025.docx,Detection,source_suffix=arXiv 20240528
RIGID: A Training-free and Model-Agnostic Framework for Robust AI-Generated Image Detection,2024,"Zhiyuan He, Pin-Yu Chen and Tsung-Yi Ho. 港中文",,,,,detection,Z_Update_SID-2018-2025.docx,Detection,"source_suffix=arXiv, 20240530"
Real-Time Deepfake Detection in the Real-World,2024,"Bar Cavia, Eliahu Horwitz, Tal Reiss, Yedid Hoshen. Israel",,,,,detection,Z_Update_SID-2018-2025.docx,Detection | Dataset,"source_suffix=arXiv, 20240613; auxiliary; dataset"
Improving Interpretability and Robustness for the Detection of AI-Generated Images,2024,"Tatiana Gaintseva, Laida Kushnareva, German Magai, Irina Piontkovskaya, Sergey Nikolenko, Marting Benning,Serguei Barannikov, Gregory Slabaugh. arXiv, 20240621. UK/Russia/Japan/France",,,,,detection,Z_Update_SID-2018-2025.docx,Detection,
Robust CLIP-Based Detector for Exposing Diffusion Model-Generated Images,2024,"Santosh, Li Lin, Irene Amerini, Xin Wang, Shu Hu. arXiv, 20240908.",,2404.12908v2,,,detection,Z_Update_SID-2018-2025.docx,Detection,
On the Effectiveness of Dataset Alignment for Fake Image Detection,2024,"Anirudh Sundara Rajan, Utkarsh Ojha, Jedidiah Schloesser, Yong Jae Lee",,,,,detection,Z_Update_SID-2018-2025.docx,Detection,"auxiliary; dataset; source_suffix=arXiv, 20241015"
Towards More Accurate Fake Detection on Images Generated from Advanced Generative and Neural Rendering Models,2024,"Chengdong Dong, Vijayakumar Bhagavatula, Zhenyu Zhou, Ajay Kumar. CMU/港城",,,,,detection,Z_Update_SID-2018-2025.docx,Detection,"source_suffix=arXiv, 20241113"
Understanding and Improving Training-Free AI-Generated Image Detections with Vision Foundation Models,2024,"Chung-Ting Tsai, Ching-Yun Ko, I-Hsin Chung, Yu-Chiang Frank Wang, Pin-Yu Chen IBM/国立台湾大学",,,,,detection,Z_Update_SID-2018-2025.docx,Detection,"source_suffix=arXiv, 20241128"
HFI: A unified framework for training-free detection and implicit watermarking of latent diffusion model generated images,2024,"Sungik Choi, Sungwoo Park, Jaehoon Lee, Seunghyun Kim, Stanley Jungkyu Choi, Moontae Lee. LG AI Research",,,,,detection,Z_Update_SID-2018-2025.docx,Detection,"source_suffix=arXiv, 20241230"
A Sanity Check for AI-generated Image Detection,2025,"Yan, Shilin and Li, Ouxiang and Cai, Jiayin and Hao, Yanbin and Jiang, Xiaolong and Hu, Yao and Xie, Weidi.",,2406.19435,,,detection,Z_Update_SID-2018-2025.docx,Detection,"source_suffix=ICLR, 2025"
Manifold Induced Biases for Zero-shot and Few-shot Detection of Generated Images,2025,"Jonathan Brokman, Amit Giloni, Omer Hofman, Roman Vainshtein, Hisashi Kojima, Guy Gilboa Israel Institute of Technology",,,,https://openreview.net/pdf?id=7gGl6HB5Zd,detection,Z_Update_SID-2018-2025.docx,Detection,"source_suffix=ICLR, 2025"
Improving Synthetic Image Detection Towards Generalization: An Image Transformation Perspective,2025,"Ouxiang Li, Jiayin Cai, Yanbin Hao, Xiaolong Jiang, Yao Hu, Fuli Feng.",,,,,detection,Z_Update_SID-2018-2025.docx,Detection,"source_suffix=KDD, 2025"
C2P-CLIP: Injecting Category Common Prompt in CLIP to Enhance Generalization in Deepfake Detection,2025,"Chuangchuang Tan, Renshuai Tao, Huan Liu, Guanghua Gu, Baoyuan Wu, Yao Zhao, Yunchao Wei.",,,,,detection,Z_Update_SID-2018-2025.docx,Detection,"source_suffix=AAAI, 2025"
Transfer Learning of Real Image Features with Soft Contrastive Loss for Fake Image Detection,2025,"Ziyou Liang, Weifeng Liu, Run Wang, Mengjie Wu, Boheng Li, Yuyang Zhang, Lina Wang, Xinyi Yang 武汉大学",,,,https://ojs.aaai.org/index.php/AAAI/article/view/34826,detection,Z_Update_SID-2018-2025.docx,Detection,"source_suffix=AAAI, 2025"
D^3 Scaling Up Deepfake Detection by Learning from Discrepancy,2025,"Yongqi Yang, Zhihao Qian, Ye Zhu, Yu Wu. 武汉大学",,,,,detection,Z_Update_SID-2018-2025.docx,Detection,"source_suffix=CVPR, 2025"
Any-Resolution AI-Generated Image Detection by Spectral Learning,2025,"Dimitrios Karageorgiou, Symeon Papadopoulos, Ioannis Kompatsiaris, Efstratios Gavves CERTH",,,,,detection,Z_Update_SID-2018-2025.docx,Detection,"source_suffix=CVPR, 2025"
FIRE: Robust Detection of Diffusion-Generated Images via Frequency-Guided Reconstruction Error,2025,"Beilin Chu, Xuan Xu, Xin Wang, Yufei Zhang, Weike You, Linna Zhou. 北邮",,,,,detection,Z_Update_SID-2018-2025.docx,Detection,"source_suffix=CVPR, 2025"
A Bias-Free Training Paradigm for More General AI-generated Image Detection,2025,"Fabrizio Guillaro, Giada Zingarini, Ben Usman, Avneesh Sud, Davide Cozzolino, Luisa Verdoliva.",,,,,detection,Z_Update_SID-2018-2025.docx,Detection,"source_suffix=CVPR, 2025"
"SIDA: Social Media Image Deepfake Detection, Localization and Explanation with Large Multimodal Model",2025,"Zhenglin Huang, Jinwei Hu, Xiangtai Li, Yiwei He, Xingyu Zhao, Bei Peng, Baoyuan Wu, Xiaowei Huang, Guangliang Cheng",,,,,detection,Z_Update_SID-2018-2025.docx,Detection | Dataset,"source_suffix=CVPR, 2025; auxiliary; dataset"
OpenSDI: Spotting Diffusion-Generated Images in the Open World,2025,"Yabin Wang, Zhiwu Huang, Xiaopeng Hong 西交&英国南安普顿&哈工大",,,,,detection,Z_Update_SID-2018-2025.docx,Detection | Dataset,"source_suffix=CVPR, 2025; auxiliary; dataset"
Towards Universal AI-Generated Image Detection by Variational Information Bottleneck Network,2025,Haifeng Zhang · Qinghui He · Xiuli Bi · Weisheng Li · Bo Liu · Bin Xiao,,,,,detection,Z_Update_SID-2018-2025.docx,Detection,"source_suffix=CVPR, 2025"
Secret Lies in Color: Enhancing AI-Generated Images Detection with Color Distribution Analysis,2025,Zexi Jia · Chuanwei Huang · Yeshuang Zhu · Hongyan Fei · Xiaoyue Duan · Yuan Zhiqiang · Ying Deng · Jiapei Zhang · Jinchao Zhang · Jie Zhou,,,,,detection,Z_Update_SID-2018-2025.docx,Detection,"source_suffix=CVPR, 2025"
Beyond Generation: A Diffusion-based Low-level Feature Extractor for Detecting AI-generated Images,2025,Nan Zhong · Haoyu Chen · Yiran Xu · Zhenxing Qian · Xinpeng Zhang,,,,,detection,Z_Update_SID-2018-2025.docx,Detection,"source_suffix=CVPR, 2025"
CO-SPY: Combining Semantic and Pixel Features to Detect Synthetic Images by,2025,"Siyuan Cheng, Lingjuan Lyu, Zhenting Wang, Xiangyu Zhang, Vikash Sehwag 普渡大学",,,,https://openaccess.thecvf.com/content/CVPR2025/papers/Cheng_CO-SPY_Combining_Semantic_and_Pixel_Features_to_Detect_Synthetic_Images_CVPR_2025_paper.pdf,detection,Z_Update_SID-2018-2025.docx,Detection,"source_suffix=AI CVPR, 2025"
Forensics-Bench: A Comprehensive Forgery Detection Benchmark Suite for Large Vision Language Models,2025,"Jin Wang, Chenghui Lv, Xian Li, Shichao Dong, Huadong Li, Kelu Yao, Chao Li, Wenqi Shao, Ping Luo",,,,,detection,Z_Update_SID-2018-2025.docx,Detection,"auxiliary; benchmark; source_suffix=CVPR, 2025"
Where’s the liability in the Generative Era? Recovery-based Black-Box Detection of AI-Generated Content,2025,"Haoyue Bai, Yiyou Sun, Wei Cheng, Haifeng Chen University of Wisconsin-Madison",,,,https://openaccess.thecvf.com/content/CVPR2025/papers/Bai_Wheres_the_Liability_in_the_Generative_Era_Recovery-based_Black-Box_Detection_CVPR_2025_paper.pdf,detection,Z_Update_SID-2018-2025.docx,Detection,"source_suffix=CVPR, 2025"
Spot the Fake: Large Multimodal Model-Based Synthetic Image Detection with Artifact Explanation,2025,"Siwei Wen, Junyan Ye, Peilin Feng, Hengrui Kang, Zichen Wen, Yize Chen, Jiang Wu, Wenjun Wu, Conghui He, Weijia Li 上海AI实验室&中山大学&北航&上交&港中文",,,,,detection,Z_Update_SID-2018-2025.docx,Detection,"source_suffix=NeurIPS, 2025"
FerretNet: Efficient Synthetic Image Detection via Local Pixel Dependencies,2025,"Shuqiao Liang, Jian Liu, Renzhang Chen∗, Quanlong Guan 济南大学",,,,,detection,Z_Update_SID-2018-2025.docx,Detection,"source_suffix=NeurIPS, 2025"
AIGI-Holmes: Towards Explainable and Generalizable AI-Generated Image Detection via Multimodal Large Language Models,2025,"Ziyin Zhou, Yunpeng Luo, Yuanchen Wu, Ke Sun, Jiayi Ji, Ke Yan, Shouhong Ding, Xiaoshuai Sun, Yunsheng Wu, Rongrong Ji 厦门大学",,,,,detection,Z_Update_SID-2018-2025.docx,Detection,"source_suffix=ICCV, 2025"
D3QE: Learning Discrete Distribution Discrepancy-aware Quantization Error for Autoregressive-Generated Image Detection,2025,"Yanran Zhang, Bingyao Yu, Yu Zheng, Wenzhao Zheng, Yueqi Duan, Lei Chen, Jie Zhou, Jiwen Lu 清华大学",,,,,detection,Z_Update_SID-2018-2025.docx,Detection | Dataset,"source_suffix=ICCV, 2025; auxiliary; dataset"
Diffusion Epistemic Uncertainty with Asymmetric Learning for Diffusion-Generated Image Detection,2025,"Yingsong Huang, Hui Guo, Jing Huang, Bing Bai, Qi Xiong Tencent / Hikvision / Microsoft",,,,https://openaccess.thecvf.com/content/ICCV2025/papers/Huang_Diffusion_Epistemic_Uncertainty_with_Asymmetric_Learning_for_Diffusion-Generated_Image_Detection_ICCV_2025_paper.pdf,detection,Z_Update_SID-2018-2025.docx,Detection,"source_suffix=ICCV, 2025"
LOTA: Bit-Planes Guided AI-Generated Image Detection,2025,"Hongsong Wang, Renxi Cheng, Yang Zhang, Chaolei Han, Jie Gui 东南大学",,,,https://openaccess.thecvf.com/content/ICCV2025/papers/Wang_LOTA_Bit-Planes_Guided_AI-Generated_Image_Detection_ICCV_2025_paper.pdf,detection,Z_Update_SID-2018-2025.docx,Detection,"source_suffix=ICCV, 2025"
LEGION: Learning to Ground and Explain for Synthetic Image Detection,2025,"Hengrui Kang, Siwei Wen, Zichen Wen, Junyan Ye, Weijia Li, Peilin Feng, Baichuan Zhou, Bin Wang, Dahua Lin, Linfeng Zhang, Conghui He 上交&北航&中山大学",,,,,detection,Z_Update_SID-2018-2025.docx,Detection,"source_suffix=ICCV, 2025"
Semantic Discrepancy-aware Detector for Image Forgery Identification,2025,"Ziye Wang, Minghang Yu, Chunyan Xu, Zhen Cui. 南京科技大学",,,,https://openaccess.thecvf.com/content/ICCV2025/papers/Wang_Semantic_Discrepancy-aware_Detector_for_Image_Forgery_Identification_ICCV_2025_paper.pdf,detection,Z_Update_SID-2018-2025.docx,Detection,"source_suffix=ICCV, 2025"
ForgeLens: Data-Efficient Forgery Focus for Generalizable Forgery Image Detection,2025,"Yingjian Chen, Lei Zhang, Yakun Niu 河南大学",,,,,detection,Z_Update_SID-2018-2025.docx,Detection,"source_suffix=ICCV, 2025"
Adaptive Test-Time Semantic Debiasing for AI-Generated Image Detection,2025,"Yu Cai, Jiahe Tian, Xiaomeng Fu, Jiao Dai, Jizhong Han, Siwei Lyu. State University of New York at Buffalo & 中科院",,,,https://openaccess.thecvf.com/content/ICCV2025W/APAI/papers/Cai_Adaptive_Test-Time_Semantic_Debiasing_for_AI-Generated_Image_Detection_ICCVW_2025_paper.pdf,detection,Z_Update_SID-2018-2025.docx,Detection,"source_suffix=ICCV-W, 2025"
CatAID: Category-Guided AI-Generated Image Detection via Vision-Language Model Adaptation,2025,"Yu Cai, Shan Jia, Jiahe Tian, Jiao Dai, Jizhong Han, Siwei Lyu. State University of New York at Buffalo & 中科院",,,,https://openaccess.thecvf.com/content/ICCV2025W/APAI/papers/Cai_CatAID_Category-Guided_AI-Generated_Image_Detection_via_Vision-Language_Model_Adaptation_ICCVW_2025_paper.pdf,detection,Z_Update_SID-2018-2025.docx,Detection,"source_suffix=ICCV-W, 2025"
SAGNet: Decoupling Semantic-Agnostic Artifacts From Limited Training Data for Robust Generalization in Deepfake Detection,2025,Renshuai Tao; Chuangchuang Tan; Huan Liu; Jiakai Wang; Haotong Qin; Yakun Chang; Wei Wang; Rongrong Ni; Yao Zhao 北交,,,,https://ieeexplore.ieee.org/stamp/stamp.jsp?tp=&arnumber=11045799,detection,Z_Update_SID-2018-2025.docx,Detection,"source_suffix=TIFS, 2025"
Are High-Quality AI-Generated Images More Difficult for Models to Detect?,2025,"Yao Xiao, Binbin Yang, Weiyan Chen, Jiahao Chen, Zijie Cao, Ziyi Dong, Xiangyang Ji, Liang Lin, Wei Ke, Pengxu Wei 中山大学",,,,https://openreview.net/pdf?id=sKYdVKE1tS,detection,Z_Update_SID-2018-2025.docx,Detection,"source_suffix=ICML, 2025"
Few-Shot Learner Generalizes Across AI-Generated Image Detection,2025,"Shiyu Wu, Jing Liu, Jing Li, Yequan Wang",,,,https://openreview.net/pdf?id=uvU29AfoNT,detection,Z_Update_SID-2018-2025.docx,Detection,"source_suffix=ICML, 2025"
PiD: Generalized AI-Generated Images Detection with Pixelwise Decomposition Residuals,2025,"Xinghe Fu, Zhiyuan Yan, Zheng Yang, Taiping Yao, Yandan Zhao, Shouhong Ding, Xi Li",,,,https://openreview.net/pdf?id=gye2zYytx6,detection,Z_Update_SID-2018-2025.docx,Detection,"source_suffix=ICML, 2025"
Orthogonal Subspace Decomposition for Generalizable AI-Generated Image Detection,2025,"Zhiyuan Yan, Jiangming Wang, Peng Jin, Ke-Yue Zhang, Chengchun Liu, Shen Chen, Taiping Yao, Shouhong Ding, Baoyuan Wu, Li Yuan 北大&腾讯优图&港中文",,,,https://openreview.net/pdf?id=GFpjO8S8Po,detection,Z_Update_SID-2018-2025.docx,Detection,"source_suffix=ICML, 2025"
Stay-Positive: A Case for Ignoring Real Image Features in Fake Image Detection,2025,"Anirudh Sundara Rajan, Yong Jae Lee University of Wisconsin-Madison",,,,,detection,Z_Update_SID-2018-2025.docx,Detection,"source_suffix=ICML, 2025"
ExDA: Towards Universal Detection and Plug-and-Play Attribution of AI-Generated Ex-Regulatory Images,2025,"Wenpeng Mu, Zheng Li, Qiang Xu, Xinghao Jiang, Tanfeng Sun 上海交通大学",,,,,detection_and_source_attribution,Z_Update_SID-2018-2025.docx,Detection,"source_suffix=ACM MM, 2025"
Self-supervised Bidirectional Synchronization Estimation for Multimodal Deepfake Detection with Short-term Dependency,2025,"Man Xiao, Jianbin Ye, Bo Liu, Zijian Gao, Kele Xu, Xiaodong Wang 国防科大",10.1145/3731715.3733429,,,https://dl.acm.org/doi/pdf/10.1145/3731715.3733429,detection,Z_Update_SID-2018-2025.docx,Detection,"source_suffix=ICMR, 2025"
LAID: Lightweight AI-Generated Image Detection in Spatial and Spectral Domains,2025,"Nicholas Chivaran, Jianbing Ni",,,,,detection,Z_Update_SID-2018-2025.docx,Detection,"source_suffix=PST, 2025"
Spatial-Temporal Reconstruction Error for AIGC-based Forgery Image Detection,2025,"Chengji Shen, Zhenjiang Liu, Kaixuan Chen, Jie Lei, Mingli Song, Zunlei Feng",,,,https://ieeexplore.ieee.org/stamp/stamp.jsp?tp=&arnumber=10890455,detection,Z_Update_SID-2018-2025.docx,Detection,"source_suffix=ICASSP, 2025"
FairAdapter: Detecting AI-generated Images with Improved Fairness,2025,"Feng Ding, Jun Zhang, Xinan He, Jianfeng Xu 南昌大学",,,,https://ieeexplore.ieee.org/document/10890705,detection,Z_Update_SID-2018-2025.docx,Detection,"source_suffix=ICASSP, 2025"
Reducing the Content Bias for AI-generated Image Detection,2025,"Seoyeon Gye, Junwon Ko, Hyounguk Shon, Minchan Kwon, Junmo Kim KAIST",,,,https://openaccess.thecvf.com/content/WACV2025/papers/Gye_Reducing_the_Content_Bias_for_AI-Generated_Image_Detection_WACV_2025_paper.pdf,detection,Z_Update_SID-2018-2025.docx,Detection | Dataset,"source_suffix=WACV, 2025; auxiliary; dataset"
Multi-Perspective Frequency Domain Learning for Generalizable AI-Generated Image Detection,2025,"Zili Xua, Jianjie Luoa, Fuqiang Yub and Zhenguo Yang 广东工业大学",,,,,detection,Z_Update_SID-2018-2025.docx,Detection,"source_suffix=ECAI, 2025"
GCS-Net: A universal AI-generated visual content detection method based on CLIP,2025,"Haitao Xu, Zhihong Chen, Haiwei Zhang, Lifang Xue, Hao Zhang 天津工业大学",,,,https://pdf.sciencedirectassets.com/271505/1-s2.0-S0950705125X00137/1-s2.0-S0950705125008524/main.pdf?X-Amz-Security-Token=IQoJb3JpZ2luX2VjEAoaCXVzLWVhc3QtMSJIMEYCIQCKT7cQg0L2zugkhwTIkxzoHxMvlYJFnPTwSnvKhk1UWgIhAIN6FY9LN5huc0JkpkD8FG6hh3KxIVNe9Js23bFVtj1%2BKrsFCNP%2F%2F%2F%2F%2F%2F%2F%2F%2F%2FwEQBRoMMDU5MDAzNTQ2ODY1IgwDYgGPiIKEWahH7tUqjwXq%2F9eqQmyRZ3ZCr0arNjnGtXBtGGlG8J5i9FchmN%2Fhi1zCT2KyWzH8S16XHGzRxM5n5x4zn8gV29RHu8Rr4F8J%2FkmC4bXgVlCgURBLK%2BZOIrEkHrj1SDNpX7%2BOaPaZEuXnvPnefS2a4deaPlkzvrnA0jhEwmcql6NeySyg2pthBSYpksRWOWomIQKg7ad9JSEGA7zig%2B%2BoSJOoqoxvCPjnWwwGlQh%2FasBGo8gMfuAV6MGSRFnaWhQglrY3DcQc7JQtM4aswsoGC42fprrlOlj%2F2RkPtCM8W3p9ujt4SioQMtZH014uDyBW2fuPNqfI8vwjgyRhCUmDRN6jLAAdVuzlmJN3yd3umgALJAJ4lcsJsEJcS%2F%2FxSattYdOK7j%2FYXw5N9MhzpxzCfEI%2FCH2DkcFCAx3uZ4cSf2kZ%2BBc0KhiWA2WlvP3JeLXtzkttKYvLEjRLDKkZVK16rcgEwbt7h%2F%2BtShDXuIywB4GoHWQH1IUQGL7UJZugSxvphbJ4oXmtUdD%2FOPAXOnAvg3%2BRjT%2FmP1JtSa1vFgqM8kYL%2FJcYIHtBbpgN%2Fnyxjqg5Yn%2Bys%2FNFi6KCRSAEBPH%2Frw1x3P0RMgMEDtJyjfkMU1Tnf4Y5hh%2B7B95oYWfkdHqvG4ijTS9%2FLc6pjCpuBsY8U%2F1eFIIsfkM%2BmlrdHDj1fnTSnC%2BI7bWCRpA264EJV6Jf7yZpJybshiF1EXEMV5%2FpyVkh0GbAFV87K3jkwgBk50Il5Q7miO1VM8k2Ch%2FxJKY%2FxaBnF%2Fr2ACHU6MZB5qo4sgWeoPSgZQAA0C4nQpbXpTMC9gkL69%2BZawuuUvnDc0baXb4C%2FXfy9n2UMYSenjGicazUU4iytJ6oJ3eD82wA4OMbooIK89BWMNH55MkGOrAB6zRhB8%2FvpwB1TMnJruZqsWnnjKrFEew%2FZZn913lBagEFA5JVRyBxUoHbhLhYs88RgAtXbqAAaGJ%2B7JzLyZjUl61qBiHy6QSSHspL5SaDensFPRq5qu2tN9FVYhLsT1fmMQL3uRKugb1LPCIh1PVzbFxcFkrsnqFpusiqPJRdjsgRj13Io0Fpwe8J%2BqX3A6Wb%2FbLfjPIKJOcYE%2BhfBmtTH21ClknhZteFL3KWeUBYbK8%3D&X-Amz-Algorithm=AWS4-HMAC-SHA256&X-Amz-Date=20251210T100535Z&X-Amz-SignedHeaders=host&X-Amz-Expires=300&X-Amz-Credential=ASIAQ3PHCVTYR33KXBS7%2F20251210%2Fus-east-1%2Fs3%2Faws4_request&X-Amz-Signature=bb469f5a83e9ef5295511b1828c091ed31c5b1a4d19372e9c3f6845cdb9f6b1a&hash=7cbae49bdf9439fd9104dc5a2bb999136ecbe20a3725f897371b4c772ae1de76&host=68042c943591013ac2b2430a89b270f6af2c76d8dfd086a07176afe7c76c2c61&pii=S0950705125008524&tid=spdf-8795d3d5-441d-4225-a2d2-a5db8e8a7127&sid=99ccc6498d77e94955498e57b12aa6421d49gxrqa&type=client&tsoh=d3d3LnNjaWVuY2VkaXJlY3QuY29t&rh=d3d3LnNjaWVuY2VkaXJlY3QuY29t&ua=050b5707070500070d54&rr=9abbecb5df448e07&cc=cn,detection,Z_Update_SID-2018-2025.docx,Detection,"source_suffix=KBS, 2025"
Combating Dataset Misalignment for Robust AI-Generated Image Detection in the Real World,2025,"Hyeongjun Choi, Inho Jung, Simon S. Woo",10.1145/3709022.3736541,,,https://dl.acm.org/doi/10.1145/3709022.3736541,detection,Z_Update_SID-2018-2025.docx,Detection,"auxiliary; dataset; source_suffix=WDC, 2025"
Art or Artifact? Segmenting AI-Generated Images for Deeper Detection,2025,"Yuqian Zheng, Hyeongjin Ahn, Eunil Park",10.1145/3709022.3736544,,,https://dl.acm.org/doi/10.1145/3709022.3736544,detection,Z_Update_SID-2018-2025.docx,Detection,"source_suffix=WDC, 2025"
REVEAL: A Retrieval-Augmented Generation Approach for Contextual Identification of Synthetic Visual Content,2025,"Mamadou Keita, Wassim Hamidouche, Hessen B. Eutamene, Abdelmailk Taleb-Ahmed, Abdenour Hadid",10.1145/3746265.3759667,,,https://dl.acm.org/doi/pdf/10.1145/3746265.3759667,detection,Z_Update_SID-2018-2025.docx,Detection,"source_suffix=DFF, 2025"
Bi-LORA: A Vision-Language Approach for Synthetic Image Detection,2025,"Mamadou Keita, Wassim Hamidouche, Hessen Bougueffa Eutamene, Abdelmalik Taleb-Ahmed, David Camacho, Abdenour Hadid. Expert Systems, 2025.",10.1111/exsy.13829,,,https://onlinelibrary.wiley.com/doi/epdf/10.1111/exsy.13829,detection,Z_Update_SID-2018-2025.docx,Detection,
High‑resolution network‑based multi‑feature fusion for generalized forgery detection,2025,"Rui Liu, Sicong Zhang, Yang Xu, Weida Xu, Xinlong He",10.1007/s00530-024-01626-z,,,https://link.springer.com/article/10.1007/s00530-024-01626-z,detection,Z_Update_SID-2018-2025.docx,Detection,"source_suffix=Multimedia Systems, 2025"
Optimized frequency collaborative strategy drives AI image detection,2025,"Jun Li, Wentao Jiang, Liyan Shen, Yawei Ren",,,,https://ieeexplore.ieee.org/stamp/stamp.jsp?tp=&arnumber=10848481,detection,Z_Update_SID-2018-2025.docx,Detection,"source_suffix=IEEE Internet of Things Journal, 2025"
FLODA: Harnessing Vision-Language Models for Deepfake Assessment,2025,"Seunghyeon Park, Youngho Bae, Gunhui Han, Alexander W Olson",,,,https://www.researchgate.net/profile/Youngho-Bae-2/publication/389026485_FLODA_Harnessing_Vision-Language_Models_for_Deepfake_Assessment/links/67b0afec8311ce680c641e38/FLODA-Harnessing-Vision-Language-Models-for-Deepfake-Assessment.pdf,detection,Z_Update_SID-2018-2025.docx,Detection,"source_suffix=ICCE, 2025"
Simple Detection of AI-Generated Images based on Noise Correlation,2025,"Antoine Mallet, Arthur Méreur, Minoru Kuribayashi, Rémi Cogranne, Patrick Bas",,,,https://hal.science/hal-05041276v1/file/conference_101719.pdf,detection,Z_Update_SID-2018-2025.docx,Detection,"source_suffix=AMLDS, 2025"
A Deepfake Image Detection Method Based on a Multi-Graph Attention Network,2025,"Guorong Chen, Chongling Du, Yuan Yu, Hong Hu, Hongjun Duan and Huazheng Zhu",,,,https://www.mdpi.com/2079-9292/14/3/482,detection,Z_Update_SID-2018-2025.docx,Detection,"source_suffix=Electronics, 2025"
HFMF: Hierarchical Fusion Meets Multi-Stream Models for Deepfake Detection,2025,"Anant Mehta, Bryant McArthur, Nagarjuna Kolloju, Zhengzhong Tu",,,,,detection,Z_Update_SID-2018-2025.docx,Detection,"source_suffix=arXiv, 20250110"
TextureCrop: Enhancing Synthetic Image Detection through Texture-based Cropping,2025,"Despina Konstantinidou, Christos Koutlis，Symeon Papadopoulos",,,,,detection,Z_Update_SID-2018-2025.docx,Detection,"source_suffix=arXiv, 20250116"
LDR-Net: A Novel Framework for AI-generated Image Detection via Localized Discrepancy Representation,2025,"JiaXin Chen, Miao Hu, DengYong Zhang, Yun Song, Xin Liao. 湖南大学",,,,,detection,Z_Update_SID-2018-2025.docx,Detection,"source_suffix=arXiv, 20250123"
Generalizable Deepfake Detection via Effective Local-Global Feature Extraction,2025,"Jiazhen Yan, Ziqiang Li, Ziwen He and Zhangjie Fu 南信大",,,,,detection,Z_Update_SID-2018-2025.docx,Detection,"source_suffix=arXiv, 20250125"
PDA: Generalizable Detection of AI-Generated Images via Post-hoc Distribution Alignment,2025,Li Wang Wenyu Chen Zheng Li Shanqing Guo,,,,,detection,Z_Update_SID-2018-2025.docx,Detection,"source_suffix=arXiv, 20250215"
HRR: Hierarchical Retrospection Refinement for Generated Image Detection,2025,"Peipei Yuan, Zijing Xie, Shuo Ye, Hong Chen, Yulong Wang 江汉大学",,,,,detection,Z_Update_SID-2018-2025.docx,Detection,"source_suffix=arXiv, 20250225"
Generalizable AI-Generated Image Detection Based on Fractal Self-Similarity in the Spectrum,2025,"Shengpeng Xiao, Yuanfang Guo, Heqi Peng, Zeming Liu, Liang Yang, Yunhong Wang 北航&河北工大",,,,,detection,Z_Update_SID-2018-2025.docx,Detection,source_suffix=arXiv 20250311
"Provenance Detection for AI-Generated Images: Combining Perceptual Hashing, Homomorphic Encryption, and AI Detection Models",2025,"Shree Singhi, Aayan Yadav, Aayush Gupta, Shariar Ebrahimi, Parisa Hassanizadeh",,,,,detection_and_source_attribution,Z_Update_SID-2018-2025.docx,Detection,"source_suffix=arXiv, 20250314"
FakeScope: Large Multimodal Expert Model for Transparent AI-Generated Image Forensics,2025,"Yixuan Li, Yu Tian, Yipo Huang, Wei Lu, Shiqi Wang, Weisi Lin, and Anderson Rocha 港城&中山大学",,,,,detection,Z_Update_SID-2018-2025.docx,Detection,source_suffix=arXiv 20250331
Robust AI-Synthesized Image Detection via Multi-feature Frequency-aware Learning,2025,"Hongfei Cai, Chi Liu, Sheng Shen, Youyang Qu, Peng Gui 澳门城市大学",,,,,detection,Z_Update_SID-2018-2025.docx,Detection,"source_suffix=arXiv, 20250402"
Can GPT tell us why these images are synthesized? Empowering Multimodal Large Language Models for Forensics,2025,"Yiran He, Yun Cao, Bowen Yang, Zeyu Zhang",,,,,detection,Z_Update_SID-2018-2025.docx,Detection,source_suffix=arXiv 20250416
MLEP: Multi-granularity Local Entropy Patterns for Universal AI-generated Image Detection,2025,"Lin Yuan, Xiaowan Li, Yan Zhang, Jiawei Zhang, Hongbo Li, Xinbo Gao",,,,,detection,Z_Update_SID-2018-2025.docx,Detection,"source_suffix=arXiv, 20250418"
Towards Explainable Fake Image Detection with Multi-Modal Large Language Models,2025,"Yikun Ji, Yan Hong, Jiahui Zhan, Haoxing Chen, jun lan, Huijia Zhu, Weiqiang Wang, Liqing Zhang, Jianfu Zhang 上交",,,,,detection,Z_Update_SID-2018-2025.docx,Detection,source_suffix=arXiv 20250419
DeeCLIP: A Robust and Generalizable Transformer-Based Framework for Detecting AI-Generated Images,2025,"Mamadou Keita, Wassim Hamidouche, Hessen Bougueffa Eutamene, Abdelmalik Taleb-Ahmed, Abdenour Hadid",,,,,detection,Z_Update_SID-2018-2025.docx,Detection,"source_suffix=arXiv, 20250428"
Composite Data Augmentations for Synthetic Image Detection against Real-World Perturbations,2025,"Efthymia Amarantidou, Christos Koutlis, Symeon Papadopoulos, Panagiotis C. Petrantonakis",,,,,detection,Z_Update_SID-2018-2025.docx,Detection,"source_suffix=arXiv, 20250613"
Task-aligned prompting improves zero-shot detection of AI-generated images by Vision-Language Models,2025,"Zoher Kachwala, Danishjeet Singh, Danielle Yang, Filippo Menczer.",,,,,detection,Z_Update_SID-2018-2025.docx,Detection,"source_suffix=arXiv, 20250616"
Pay Less Attention to Deceptive Artifacts: Robust Detection of Compressed Deepfakes on Online Social Networks,2025,"Manyi Li, Renshuai Tao, Yufan Liu, Chuangchuang Tan, Haotong Qin, Bing Li, Yunchao Wei, Yao Zhao. 北交",,,,,detection,Z_Update_SID-2018-2025.docx,Detection,"source_suffix=arXiv, 20250625"
LATTE: Latent Trajectory Embedding for Diffusion-Generated Image Detection,2025,"Ana Vasilcoiu, Ivona Najdenkoska, Zeno Geradts, Marcel Worring. University of Amsterdam",,,,,detection,Z_Update_SID-2018-2025.docx,Detection,"source_suffix=arXiv, 20250703"
Explainable Synthetic Image Detection through Diffusion Timestep Ensembling,2025,"Yixin Wu, Feiran Zhang, Tianyuan Shi, Ruicheng Yin, Zhenghua Wang, Zhenliang Gan, Xiaohua Wang, Changze Lv, Xiaoqing Zheng, Xuanjing Huang",,,,,detection,Z_Update_SID-2018-2025.docx,Detection,"source_suffix=arXiv, 20250728"
Redefining Generalization in Visual Domains: A Two-Axis Framework for Fake Image Detection with FusionDetect,2025,"Amirtaha Amanzadi, Zahra Dehghanian, Hamid Beigy, Hamid R. Rabiee. Sharif University of Technology Iran",,,,,detection,Z_Update_SID-2018-2025.docx,Detection,"source_suffix=arXiv, 20251007"
From Evidence to Verdict: An Agent-Based Forensic Framework for AI-Generated Image Detection,2025,"Mengfei Liang, Yiting Qu, Yukun Jiang, Michael Backes, Yang Zhang. CISPA",,,,,detection,Z_Update_SID-2018-2025.docx,Detection,"source_suffix=arXiv, 20251031"
Generalized Design Choices for Deepfake Detectors,2025,"Lorenzo Pellegrini, Serafino Pandolfini, Davide Maltoni, Matteo Ferrara, Marco Prati, Marco Ramilli. University of Bologna, Italy",,2511.21507,,,detection,Z_Update_SID-2018-2025.docx,Detection,"source_suffix=arXiv, 20251126"
Code-in-the-Loop Forensics: Agentic Tool Use for Image Forgery Detection,2025,"Fanrui Zhang, Qiang Zhang, Sizhuo Zhou, Jianwen Sun, Chuanhao Li, Jiaxin Ai, Yukang Feng, Yujie Zhang, Wenjie Li, Zizhen Li, Yifan Chang, Jiawei Liu, Kaipeng Zhang 中科大",,,,,detection,Z_Update_SID-2018-2025.docx,Detection,"source_suffix=arXiv, 20251218"
Beyond Semantic Features: Pixel-level Mapping for Generalized AI-Generated Image Detection,2025,"Chenming Zhou, Jiaan Wang, Yu Li, Lei Li, Juan Cao, Sheng Tang 中科院计算所",,,,,detection,Z_Update_SID-2018-2025.docx,Detection,"source_suffix=arXiv, 20251219"
AdaptPrompt: Parameter-Efficient Adaptation of VLMs for Generalizable Deepfake Detection,2025,"Yichen Jiang, Mohammed Talha Alam, Sohail Ahmed Khan, Duc-Tien Dang-Nguyen, Fakhri Karray University of Waterloo, Canada & MBZUAI, UAE & University of Bergen, Norway",,,,,detection,Z_Update_SID-2018-2025.docx,Detection,"source_suffix=arXiv, 20251219"
LADLE-MM: Limited Annotation based Detector with Learned Ensembles for Multimodal Misinformation,2025,"Daniele Cardullo, Simone Teglia, Irene Amerini. Sapienza University of Rome",,,,,detection,Z_Update_SID-2018-2025.docx,Detection,"source_suffix=arXiv, 20251223"
Fixed-Threshold Evaluation of a Hybrid CNN–ViT for AI-Generated Image Detection Across Photos and Art,2025,"Md Ashik Khan, Arafat Alam Jion. Indian Institute of Technology Kharagpur",,,,,detection,Z_Update_SID-2018-2025.docx,Detection,"source_suffix=arXiv, 20251225"
A closer look at fourier spectrum discrepancies for cnn-generated images detection,2021,"Keshigeyan Chandrasegaran, Ngoc-Trung Tra, Ngai-Man Cheung. SUTD",,,,https://openaccess.thecvf.com/content/CVPR2021/papers/Chandrasegaran_A_Closer_Look_at_Fourier_Spectrum_Discrepancies_for_CNN-Generated_Images_CVPR_2021_paper.pdf,detection,Z_Update_SID-2018-2025.docx,Anti-forensics,"auxiliary; anti-forensics; source_suffix=CVPR, 2021"
Think Twice Before Detecting GAN-generated Fake Images from their Spectral Domain Imprints,2022,"Chengdong Dong, Ajay Kumar, Eryun Liu",,,,https://openaccess.thecvf.com/content/CVPR2022/papers/Dong_Think_Twice_Before_Detecting_GAN-Generated_Fake_Images_From_Their_Spectral_CVPR_2022_paper.pdf,detection,Z_Update_SID-2018-2025.docx,Anti-forensics,auxiliary; anti-forensics; source_suffix=CVPR 2022
Stealthdiffusion: Towards evading diffusion forensic detection through diffusion model,2025,"Z. Zhou, K. Sun, Z. Chen, H. Kuang, X. Sun, and R. Ji. ACM Multimedia, 2024. Xiamen U.",10.1145/3664647.3681535,,,https://dl.acm.org/doi/abs/10.1145/3664647.3681535,detection,Z_Update_SID-2018-2025.docx,Anti-forensics,auxiliary; anti-forensics
An Adversarial Approach for Anti-Detection of AI Generated Images through Sample Generation,2025,"Meng-Luen Wu, Cheng-Bing Cheng",,,,https://www.taai.org.tw/files/domestic/30/An%20Adversarial%20Approach%20for%20Anti-Detection%20of%20AI-Generated%20Images%20through%20Sample%20Generation.pdf,detection,Z_Update_SID-2018-2025.docx,Anti-forensics,"auxiliary; anti-forensics; source_suffix=IEEE, 2025"
Sanitizing Diffusion-Generated Images via Fingerprint Removal and Adversarial Perturbation for Forensic Evasion,2025,"Meng-Luen Wu, Cheng-Bing Cheng",,,,https://ieeexplore.ieee.org/stamp/stamp.jsp?tp=&arnumber=11122535,detection,Z_Update_SID-2018-2025.docx,Anti-forensics,"auxiliary; anti-forensics; source_suffix=IEEE Access, 2025"
Take Fake as Real: Realistic-like Robust Black-box Adversarial Attack to Evade AIGC Detection,2024,"Caiyun Xie, Dengpan Ye, Yunming Zhang, Long Tang, Yunna Lv, Jiacheng Deng, Jiawei Song",,,,,detection,Z_Update_SID-2018-2025.docx,Anti-forensics,"auxiliary; anti-forensics; source_suffix=arXiv, 20241226"
Fooling the Watchers: Breaking AIGC Detectors via Semantic Prompt Attacks,2025,"Run Hao, Peng Ying 丹麦Aarhus University&中国矿业大学",,,,,detection,Z_Update_SID-2018-2025.docx,Anti-forensics,"auxiliary; anti-forensics; source_suffix=arXiv, 20250529"
Are GAN generated images easy to detect? A critical analysis of the state-of-the-art,2025,"D. Gragnaniello, D. Cozzolino, F. Marra, G. Poggi and L. Verdoliva. ICME, 2021.",,,,https://ieeexplore.ieee.org/abstract/document/9428429,detection,Z_Update_SID-2018-2025.docx,Benchmark,auxiliary; benchmark
Online Detection of AI-Generated Images,2025,"David C. Epstein, Ishan Jain, Oliver Wang, Richard Zhang. ICCV Workshop, 2023.",,,,https://openaccess.thecvf.com/content/ICCV2023W/DFAD/papers/Epstein_Online_Detection_of_AI-Generated_Images__ICCVW_2023_paper.pdf,detection,Z_Update_SID-2018-2025.docx,Benchmark,auxiliary; benchmark
Intriguing properties of synthetic images: from generative adversarial networks to diffusion models,2025,"Riccardo Corvi, Davide Cozzolino, Giovanni Poggi, Koki Nagano, Luisa Verdoliva. CVPR Workshop, 2023.",,,,https://openaccess.thecvf.com/content/CVPR2023W/WMF/papers/Corvi_Intriguing_Properties_of_Synthetic_Images_From_Generative_Adversarial_Networks_to_CVPRW_2023_paper.pdf,detection,Z_Update_SID-2018-2025.docx,Benchmark,auxiliary; benchmark
On The Detection of Synthetic Images Generated by Diffusion Models,2025,"Riccardo Corvi, Davide Cozzolino, Giada Zingarini, Giovanni Poggi, Koki Nagano, Luisa Verdoliva. ICASSP, 2023.",,,,https://ieeexplore.ieee.org/stamp/stamp.jsp?tp=&arnumber=10095167,detection,Z_Update_SID-2018-2025.docx,Benchmark,auxiliary; benchmark
Organic or Diffused: Can We Distinguish Human Art from AI-generated Images?,2025,"Anna Yoo Jeong Ha, Josephine Passananti, Ronik Bhaskar, Shawn Shan, Reid Southen, Haitao Zheng, Ben Y. Zhao. CCS, 2024. 芝加哥大学（郑海涛）",,,,,detection,Z_Update_SID-2018-2025.docx,Benchmark,auxiliary; benchmark
AI-generated Image Detection: Passive or Watermark?,2024,"Moyang Guo, Yuepeng Hu, Zhengyuan Jiang, Zeyu Li, Amir Sadovnik, Arka Daw, Neil Gong",,,,,detection,Z_Update_SID-2018-2025.docx,Benchmark,"auxiliary; benchmark; source_suffix=arXiv, 20241120"
SIDBench: A Python Framework for Reliably Assessing Synthetic Image Detection Methods,2024,"Manos Schinas, Symeon Papadopoulos. CERTH",,,,,detection,Z_Update_SID-2018-2025.docx,Benchmark,"auxiliary; benchmark; source_suffix=MAD Workshops, 2024"
Towards the Detection of Diffusion Model Deepfakes cite: 100+ Ruhr University Bochum,2025,"Jonas Ricker, Simon Damm, Thorsten Holz, Asja Fischer. VISIGRAPP, 2024.",,,,,detection,Z_Update_SID-2018-2025.docx,Benchmark,auxiliary; benchmark
Rich and Poor Texture Contrast: A Simple yet Effective Approach for AI-generated Image Detection,2025,"Nan Zhong, Yiran Xu, Zhenxing Qian, Xinpeng Zhang. arXiv, 20240307.",,,,,detection,Z_Update_SID-2018-2025.docx,Benchmark,auxiliary; benchmark
Bridging the Gap Between Ideal and Real-world Evaluation: Benchmarking AI-Generated Image Detection in Challenging Scenarios,2025,"Chunxiao Li, Xiaoxiao Wang, Meiling Li, Boming Miao, Peng Sun, Yunjian Zhang, Xiangyang Ji, Yao Zhu 北京师范大学",,,,,detection,Z_Update_SID-2018-2025.docx,Benchmark,"auxiliary; benchmark; source_suffix=ICCV, 2025"
No Detector to Rule Them All,2025,"Alan Perotti, Marco Nurisso, Mirko Zaffaroni",10.1145/3746265.3759659,,,https://dl.acm.org/doi/pdf/10.1145/3746265.3759659,detection,Z_Update_SID-2018-2025.docx,Benchmark,"auxiliary; benchmark; source_suffix=ACM MM, 2025"
DFBench: Benchmarking Deepfake Image Detection Capability of Large Multimodal Models,2025,"Jiarui Wang, Huiyu Duan, Juntong Wang, Ziheng Jia, Woo Yi Yang, Xiaorong Zhu, Yu Zhao, Jiaying Qian , Yuke Xing, Guangtao Zhai1, Xiongkuo Min 上交",10.1145/3746027.3758204,,,https://dl.acm.org/doi/pdf/10.1145/3746027.3758204,detection,Z_Update_SID-2018-2025.docx,Benchmark,"auxiliary; benchmark; source_suffix=ACM MM, 2025"
ForensicHub: A Unified Benchmark & Codebase for All-Domain Fake Image Detection and Localization,2025,"Bo Du, Xuekang Zhu, Xiaochen Ma, Chenfan Qu, Kaiwen Feng, Zhe Yang, Chi-Man Pun, Jian Liu, Ji-Zhe Zhou 四川大学&蚂蚁&HKUST&南方工业大学&澳门大学",,,,,detection,Z_Update_SID-2018-2025.docx,Benchmark,auxiliary; benchmark; source_suffix=NeurIPS. 2025
UniAIDet: A Unified and Universal Benchmark for AI-Generated Image Content Detection and Localization,2025,Huixuan Zhang & Xiaojun Wan 北京大学,,,,,detection,Z_Update_SID-2018-2025.docx,Benchmark,auxiliary; benchmark; source_suffix=arXiv 20251027
DBINDS - Can Initial Noise from Diffusion Model Inversion Help Reveal AI-Generated Videos?,2025,"Yanlin Wu, Xiaogang Yuan, Dezhi An 甘肃政法大学",,,,,detection,Z_Update_SID-2018-2025.docx,Benchmark,"auxiliary; benchmark; source_suffix=arXiv, 20251112"
Artifact: A large-scale dataset with artificial and factual images for generalizable and robust synthetic image detection,2023,Md Awsafur Rahman; Bishmoy Paul; Najibul Haque Sarker; Zaber Ibn Abdul Hakim; Shaikh Anowarul Fattah.,,,,https://ieeexplore.ieee.org/stamp/stamp.jsp?tp=&arnumber=10222083,detection,Z_Update_SID-2018-2025.docx,Dataset,"auxiliary; dataset; source_suffix=ICIP, 2023"
Synthbuster: Towards Detection of Diffusion Model Generated Images,2025,"Quentin Bammey. IEEE Open Journal of Signal Processing, 2023.",,,,https://ieeexplore.ieee.org/document/10334046/,detection,Z_Update_SID-2018-2025.docx,Dataset,auxiliary; dataset
Benchmarking Deepart Detection,2023,"Yabin Wang, Zhiwu Huang, Xiaopeng Hong.",,,,,detection,Z_Update_SID-2018-2025.docx,Dataset,auxiliary; benchmark; dataset; source_suffix=arXiv 2023
DeepArt: A Benchmark to Advance Fidelity Research in AI-Generated Content,2023,"Wentao Wang, Xuanyao Huang, Tianyang Wang, Swalpa Kumar Roy. 重庆邮电",,,,,detection,Z_Update_SID-2018-2025.docx,Dataset,"auxiliary; benchmark; dataset; source_suffix=arXiv, 20231224"
Genimage: A million-scale benchmark for detecting ai-generated image,2023,"M. Zhu, H. Chen, Q. Yan, X. Huang, G. Lin, W. Li, Z. Tu, H. Hu, J. Hu, and Y. Wang.",,,,https://proceedings.neurips.cc/paper_files/paper/2023/file/f4d4a021f9051a6c18183b059117e8b5-Paper-Datasets_and_Benchmarks.pdf,detection,Z_Update_SID-2018-2025.docx,Dataset,"auxiliary; benchmark; dataset; source_suffix=NeurIPS, 2023"
Seeing is not always believing: benchmarking human and model perception of AI-generated images,2024,"Lu, Z., et al. Fake2M数据集",,,,https://proceedings.nips.cc/paper_files/paper/2023/file/505df5ea30f630661074145149274af0-Paper-Datasets_and_Benchmarks.pdf,detection,Z_Update_SID-2018-2025.docx,Dataset,"auxiliary; benchmark; dataset; source_suffix=NeurIPS, 2024"
TWIGMA: A dataset of AI-Generated Images with Metadata From Twitter,2024,"Yiqun T. Chen, James, Zou. Stanford University.",,,,,detection,Z_Update_SID-2018-2025.docx,Dataset,"auxiliary; dataset; source_suffix=NeurIPS, 2024"
Evolution of Detection Performance throughout the Online Lifespan of Synthetic Images,2025,"Dimitrios Karageorgiou, Quentin Bammey, Valentin Porcellini, Bertrand Goupil, Denis Teyssou, Symeon Papadopoulos",,2408.11541,,,detection,Z_Update_SID-2018-2025.docx,Dataset,auxiliary; dataset
ImagiNet: A Multi-Content Dataset for Generalizable Synthetic Image Detection via Contrastive Learning,2024,Delyan Boychev and Radostin Cholakov,,,,,detection,Z_Update_SID-2018-2025.docx,Dataset,auxiliary; dataset; source_suffix=arXiv 20240729
AntifakePrompt: Prompt-Tuned Vision-Language Models are Fake Image Detectors,2025,"You-Ming Chang, Chen Yeh, Wei-Chen Chiu, Ning Yu. arXiv 20240821.",,,,,detection,Z_Update_SID-2018-2025.docx,Dataset,auxiliary; dataset
"FakeBench: Probing Explainable fake image detection via large multimodal models. arXiv, 20240908. 港城",2024,"Yixuan Li, Xuelin Liu, Xiaoyang Wang, Bu Sung Lee, Shiqi Wang, Anderson Rocha, Weisi Lin",,,,,detection,Z_Update_SID-2018-2025.docx,Dataset,auxiliary; dataset
"Human vs. AI: A Novel Benchmark and a Comparative Study on the Detection of Generated Images and the Impact of Prompts. GenAIDetect, 2025",2025,"Philipp Moeßner, Heike Adel.",,,,https://aclanthology.org/2025.genaidetect-1.2.pdf,detection,Z_Update_SID-2018-2025.docx,Dataset,auxiliary; benchmark; dataset
WildFake: A Large-scale Challenging Dataset for AI-Generated Images Detection,2025,"Yan Hong, Jianming Feng, Haoxing Chen, Jun Lan, Huijia Zhu, Weiqiang Wang, Jianfu Zhang 蚂蚁&上交",,,,,detection,Z_Update_SID-2018-2025.docx,Dataset,auxiliary; dataset; source_suffix=AAAI 2025
Fake or JPEG? Revealing Common Biases in,2024,"Patrick Grommelt, Louis Weiss, Franz-Josef Pfreundt, Janis Keuper. Fraunhofer ITWM & Offenburg University & University of Mannheim, Germany",,,,,detection,Z_Update_SID-2018-2025.docx,Dataset,"auxiliary; dataset; source_suffix=Generated Image Detection Datasets ECCV Workshops, 2024"
Aligned Datasets Improve Detection of Latent Diffusion-Generated Images,2025,"Anirudh Sundara Rajan, Utkarsh Ojha, Jedidiah Schloesser, Yong Jae Lee University of Wisconsin-Madiso, USA",,,,https://proceedings.iclr.cc/paper_files/paper/2025/file/9ead108421b202494d01b5060d12aa34-Paper-Conference.pdf,detection,Z_Update_SID-2018-2025.docx,Dataset,"auxiliary; dataset; source_suffix=ICLR, 2025"
Community Forensics: Using Thousands of Generators to Train Fake Image Detectors,2025,Jeongsoo Park · Andrew Owens University of Michigan,,,,,detection,Z_Update_SID-2018-2025.docx,Dataset,"auxiliary; dataset; source_suffix=CVPR, 2025"
CO-SPY: Combining Semantic and Pixel Features to Detect Synthetic Images by AI,2025,"Siyuan Cheng, Lingjuan Lyu, Zhenting Wang, Xiangyu Zhang, Vikash Sehwag 普渡大学",,,,,detection,Z_Update_SID-2018-2025.docx,Dataset,"auxiliary; dataset; source_suffix=CVPR, 2025"
AI-GenBench: A New Ongoing Benchmark for AI-Generated Image Detection,2025,"Lorenzo Pellegrini, Davide Cozzolino, Serafino Pandolfini, Davide Maltoni, Matteo Ferrara, Luisa Verdoliva, Marco Prati, Marco Ramilli",,,,,detection,Z_Update_SID-2018-2025.docx,Dataset,"auxiliary; benchmark; dataset; source_suffix=arXiv, 20250429"
Enhancing Synthetic Generated-Images Detection through Post-Hoc Calibration,2025,"Giovanna Maria Dimitri, Benedetta Tondi, Mauro Barni University of Siena",,,,,detection,Z_Update_SID-2018-2025.docx,Dataset,"auxiliary; dataset; source_suffix=WACV Workshop, 2025"
FragFake: A Dataset for Fine-Grained Detection of Edited Images with Vision Language Models. 20250x0x,2025,"Zhen Sun, Ziyi Zhang, Zeren Luo, Zeyang Sha, Tianshuo Cong, Zheng Li, Shiwen Cui, Weiqiang Wang, Jiaheng Wei, Xinlei He, Qi Li, Qian Wang. 港中文，",,2505.15644,,,detection,Z_Update_SID-2018-2025.docx,Dataset,auxiliary; dataset
RAID: A Dataset for Testing the Adversarial Robustness of AI-Generated Image Detectors,2025,"Hicham Eddoubi, Jonas Ricker, Federico Cocchi, Lorenzo Baraldi, Angelo Sotgiu, Maura Pintor, Marcella Cornia, Lorenzo Baraldi, Asja Fischer, Rita Cucchiara, Battista Biggio Italy",,,,,detection,Z_Update_SID-2018-2025.docx,Dataset,"auxiliary; dataset; source_suffix=arXiv, 20250605"
Mirage: Unveiling Hidden Artifacts in Synthetic Images with Large Vision-Language Models,2025,"Pranav Sharma, Shivank Garg, Durga Toshniwal Indian Institute of Technology",,,,,detection,Z_Update_SID-2018-2025.docx,Dataset,"auxiliary; dataset; source_suffix=arXiv, 20251004"
RealHD: A High-Quality Dataset for Robust Detection of State-of-the-Art AI-Generated Images,2025,"Yanran Zhang, Bingyao Yu, Yu Zheng, Wenzhao Zheng, Yueqi Duan, Lei Chen, Jie Zhou, Jiwen Lu",10.1145/3746027.3755207,,,https://dl.acm.org/doi/pdf/10.1145/3746027.3755207,detection,Z_Update_SID-2018-2025.docx,Dataset,"auxiliary; dataset; source_suffix=ACM MM, 2025"
Is Artificial Intelligence Generated Image Detection a Solved Problem?,2025,"Ziqiang Li, Jiazhen Yan, Ziwen He, Kai Zeng, Weiwei Jiang, Lizhi Xiong Zhangjie Fu 南信大",,,,,detection,Z_Update_SID-2018-2025.docx,Dataset,"auxiliary; dataset; source_suffix=NeurIPS, 2025"
"Synthetic Image Verification in the Era of Generative Artificial Intelligence: What Works and What Isn’t There yet. IEEE Security & Privacy, 2024. 意",2024,,,,,https://ieeexplore.ieee.org/stamp/stamp.jsp?tp=&arnumber=10492675&tag=1,detection,Z_Update_SID-2018-2025.docx,Survey,auxiliary; survey
Detecting Multimedia Generated by Large AI Models: A Survey. arXiv 20240207. 美/意,2024,,,,,,detection,Z_Update_SID-2018-2025.docx,Survey,auxiliary; survey
"A Survey of Defenses against AI-generated Visual Media- Detection, Disruption, and Authentication",2024,,,,,,detection,Z_Update_SID-2018-2025.docx,Survey,auxiliary; survey; source_suffix=arXiv 20240715 西交/武大
AI-generated image detection algorithm based on classical-quantum hybrid neural network,2026,"Juncong XU, Han FANG, Yang YANG, Kejiang CHEN, Zhaoyun CHEN, Menghan DOU, Lei QU, Weiming ZHANG, Guoping GUO. 中科大",,,,,detection,Z_Update_SID_SIA_2026.docx,Detection,"source_suffix=Science China, 2026"
Light2Lie: Detecting Deepfake Images Using Physical Reflectance Law,2026,"Kavita Kumari, Sasha Behrouzi, Alessandro Pegoraro, Ahmad-Reza Sadeghi. TU Darmstadt",,,,,detection,Z_Update_SID_SIA_2026.docx,Detection,"source_suffix=NDSS, 2026"
"""That’s another doom I haven’t thought about"": A User Study on AI Labels as a Safeguard Against Image-Based Misinformation",2026,,,,,,detection,Z_Update_SID_SIA_2026.docx,Detection,"source_suffix=CHI, 2026"
"All Patches Matter, More Patches Better: Enhance AI-Generated Image Detection via Panoptic Patch Learning",2026,Zheng Yang · Ruoxin Chen · Zhiyuan Yan · Ke-Yue Zhang · Xinghe Fu · Shuang Wu · Xiujun Shu · Taiping Yao · Shouhong Ding · Zequn Qin · Xi Li 浙大&腾讯&北大&浙大,,,,,detection,Z_Update_SID_SIA_2026.docx,Detection,"source_suffix=ICLR, 2026"
FakeReasoning: Towards Generalizable Forgery Detection and Reasoning,2026,"Yueying Gao, Dongliang Chang, Bingyao Yu, Haotian Qin, Lei Chen, Kongming Liang, Zhanyu Ma 北邮&清华",,,,,detection,Z_Update_SID_SIA_2026.docx,Detection,"source_suffix=TIP, 2026"
SynerDetect: Hierarchical Synergistic Learning for Generalizable AI-Generated Image Detection,2026,"Shuaibo Li, Yijun Yang, Zhaohu Xing, Hongqiu Wang, Pengfei Hao, Xingyu Li, Zekai Liu, Qing Zhang, Lei Zhu 香港科技大学",,,,,detection,Z_Update_SID_SIA_2026.docx,Detection,"source_suffix=AAAI, 2026"
Self-Supervised AI-Generated Image Detection: A Camera Metadata Perspective,2026,"Nan Zhong, Mian Zou, Yiran Xu, Zhenxing Qian, Xinpeng Zhang, Baoyuan Wu 香港城市大学",,,,,detection,Z_Update_SID_SIA_2026.docx,Detection,"source_suffix=TPAMI, 2026"
Penny-Wise and Pound-Foolish in AI-Generated Image Detection,2026,"Yabin Wang, Zhiwu Huang, Su Zhou, Adam Prugel-Bennett, and Xiaopeng Hong. 哈工大& University of Southampton &西交",,,,,detection,Z_Update_SID_SIA_2026.docx,Detection,"source_suffix=TPAMI, 2026"
DCNet: Learning Similarity and Spatial Complementary Features for Generalized AI-Generated Image Detection,2026,"Yuxuan Shi, Shaowei Weng, Lifang Yu and Rongrong Ni 福建理工大学",,,,,detection,Z_Update_SID_SIA_2026.docx,Detection,"source_suffix=TCSVT, 2026"
Semantic Distribution and Authenticity Discrepancy Alignment for AI-Generated Image Detection,2026,"Jiehua Zhang, Liang Li, Chenggang Yan, Wei Ke, Yihong Gong. 西交",,,,,detection,Z_Update_SID_SIA_2026.docx,Detection,"source_suffix=TMM, 2026"
Adversarial Diffusion Model: Generating High-Quality and Undetectable Images From Scratch,2026,"Haoyue Wang , Sheng Li , Zhenxing Qian, and Xinpeng Zhang",,,,,detection,Z_Update_SID_SIA_2026.docx,Detection,"source_suffix=TIFS, 2026"
"GReX-Bench: Benchmarking Generalization, Robustness, and Explainability in AI-Generated Image Detection",2026,"Nusrat Tasnim, Kutub Uddin, Khalid Malik Korea Aerospace University",,,,,detection,Z_Update_SID_SIA_2026.docx,Detection,"auxiliary; benchmark; source_suffix=Research Square, 2026"
Transferable Dual-Domain Feature Importance Attack against AI-Generated Image Detector,2026,"Weiheng Zhu, Gang Cao, Jing Liu, Lifang Yu, and Shaowei Weng 中国传媒大学",,,,,detection,Z_Update_SID_SIA_2026.docx,Detection,"source_suffix=SPL, 2026"
General and Domain-Specific Zero-shot Detection of Generated Images via Conditional Likelihood,2026,"Roy Betser, Omer Hofman, Roman Vainshtein, Guy Gilboa Technion - Israel Institute of Technology& Fujitsu Research of Europe",,,,,detection,Z_Update_SID_SIA_2026.docx,Detection,"source_suffix=WACV, 2026"
Training-free Detection of Text-to-video Generations via Over-coherence,2026,"Jonathan Brokman, Oren Rachmil, Omer Hofman, Roy Betser, Amit Giloni, Roman Vainshtein, Hisashi Kojima. Fujitsu Research of Europe",,,,,detection,Z_Update_SID_SIA_2026.docx,Detection,"source_suffix=WACV, 2026"
The SAFE Image Authenticity Challenge: Detecting and Localizing Partial and Fully Synthetic Manipulations,2026,"Tai Nguyen, Matthew Stamm, Jill Crisman, Jesse Hostetler, Laura Cassano, Michael Davinroy, Peter Bautista. Drexel University",,,,,detection,Z_Update_SID_SIA_2026.docx,Detection,"source_suffix=WACV workshop, 2026"
Forensic Detection of Generated MRI Imagery Using Autoregressive Modeling and Frequency Analysis,2026,"Arpan Mahara, Naphtali Rishe, Malek Adjouadi. Florida International University",,,,,detection,Z_Update_SID_SIA_2026.docx,Detection,"source_suffix=WACV workshops, 2026"
CTForensics: A Comprehensive Dataset and Method for AI-Generated CT Image Detection,2026,"Yiheng Li, Zichang Tan, Guoqing Xu, Yijun Ye, Yang Yang, Zhen Lei 中科院",,,,,detection,Z_Update_SID_SIA_2026.docx,Detection,"auxiliary; dataset; source_suffix=arXiv, 20260302"
"Prompt-Engineered Detection of AI-Generated Images. New Trends in Intelligent Software Methodologies, Tools and Techniques, 2026",2026,"Rita FERRARA, Leonardo GALTERI  Pegaso Telematic University",,,,,detection,Z_Update_SID_SIA_2026.docx,Detection,
Localizing Perceptual Artifacts in Synthetic Images for Image Quality Assessment via Deep-Learning-Based Anomaly Detection,2026,Zijin Yin 北邮,,,,,detection,Z_Update_SID_SIA_2026.docx,Detection,"source_suffix=Electronics, 2026"
Transformer Based on Multi-Domain Feature Fusion for AI-Generated Image Detection,2026,"Qiaoyue Man, Young-Im Cho Gachon University",,,,,detection,Z_Update_SID_SIA_2026.docx,Detection,"source_suffix=Electronics, 2026"
What is Real Anymore? A Solution to Detect Hyper Realistic AI-Generated Imagery,2026,"Andrew McDonald, Ahmad Al. Doulat, Mohammad Khan, Chelsie Dubay, Jeff Roach. East Tennessee State University",,,,,detection,Z_Update_SID_SIA_2026.docx,Detection,"source_suffix=CCWC, 2026"
FANB-Net: Frequency-Awared Attention and Noise-Injected Boosting for AI-Generated Image Detection,2026,"Jiacai Guo, Zili Xu, Jianjie Luo, Lap-Kei Lee, Fu Lee Wang, and Zhenguo Yang",,,,,detection,Z_Update_SID_SIA_2026.docx,Detection,source_suffix=MMM 2026
Privacy-preserving and zero-shot detection strategies for multimodal AI-generated content,2026,"Liting Zhang, Peng Xiong, Jintao Wang 皖江工学院",,,,,detection,Z_Update_SID_SIA_2026.docx,Detection,"source_suffix=Neurocomputing, 2026"
Harnessing attention for cropping and fusion in CLIP-based AIGC detection,2026,"Jiaqi Xu, Yanhui Du, Liangwei Lyu, Chenrui Yang 中国人民公安大学",,,,,detection,Z_Update_SID_SIA_2026.docx,Detection,"source_suffix=Neurocomputing, 2026"
E2GenF: Universal AIGC image detection based on edge enhanced generalizable features,2026,"Jian Zoua, Jun Wang, Kezhong Lua, Yingxin Lai, Kaiwen Luo, Zitong Yu 大湾区大学",,,,,detection,Z_Update_SID_SIA_2026.docx,Detection,"source_suffix=PRL, 2026"
Dynamic Ensemble of Deepfake Detectors Conditioned on CLIP Features,2026,Patricie Petrilakova and Jan Cech Czech Technical University in Prague,,,,,detection,Z_Update_SID_SIA_2026.docx,Detection,"source_suffix=Computer Vision Winter Workshop, 2026"
IoT-Oriented Security for Small Sensor Systems Using DnCNN Denoising and Multimodal Feature Fusion for Image Forgery Detection,2026,"Nimra Nasir, Syeda Sitara Waseem, Muhammad Bilal, Syed Rizwan Hassan. The Govt. Sadiq College Women University Pakistan",,,,,detection,Z_Update_SID_SIA_2026.docx,Detection,"source_suffix=Sensors, 2026"
"Interpol review of detection of AI-generated image and video deepfakes, 2022-2025",2026,"Stijn van Lierop, Ivona Najdenkoska, Marcel Worring, Zeno Geradts. Netherlands Forensic Institute & University of Amsterdam. Netherlands",,,,,detection,Z_Update_SID_SIA_2026.docx,Detection,"auxiliary; survey; source_suffix=Forensic Science International: Synergy, 2026"
Forensic Invariant Learning for Synthetic Image Detection: Bridging Benford’s Law and Topological Analysis with Machine Learning Ensembles,2026,"Md Abu Sayeb Rayhan, Ajoy Shutradhar, Hustagna Hiya. Comilla University, Bangladesh",,,,,detection,Z_Update_SID_SIA_2026.docx,Detection,"source_suffix=QPAIN, 2026"
Layer Consistency Matters: Elegant Latent Transition Discrepancy for Generalizable Synthetic Image Detection,2026,"Yawen Yang, Feng Li, Shuqi Kong, Yunfeng Diao, Xinjian Gao, Zenglin Shi, Meng Wang 合肥工业大学",,,,,detection,Z_Update_SID_SIA_2026.docx,Detection,"source_suffix=arXiv, 20260311"
Adaptive Forensic Feature Refinement via Intrinsic Importance Perception,2026,"Jiazhen Yang, Junjun Zheng, Kejia Chen, Xiangheng Kong, Jie Lei, Zunlei Feng, Bingde Hu, Yang Gao 浙江大学",,,,,detection,Z_Update_SID_SIA_2026.docx,Detection,"source_suffix=arXiv, 20260422"
