title,year,authors,venue,doi,openalex_url,arxiv_id,arxiv_url,missing_affiliation,missing_coordinates,needs_review,coverage_status,task,subtask,notes
Adaptive Forensic Feature Refinement via Intrinsic Importance Perception,2026,"['Jiazhen Yang', 'Junjun Zheng', 'Kejia Chen', 'Xiangheng Kong', 'Jie Lei', 'Zunlei Feng', 'Hu Bingde', 'Yang Gao']",ArXiv.org,,https://openalex.org/W7155245437,2604.16879,https://arxiv.org/abs/2604.16879,True,False,True,missing_affiliation,detection,ai_generated_image_detection,Imported from key_papers missing-from-candidate-pool top50 strong OpenAlex match; broad paper-level preview eligible; affiliation/location repair can happen later.
Adversarial Diffusion Model: Generating High-Quality and Undetectable Images From Scratch,2026,"['Haoyue Wang', 'Sheng Li', 'Zhenxing Qian', 'Xinpeng Zhang']",IEEE Transactions on Information Forensics and Security,https://doi.org/10.1109/tifs.2026.3657841,https://openalex.org/W7125828141,,,True,False,True,missing_affiliation,detection,ai_generated_image_detection,Imported from key_papers missing-from-candidate-pool top50 strong OpenAlex match; broad paper-level preview eligible; affiliation/location repair can happen later.
CTForensics: A Comprehensive Dataset and Method for AI-Generated CT Image Detection,2026,"['Yiheng Li', 'Zichang Tan', 'Guoqing Xu', 'Yijun Ye', 'Yang Yang', 'Zhen Lei']",ArXiv.org,,https://openalex.org/W7133363592,2603.01878,https://arxiv.org/abs/2603.01878,True,False,True,missing_affiliation,detection,medical_synthetic_image_detection,Imported from key_papers missing-from-candidate-pool top50 strong OpenAlex match; broad paper-level preview eligible; affiliation/location repair can happen later.
DCNet: Learning Similarity and Spatial Complementary Features for Generalized AI-Generated Image Detection,2026,"['Yuxuan Shi', 'Shaowei Weng', 'Lifang Yu', 'Rongrong Ni']",IEEE Transactions on Circuits and Systems for Video Technology,https://doi.org/10.1109/tcsvt.2026.3656696,https://openalex.org/W7125581744,,,True,False,True,missing_affiliation,detection,ai_generated_image_detection,Imported from key_papers missing-from-candidate-pool top50 strong OpenAlex match; broad paper-level preview eligible; affiliation/location repair can happen later.
Detecting AI-Generated Images via Diffusion Snap-Back Reconstruction: A Forensic Approach,2026,"['Mohd Ruhul Ameen', 'Akif Islam']","2026 IEEE 2nd International Conference on Quantum Photonics, Artificial Intelligence &amp;amp; Networking (QPAIN)",10.1109/qpain69676.2026.11545865,https://openalex.org/W4415936841,2511.00352,https://arxiv.org/abs/2511.00352,False,True,True,missing_coordinates,detection,ai_generated_image_detection,Automatically extracted OpenAlex candidate; all metadata and preliminary labels require manual review.
Forensic Invariant Learning for Synthetic Image Detection: Bridging Benford's Law and Topological Analysis with Machine Learning Ensembles,2026,"['Md Abu Sayeb Rayhan', 'Ajoy Shutradhar', 'Hustagna Hiya']",,https://doi.org/10.1109/qpain69676.2026.11546484,https://openalex.org/W7164298589,,,True,False,True,missing_affiliation,detection,ai_generated_image_detection,Imported from key_papers missing-from-candidate-pool top50 strong OpenAlex match; broad paper-level preview eligible; affiliation/location repair can happen later.
"Interpol review of detection of AI-generated image and video deepfakes, 2022-2025",2026,"['Stijn van Lierop', 'Ivona Najdenkoska', 'Marcel Worring', 'Zeno Geradts']",Forensic Science International Synergy,https://doi.org/10.1016/j.fsisyn.2026.100704,https://openalex.org/W7164742316,,,True,False,True,missing_affiliation,detection,generated_video_detection,Imported from key_papers missing-from-candidate-pool top50 strong OpenAlex match; broad paper-level preview eligible; affiliation/location repair can happen later.
IoT-Oriented Security for Small Sensor Systems Using DnCNN Denoising and Multimodal Feature Fusion for Image Forgery Detection,2026,"['Nimra Nasir', 'Syeda Sitara Waseem', 'Muhammad Bilal', 'Syed Rizwan Hassan']",Sensors,https://doi.org/10.3390/s26041172,https://openalex.org/W7128586659,,,True,False,True,missing_affiliation,detection,ai_generated_image_detection,Imported from key_papers missing-from-candidate-pool top50 strong OpenAlex match; broad paper-level preview eligible; affiliation/location repair can happen later.
Layer Consistency Matters: Elegant Latent Transition Discrepancy for Generalizable Synthetic Image Detection,2026,"['Yawen Yang', 'Feng Li', 'Shuqi Kong', 'Yunfeng Diao', 'Xinjian Gao', 'Zenglin Shi', 'Meng Wang']",arXiv (Cornell University),https://doi.org/10.48550/arxiv.2603.10598,https://openalex.org/W7135092069,,,True,False,True,missing_affiliation,detection,ai_generated_image_detection,Imported from key_papers missing-from-candidate-pool top50 strong OpenAlex match; broad paper-level preview eligible; affiliation/location repair can happen later.
Light2Lie: Detecting Deepfake Images Using Physical Reflectance Laws,2026,"['Kavita Kumari', 'Sasha Behrouzi', 'Alessandro Pegoraro', 'Ahmad‐Reza Sadeghi']",,https://doi.org/10.14722/ndss.2026.230923,https://openalex.org/W7160998329,,,True,False,True,missing_affiliation,detection,ai_generated_image_detection,Imported from key_papers missing-from-candidate-pool top50 strong OpenAlex match; broad paper-level preview eligible; affiliation/location repair can happen later.
Methods and trends in detecting AI-generated images: A comprehensive review,2026,"['Arpan Mahara', 'Naphtali Rishe']",Computer Science Review,10.1016/j.cosrev.2026.100908,https://openalex.org/W7125199518,2502.15176v2,https://arxiv.org/abs/2502.15176v2,False,True,True,missing_coordinates,detection,ai_generated_image_detection,Automatically extracted OpenAlex candidate; all metadata and preliminary labels require manual review.
Penny-Wise and Pound-Foolish in AI-Generated Image Detection,2026,"['Yabin Wang', 'Zhiwu Huang', 'Zhou Su', 'Adam Prugel-Bennett', 'Xiaopeng Hong']",IEEE Transactions on Pattern Analysis and Machine Intelligence,https://doi.org/10.1109/tpami.2026.3664388,https://openalex.org/W7128818896,,,True,False,True,missing_affiliation,detection,ai_generated_image_detection,Imported from key_papers missing-from-candidate-pool top50 strong OpenAlex match; broad paper-level preview eligible; affiliation/location repair can happen later.
Semantic Distribution and Authenticity Discrepancy Alignment for AI-Generated Image Detection,2026,"['Jiehua Zhang', 'Liang Li', 'Chenggang Yan', 'Wei Ke', 'Yihong Gong']",IEEE Transactions on Multimedia,https://doi.org/10.1109/tmm.2026.3668513,https://openalex.org/W7131898118,,,True,False,True,missing_affiliation,detection,ai_generated_image_detection,Imported from key_papers missing-from-candidate-pool top50 strong OpenAlex match; broad paper-level preview eligible; affiliation/location repair can happen later.
SynerDetect: Hierarchical Synergistic Learning for Generalizable AI-Generated Image Detection,2026,"['Shuaibo Li', 'Yijun Yang', 'Zhaohu Xing', 'Hongqiu Wang', 'Pengfei Hao', 'Xingyu Li', 'Zekai Liu', 'Qing Zhang', 'Lei Zhu']",Proceedings of the AAAI Conference on Artificial Intelligence,https://doi.org/10.1609/aaai.v40i8.37568,https://openalex.org/W7137976262,,,True,False,True,missing_affiliation,detection,ai_generated_image_detection,Imported from key_papers missing-from-candidate-pool top50 strong OpenAlex match; broad paper-level preview eligible; affiliation/location repair can happen later.
"""That's another doom I haven't thought about"": A User Study on AI Labels as a Safeguard Against Image-Based Misinformation",2026,"['Sandra Höltervennhoff', 'Jonas Ricker', 'Maike M. Raphael', 'Charlotte Schwedes', 'Rebecca Weil', 'Asja Fischer', 'Thorsten Holz', 'Lea Schönherr', 'Sascha Fahl']",,https://doi.org/10.1145/3772318.3791006,https://openalex.org/W4416604008,2505.22845,https://arxiv.org/abs/2505.22845,True,False,True,missing_affiliation,detection,ai_generated_image_detection,Imported from key_papers missing-from-candidate-pool top50 strong OpenAlex match; broad paper-level preview eligible; affiliation/location repair can happen later.
Toward Generalizable Forgery Detection and Reasoning,2026,"['Yueying Gao', 'Dongliang Chang', 'Bingyao Yu', 'Haotian Qin', 'Muxi Diao', 'Lei Chen', 'Kongming Liang', 'Zhanyu Ma']",IEEE Transactions on Image Processing,https://doi.org/10.1109/tip.2026.3673967,https://openalex.org/W7140634248,2503.21210,https://arxiv.org/abs/2503.21210,True,False,True,missing_affiliation,detection,ai_generated_image_detection,Imported from key_papers missing-from-candidate-pool top50 strong OpenAlex match; broad paper-level preview eligible; affiliation/location repair can happen later.
Zooming In on Fakes: A Novel Dataset for Localized AI-Generated Image Detection with Forgery Amplification Approach,2026,"['Lvpan Cai', 'Haowei Wang', 'Jiayi Ji', 'Yanshu Zhoumen', 'Shen Chen', 'Taiping Yao', 'Xiaoshuai Sun']",Proceedings of the AAAI Conference on Artificial Intelligence,10.1609/aaai.v40i4.37240,https://openalex.org/W7138473655,2504.11922v4,https://arxiv.org/abs/2504.11922v4,True,False,True,missing_affiliation,detection,ai_generated_image_detection,Automatically extracted OpenAlex candidate; all metadata and preliminary labels require manual review.
A Novel Framework for Deepfake Image Detection Using Deep Learning Approach,2025,"['Ambika Jaiswal', 'Aruna J. Chamatkar', 'Akash Prakash Kharat', 'Bhisham Sharma', 'Imed Ben Dhaou', 'Suhashini Awadhesh Chaurasia']",2025 22nd International Learning and Technology Conference (L&amp;amp;T),10.1109/lt64002.2025.10940759,https://openalex.org/W4409047068,,,False,True,True,missing_coordinates,detection,deepfake_image_detection,Automatically extracted OpenAlex candidate; all metadata and preliminary labels require manual review.
"A Review on Deepfake Image Detection Approaches, Techniques and Methods",2025,"['Jefferson Ng', 'Muhammed Basheer Jasser', 'Bayan Issa', 'Samuel-Soma M. Ajibade', 'Hui Na Chua']",2025 IEEE International Conference on Automatic Control and Intelligent Systems (I2CACIS),10.1109/i2cacis65476.2025.11100461,https://openalex.org/W4413255768,,,False,True,True,missing_coordinates,detection,deepfake_image_detection,Automatically extracted OpenAlex candidate; all metadata and preliminary labels require manual review.
A robust ensemble model for Deepfake detection of GAN-generated images on social media,2025,"['Preeti Sharma', 'Manoj Kumar', 'Hitesh Kumar Sharma']",Discover Computing,10.1007/s10791-025-09538-w,https://openalex.org/W4409526923,,,False,True,True,missing_coordinates,detection,deepfake_image_detection,Automatically extracted OpenAlex candidate; all metadata and preliminary labels require manual review.
AI-GenBench: A New Ongoing Benchmark for AI-Generated Image Detection,2025,"['Lorenzo Pellegrini', 'Davide Cozzolino', 'Serafino Pandolfini', 'Davide Maltoni', 'Matteo Ferrara', 'Luisa Verdoliva', 'Marco Prati', 'Marco Ramilli']",arXiv (Cornell University),10.48550/arxiv.2504.20865,https://openalex.org/W4417172205,2504.20865,https://arxiv.org/abs/2504.20865,True,False,True,missing_affiliation,detection,ai_generated_image_detection,Automatically extracted OpenAlex candidate; all metadata and preliminary labels require manual review.
C2P-CLIP: Injecting Category Common Prompt in CLIP to Enhance Generalization in Deepfake Detection,2025,"['Chuangchuang Tan', 'Renshuai Tao', 'Liu Huan', 'Guanghua Gu', 'Baoyuan Wu', 'Yao Zhao', 'Yunchao Wei']",Proceedings of the AAAI Conference on Artificial Intelligence,https://doi.org/10.1609/aaai.v39i7.32772,https://openalex.org/W4409367167,,,True,False,True,missing_affiliation,detection,ai_generated_image_detection,Imported from key_papers missing-from-candidate-pool top50 strong OpenAlex match; broad paper-level preview eligible; affiliation/location repair can happen later.
CO-SPY: Combining Semantic and Pixel Features to Detect Synthetic Images by AI,2025,"['Siyuan Cheng', 'Lingjuan Lyu', 'Zhenting Wang', 'Xiangyu Zhang', 'Vikash Sehwag']",,https://doi.org/10.1109/cvpr52734.2025.01256,https://openalex.org/W4413146055,,,True,False,True,missing_affiliation,detection,ai_generated_image_detection,Imported from key_papers missing-from-candidate-pool top50 strong OpenAlex match; broad paper-level preview eligible; affiliation/location repair can happen later.
Comparative Analysis of Custom CNN Architecture and MobileNet for Deepfake Image Detection,2025,"['Omar Khasro Akram', 'Abdelrahman Mohamed', 'Hager Magdy', 'Mariam M. Abdellatif', 'Sara Abdelghafar']",Lecture notes on data engineering and communications technologies,10.1007/978-3-031-81308-5_6,https://openalex.org/W4407768917,,,False,True,True,missing_coordinates,detection,deepfake_image_detection,Automatically extracted OpenAlex candidate; all metadata and preliminary labels require manual review.
Deepfake DEEPFAKE AND AI-GENERATED IMAGE DETECTION SYSTEM,2025,"['Iskand Wadhwa', 'Yash Choudhary', 'Prerna Chauhan', 'Anjali Singh', 'Sambit Sathua', 'Shaffy Bains']",International Journal For Multidisciplinary Research,10.36948/ijfmr.2025.v07i02.42245,https://openalex.org/W4409646637,,,True,False,True,missing_affiliation,detection,ai_generated_image_detection,Automatically extracted OpenAlex candidate; all metadata and preliminary labels require manual review.
"Deepfake Detection Using Deep Learning: A Unified Forensic Approach to Detect AI-Generated Images and Videos with Fusion of Eye, Nose, and Mouth Landmarks",2025,"['Saud Sohail', 'Syed Muhammad Sajjad', 'Adeel Zafar', 'Zafar Iqbal', 'Zia Muhammad', 'Muhammad Zafarullah Kazim']",Preprints.org,10.20944/preprints202502.0552.v1,https://openalex.org/W4407285822,,,True,False,True,missing_affiliation,detection,ai_generated_image_detection,Automatically extracted OpenAlex candidate; all metadata and preliminary labels require manual review.
Deepfake Image Detection Using Convolutional Neural Network,2025,"['Gouri Morankar', 'Rahul Tripathi', 'Shaili Dhanore', 'Yash Tiwari']",Lecture notes in networks and systems,10.1007/978-981-96-1981-8_5,https://openalex.org/W4410026772,,,False,True,True,missing_coordinates,detection,deepfake_image_detection,Automatically extracted OpenAlex candidate; all metadata and preliminary labels require manual review.
Deepfake Image Detection Using Light-Weight Attention Integrated MobileNetV3 Model,2025,"['Talluri Harshitha', 'Tanya Simhadri', 'Thadakuluru Jaswanthi', 'N. Rayvanth', 'Rimjhim Padam Singh']",Lecture notes in computer science,10.1007/978-3-031-84543-7_11,https://openalex.org/W4409586875,,,False,True,True,missing_coordinates,detection,deepfake_image_detection,Automatically extracted OpenAlex candidate; all metadata and preliminary labels require manual review.
Deepfake Image Detection with Transfer Learning Models,2025,"['Lutfi Emre Demir', 'Yavuz Canbay']",Bitlis Eren Üniversitesi Fen Bilimleri Dergisi,10.17798/bitlisfen.1610300,https://openalex.org/W4408853348,,,False,True,True,missing_coordinates,detection,deepfake_image_detection,Automatically extracted OpenAlex candidate; all metadata and preliminary labels require manual review.
DeepGuardNet: A Novel CNN Architecture for DeepFake Image Detection,2025,"['Arvanitis Theodoros N.', 'Philomina Simon']",Procedia Computer Science,10.1016/j.procs.2025.04.313,https://openalex.org/W4410253117,,,False,True,True,missing_coordinates,detection,deepfake_image_detection,Automatically extracted OpenAlex candidate; all metadata and preliminary labels require manual review.
Detecting AI-Generated Images Using a Hybrid ResNet-SE Attention Model,2025,"['Abhilash Reddy Gunukula', 'Himel Das Gupta', 'Victor S. Sheng']",Applied Sciences,10.3390/app15137421,https://openalex.org/W4411926716,,,False,True,True,missing_coordinates,detection,ai_generated_image_detection,Automatically extracted OpenAlex candidate; all metadata and preliminary labels require manual review.
Detecting AI-Generated Images Using Facial Similarity and Feature Extraction for Digital Security,2025,"['Man-Ling Liao', 'Jiann-Liang Chen', 'Candra Ahmadi']",IT Professional,10.1109/mitp.2025.3561143,https://openalex.org/W4411172248,,,False,True,True,missing_coordinates,detection,ai_generated_image_detection,Automatically extracted OpenAlex candidate; all metadata and preliminary labels require manual review.
Detecting AI-Generated Images Using Vision Transformers: A Robust Approach for Safeguarding Visual Media Integrity,2025,"['Nouar AlDahoul', 'Yasir Zaki']",SSRN Electronic Journal,10.2139/ssrn.5029893,https://openalex.org/W4406443479,,,False,True,True,missing_coordinates,detection,ai_generated_image_detection,Automatically extracted OpenAlex candidate; all metadata and preliminary labels require manual review.
E2GenF: Universal AIGC image detection based on edge enhanced generalizable features,2025,"['Jian Zou', 'Jun Wang', 'Kezhong Lu', 'Yingxin Lai', 'Kaiwen Luo', 'Zitong Yu']",Pattern Recognition Letters,https://doi.org/10.1016/j.patrec.2025.12.001,https://openalex.org/W4417166521,,,True,False,True,missing_affiliation,detection,ai_generated_image_detection,Imported from key_papers missing-from-candidate-pool top50 strong OpenAlex match; broad paper-level preview eligible; affiliation/location repair can happen later.
FerretNet: Efficient Synthetic Image Detection via Local Pixel Dependencies,2025,"['Liang, Shuqiao', 'Jian Liu', 'Renzhang Chen', 'Quanlong Guan']",ArXiv.org,https://doi.org/10.48550/arxiv.2509.20890,https://openalex.org/W4414789480,2509.20890,https://arxiv.org/abs/2509.20890,True,False,True,missing_affiliation,detection,ai_generated_image_detection,Imported from key_papers missing-from-candidate-pool top50 strong OpenAlex match; broad paper-level preview eligible; affiliation/location repair can happen later.
Few-Shot Class-Incremental Model Attribution Using Learnable Representation From CLIP-ViT Features,2025,"['Hanbyul Lee', 'Juneho Yi']",ArXiv.org,https://doi.org/10.48550/arxiv.2503.08148,https://openalex.org/W4414577086,2503.08148,https://arxiv.org/abs/2503.08148,True,False,True,missing_affiliation,source_attribution,source_attribution,Imported from key_papers missing-from-candidate-pool top50 strong OpenAlex match; broad paper-level preview eligible; affiliation/location repair can happen later.
FIRE: Robust Detection of Diffusion-Generated Images via Frequency-Guided Reconstruction Error,2025,"['Beilin Chu', 'Xuan Xu', 'Xin Wang', 'Yufei Zhang', 'Weike You', 'Linna Zhou']",,https://doi.org/10.1109/cvpr52734.2025.01197,https://openalex.org/W4413145084,,,True,False,True,missing_affiliation,detection,ai_generated_image_detection,Imported from key_papers missing-from-candidate-pool top50 strong OpenAlex match; broad paper-level preview eligible; affiliation/location repair can happen later.
Forensics-Bench: A Comprehensive Forgery Detection Benchmark Suite for Large Vision Language Models,2025,"['Jin Wang', 'Chenghui Lv', 'Xian Li', 'Shichao Dong', 'H. Li', 'Kelu Yao', 'Chao Li', 'Wenqi Shao', 'Ping Luo']",,https://doi.org/10.1109/cvpr52734.2025.00400,https://openalex.org/W4413156425,,,True,False,True,missing_affiliation,detection,ai_generated_image_detection,Imported from key_papers missing-from-candidate-pool top50 strong OpenAlex match; broad paper-level preview eligible; affiliation/location repair can happen later.
Harnessing attention for cropping and fusion in CLIP-based AIGC detection,2025,"['Jiaqi Xu', 'Yanhui Du', 'Lei Lyu', 'Chenrui Yang']",Neurocomputing,https://doi.org/10.1016/j.neucom.2025.132482,https://openalex.org/W4417526972,,,True,False,True,missing_affiliation,detection,ai_generated_image_detection,Imported from key_papers missing-from-candidate-pool top50 strong OpenAlex match; broad paper-level preview eligible; affiliation/location repair can happen later.
Harnessing The Power Of AI To Detect AI Generated Images,2025,"['Abhishek Pratap Singh', 'Ritesh Rastogi', 'M R Naveen Kumar']",SSRN Electronic Journal,10.2139/ssrn.5238890,https://openalex.org/W4410120556,,,False,True,True,missing_coordinates,detection,ai_generated_image_detection,Automatically extracted OpenAlex candidate; all metadata and preliminary labels require manual review.
Hierarchical Feature Fusion and Enhanced Attention Mechanism for Robust GAN-Generated Image Detection,2025,"['Weinan Zhang', 'Sanshuai Cui', 'Qi Zhang', 'Biwei Chen', 'Hui Zeng', 'Qi Zhong']",Mathematics,10.3390/math13091372,https://openalex.org/W4409705469,,,False,True,True,missing_coordinates,detection,deepfake_image_detection,Automatically extracted OpenAlex candidate; all metadata and preliminary labels require manual review.
InvisMark: Invisible and Robust Watermarking for AI-generated Image Provenance,2025,"['Rui Xu', 'Mengya Hu', 'Deren Lei', 'Yaxi Li', 'David Lowe', 'Alex Gorevski', 'Mingyu Wang', 'Emily S. C. Ching', 'Alex Deng']",2025 IEEE/CVF Winter Conference on Applications of Computer Vision (WACV),10.1109/wacv61041.2025.00098,https://openalex.org/W4409262147,2411.07795v2,https://arxiv.org/abs/2411.07795v2,False,True,True,missing_coordinates,source_attribution,generated_image_source_attribution,Automatically extracted OpenAlex candidate; all metadata and preliminary labels require manual review.
LoRAX: LoRA eXpandable Networks for Continual Synthetic Image Attribution,2025,"['Danielle Sullivan-Pao', 'Tian, Nicole', 'Pooya Khorrami']",ArXiv.org,https://doi.org/10.48550/arxiv.2504.08149,https://openalex.org/W4414827699,2504.08149,https://arxiv.org/abs/2504.08149,True,False,True,missing_affiliation,source_attribution,source_attribution,Imported from key_papers missing-from-candidate-pool top50 strong OpenAlex match; broad paper-level preview eligible; affiliation/location repair can happen later.
MSAFNet: multi-scale self-adaptive feature fusion network for AI-generated image detection,2025,"['Liwei Yao', 'Sen Niu', 'Kaili Liao', 'Guobing Zou', 'Kefeng Li', 'Tengbo Zhao']",Measurement Science and Technology,10.1088/1361-6501/ae005c,https://openalex.org/W4413783451,,,False,True,True,missing_coordinates,detection,ai_generated_image_detection,Automatically extracted OpenAlex candidate; all metadata and preliminary labels require manual review.
Multi-modal texture fusion network for detecting AI-generated images,2025,"['Haozheng Yu', 'Bing Xu']",Frontiers in Artificial Intelligence,10.3389/frai.2025.1663292,https://openalex.org/W4415418960,,,False,True,True,missing_coordinates,detection,ai_generated_image_detection,Automatically extracted OpenAlex candidate; all metadata and preliminary labels require manual review.
Multimodal Conditional Information Bottleneck for Generalizable AI-Generated Image Detection,2025,"['Haotian Qin', 'Dongliang Chang', 'Gao, Yueying', 'Bofu Yu', 'Lei Chen', 'Zhanyu Ma']",ArXiv.org,10.48550/arxiv.2505.15217,https://openalex.org/W4415025023,2505.15217,https://arxiv.org/abs/2505.15217,True,False,True,missing_affiliation,detection,ai_generated_image_detection,Automatically extracted OpenAlex candidate; all metadata and preliminary labels require manual review.
Noise-Informed Diffusion-Generated Image Detection With Anomaly Attention,2025,"['Weinan Guan', 'Wei Wang', 'Bo Peng', 'Ziwen He', 'Jing Dong', 'Haonan Cheng']",IEEE Transactions on Information Forensics and Security,10.1109/tifs.2025.3573161,https://openalex.org/W4410853187,2506.16743v1,https://arxiv.org/abs/2506.16743v1,False,True,True,missing_coordinates,detection,synthetic_image_detection,Automatically extracted OpenAlex candidate; all metadata and preliminary labels require manual review.
OpenSDI: Spotting Diffusion-Generated Images in the Open World,2025,"['Yabin Wang', 'Zhiwu Huang', 'Xiaopeng Hong']",,https://doi.org/10.1109/cvpr52734.2025.00405,https://openalex.org/W4413145584,,,True,False,True,missing_affiliation,detection,ai_generated_image_detection,Imported from key_papers missing-from-candidate-pool top50 strong OpenAlex match; broad paper-level preview eligible; affiliation/location repair can happen later.
ReTD: Reconstruction-Based Traceability Detection for Generated Images,2025,"['Weizhuo Chen', 'Fangfang Yuan', 'Cong Cao', 'Kun Peng', 'Dakui Wang', 'Yanbing Liu']",,https://doi.org/10.1109/icassp49660.2025.10890492,https://openalex.org/W4408356108,,,True,False,True,missing_affiliation,detection,ai_generated_image_detection,Imported from key_papers missing-from-candidate-pool top50 strong OpenAlex match; broad paper-level preview eligible; affiliation/location repair can happen later.
Secret Lies in Color: Enhancing AI-Generated Images Detection with Color Distribution Analysis,2025,"['Zexi Jia', 'Chuanwei Huang', 'Yeshuang Zhu', 'Hongyan Fei', 'Xiaoyue Duan', 'Zhiqiang Yuan', 'Ying Deng', 'Jiapei Zhang', 'Jinchao Zhang', 'Jie Zhou']",,https://doi.org/10.1109/cvpr52734.2025.01255,https://openalex.org/W4413146372,,,True,False,True,missing_affiliation,detection,ai_generated_image_detection,Imported from key_papers missing-from-candidate-pool top50 strong OpenAlex match; broad paper-level preview eligible; affiliation/location repair can happen later.
Semantic-Aware Lightweight AI Model for Deepfake Image Detection in Online Retail Platforms,2025,"['Shin‐Hung Pan', 'Akshat Gaurav', 'Saoucène Mahfoudh', 'Turki Althaqafi', 'Wadee Alhalabi', 'Ramakrishnan Raman', 'Ching‐Hsien Hsu']",International Journal on Semantic Web and Information Systems,10.4018/ijswis.384517,https://openalex.org/W4412112598,,,False,True,True,missing_coordinates,detection,deepfake_image_detection,Automatically extracted OpenAlex candidate; all metadata and preliminary labels require manual review.
SMNDNet for Multiple Types of Deepfake Image Detection,2025,"['Qin Wang', 'Xiaofeng Wang', 'Jianghua Li', 'Ruidong Han', 'Zinian Liu', 'Mingtao Guo']","Computers, materials & continua/Computers, materials & continua (Print)",10.32604/cmc.2025.063141,https://openalex.org/W4408874542,,,True,False,True,missing_affiliation,detection,deepfake_image_detection,Automatically extracted OpenAlex candidate; all metadata and preliminary labels require manual review.
A Bias-Free Training Paradigm for More General AI-generated Image Detection,2024,"['Fabrizio Guillaro', 'Giada Zingarini', 'Ben Usman', 'Avneesh Sud', 'Davide Cozzolino', 'Luisa Verdoliva']",arXiv (Cornell University),10.48550/arxiv.2412.17671,https://openalex.org/W4405768297,2412.17671,https://arxiv.org/abs/2412.17671,True,False,True,missing_affiliation,detection,ai_generated_image_detection,Automatically extracted OpenAlex candidate; all metadata and preliminary labels require manual review.
A Hybrid CNN-LSTM Approach for Precision Deepfake Image Detection Based on Transfer Learning,2024,"['Omar Alfarouk Hadi Hasan Al-Dulaimi', 'Sefer Kurnaz']",Electronics,10.3390/electronics13091662,https://openalex.org/W4395673009,,,False,True,True,missing_coordinates,detection,deepfake_image_detection,Automatically extracted OpenAlex candidate; all metadata and preliminary labels require manual review.
A Performance Analysis to Detect Synthetic Images with Deep Learning-Based Image Classification,2024,"['Vinay Gautam', 'Mukesh Joshi', 'Raj Gaurang Tiwari', 'Ambuj Kumar Agarwal', 'Naresh Kumar Trivedi']",Lecture notes in networks and systems,10.1007/978-981-97-3594-5_3,https://openalex.org/W4400793389,,,False,True,True,missing_coordinates,detection,synthetic_image_detection,Automatically extracted OpenAlex candidate; all metadata and preliminary labels require manual review.
Advanced Detection of AI-Generated Images Through Vision Transformers,2024,['Darshan Lamichhane'],IEEE Access,10.1109/access.2024.3522759,https://openalex.org/W4405778887,,,False,True,True,missing_coordinates,detection,ai_generated_image_detection,Automatically extracted OpenAlex candidate; all metadata and preliminary labels require manual review.
An Analysis of Recent Advances in Deepfake Image Detection in an Evolving Threat Landscape,2024,"['Sifat Muhammad Abdullah', 'Aravind Cheruvu', 'Shravya Kanchi', 'Taejoong Chung', 'Peng Gao', 'Murtuza Jadliwala', 'Bimal Viswanath']",2024 IEEE Symposium on Security and Privacy (SP),10.1109/sp54263.2024.00194,https://openalex.org/W4402264364,2404.16212v1,https://arxiv.org/abs/2404.16212v1,False,True,True,missing_coordinates,detection,deepfake_image_detection,Automatically extracted OpenAlex candidate; all metadata and preliminary labels require manual review.
An Analysis of Recent Advances in Deepfake Image Detection in an Evolving Threat Landscape,2024,"['Sifat Muhammad Abdullah', 'Aravind Cheruvu', 'Shravya Kanchi', 'Taejoong Chung', 'Peng Gao', 'Murtuza Jadliwala', 'Bimal Viswanath']",arXiv (Cornell University),10.48550/arxiv.2404.16212,https://openalex.org/W4395686688,2404.16212,https://arxiv.org/abs/2404.16212,True,False,True,missing_affiliation,detection,deepfake_image_detection,Automatically extracted OpenAlex candidate; all metadata and preliminary labels require manual review.
CIFAKE: Image Classification and Explainable Identification of AI-Generated Synthetic Images,2024,"['Jordan J. Bird', 'Ahmad Lotfi']",IEEE Access,10.1109/access.2024.3356122,https://openalex.org/W4391019749,2303.14126v1,https://arxiv.org/abs/2303.14126v1,False,True,True,missing_coordinates,uncertain,unknown,Automatically extracted OpenAlex candidate; all metadata and preliminary labels require manual review.
CNN-LSTM Model for Deepfake Image Detection,2024,"['Reena S. Satpute', 'Chidozie Peter Onwe']","2024 2nd DMIHER International Conference on Artificial Intelligence in Healthcare, Education and Industry (IDICAIEI)",10.1109/idicaiei61867.2024.10842840,https://openalex.org/W4406611495,,,False,True,True,missing_coordinates,detection,deepfake_image_detection,Automatically extracted OpenAlex candidate; all metadata and preliminary labels require manual review.
"Comparative Analysis of Deepfake Image Detection Method Using VGG16, VGG19 and ResNet50",2024,['Zahra Nazemi Ashani'],Journal of Advanced Research in Applied Sciences and Engineering Technology,10.37934/araset.47.1.1628,https://openalex.org/W4399978626,,,False,True,True,missing_coordinates,detection,deepfake_image_detection,Automatically extracted OpenAlex candidate; all metadata and preliminary labels require manual review.
D$^3$: Scaling Up Deepfake Detection by Learning from Discrepancy,2024,"['Yongqi Yang', 'Zhihao Qian', 'Ye Zhu', 'Yu Wu', 'Wu, Yu']",arXiv (Cornell University),https://doi.org/10.48550/arxiv.2404.04584,https://openalex.org/W4394653966,2404.04584,https://arxiv.org/abs/2404.04584,True,False,True,missing_affiliation,detection,ai_generated_image_detection,Imported from key_papers missing-from-candidate-pool top50 strong OpenAlex match; broad paper-level preview eligible; affiliation/location repair can happen later.
DeepFake Image Detection,2024,['Mrs. Prajwal S'],INTERANTIONAL JOURNAL OF SCIENTIFIC RESEARCH IN ENGINEERING AND MANAGEMENT,10.55041/ijsrem30215,https://openalex.org/W4394009764,,,False,True,True,missing_coordinates,detection,deepfake_image_detection,Automatically extracted OpenAlex candidate; all metadata and preliminary labels require manual review.
Deepfake Image Detection Using ResNet50 Model,2024,"['Lee Kar Yee', 'Isredza Rahmi A. Hamid', 'Chuah ChaiWen', 'Zubaile Abdullah', 'Kuryati Kipli', 'Cik Feresa Mohd Foozy']",2024 1st International Conference on Cyber Security and Computing (CyberComp),10.1109/cybercomp60759.2024.10913843,https://openalex.org/W4408401076,,,False,True,True,missing_coordinates,detection,deepfake_image_detection,Automatically extracted OpenAlex candidate; all metadata and preliminary labels require manual review.
Deepfake Image Detection Using Vision Transformer Models,2024,"['Bogdan Ghita', 'Ievgeniia Kuzminykh', 'Abubakar Usama', 'Taimur Bakhshi', 'Jims Marchang']",2024 IEEE International Black Sea Conference on Communications and Networking (BlackSeaCom),10.1109/blackseacom61746.2024.10646310,https://openalex.org/W4402130168,,,False,True,True,missing_coordinates,detection,deepfake_image_detection,Automatically extracted OpenAlex candidate; all metadata and preliminary labels require manual review.
Deepfake Image Detection Using Yolov8,2024,"['Pranav Sathe', 'Varad Sabane', 'Chaitanya Undale', 'Atharva Uttarkar', 'Vaibhav Chavhan', 'Nilesh P. Sable', 'Anuradha Yenkikar']",2024 IEEE Pune Section International Conference (PuneCon),10.1109/punecon63413.2024.10895706,https://openalex.org/W4408018363,,,False,True,True,missing_coordinates,detection,deepfake_image_detection,Automatically extracted OpenAlex candidate; all metadata and preliminary labels require manual review.
DeepSight: Enhancing Deepfake Image Detection and Classification through Ensemble and Deep Learning Techniques,2024,"['T. Manju', 'S. Kalarani']",2024 5th International Conference on Image Processing and Capsule Networks (ICIPCN),10.1109/icipcn63822.2024.00014,https://openalex.org/W4402353496,,,False,True,True,missing_coordinates,detection,deepfake_image_detection,Automatically extracted OpenAlex candidate; all metadata and preliminary labels require manual review.
Detecting AI-Generated Images via CLIP,2024,"['Alexander Moskowitz', 'Tyler Gaona', 'Jessica Peterson']",arXiv (Cornell University),10.48550/arxiv.2404.08788,https://openalex.org/W4394867366,2404.08788,https://arxiv.org/abs/2404.08788,True,False,True,missing_affiliation,detection,ai_generated_image_detection,Automatically extracted OpenAlex candidate; all metadata and preliminary labels require manual review.
Detecting AI-generated images with CNN and Interpretation using Explainable AI,2024,"['Bharathi Mohan G', 'R Prasanna Kumar', 'Akilesh rao S', 'Mandava Sukesh', 'D M Abinandhini', 'Y Jaikanth']",2024 IEEE International Conference on Contemporary Computing and Communications (InC4),10.1109/inc460750.2024.10649158,https://openalex.org/W4402170813,,,False,True,True,missing_coordinates,detection,ai_generated_image_detection,Automatically extracted OpenAlex candidate; all metadata and preliminary labels require manual review.
Detecting Multimedia Generated by Large AI Models: A Survey,2024,"['Li Lin', 'Neeraj Gupta', 'Yue Zhang', 'Hainan Ren', 'Chun-Hao Liu', 'Feng Ding', 'Xin Wang', 'Xin Li', 'Luisa Verdoliva', 'Shu Hu']","Authorea, Inc.",10.36227/techrxiv.170723324.44685515/v1,https://openalex.org/W4391563741,,,True,False,True,missing_affiliation,detection,synthetic_image_detection,Automatically extracted OpenAlex candidate; all metadata and preliminary labels require manual review.
Detecting the Undetectable: Combining Kolmogorov-Arnold Networks and MLP for AI-Generated Image Detection,2024,"['Taharim Rahman Anon', 'Jakaria Islam Emon']",arXiv (Cornell University),10.48550/arxiv.2408.09371,https://openalex.org/W4402524935,2408.09371,https://arxiv.org/abs/2408.09371,True,False,True,missing_affiliation,detection,ai_generated_image_detection,Automatically extracted OpenAlex candidate; all metadata and preliminary labels require manual review.
Detection of real-time deep fakes and face forgery in video conferencing employing generative adversarial networks,2024,"['Sunil Kumar Sharma', 'Abdullah M. Al‐Enizi', 'Manoj Kumar', 'Osama Alfarraj', 'Majed Alowaidi']",Heliyon,10.1016/j.heliyon.2024.e37163,https://openalex.org/W4402013517,,,False,True,True,missing_coordinates,detection,synthetic_image_detection,Automatically extracted OpenAlex candidate; all metadata and preliminary labels require manual review.
Diffusion Models as a Representation Learner for Deepfake Image Detection,2024,"['Rajjeshwar Ganguly', 'Mamadou Dian Bah', 'Mohamed Dahmane']",Lecture notes in computer science,10.1007/978-3-031-78305-0_15,https://openalex.org/W4404943058,,,False,True,True,missing_coordinates,detection,deepfake_image_detection,Automatically extracted OpenAlex candidate; all metadata and preliminary labels require manual review.
Enhancing Deepfake Detection With Diversified Self-Blending Images and Residuals,2024,"['Qingtong Liu', 'Ziyu Xue', 'Haitao Liu', 'Jing Liu']",IEEE Access,10.1109/access.2024.3382196,https://openalex.org/W4393217303,,,False,True,True,missing_coordinates,detection,synthetic_image_detection,Automatically extracted OpenAlex candidate; all metadata and preliminary labels require manual review.
Enhancing Sensing and Imaging Capabilities Through Surface Plasmon Resonance for Deepfake Image Detection,2024,"['R Maheshwari', 'B. Paulchamy', 'Binay Kumar Pandey', 'Digvijay Pandey']",Plasmonics,10.1007/s11468-024-02492-1,https://openalex.org/W4402322120,,,False,True,True,missing_coordinates,detection,deepfake_image_detection,Automatically extracted OpenAlex candidate; all metadata and preliminary labels require manual review.
Evasion on general GAN-generated image detection by disentangled representation,2024,"['Patrick P. K. Chan', 'Chuanxin Zhang', 'Haitao Chen', 'Jingwen Deng', 'Xiao Meng', 'Daniel Yeung']",Information Sciences,10.1016/j.ins.2024.121267,https://openalex.org/W4401325047,,,False,True,True,missing_coordinates,detection,synthetic_image_detection,Automatically extracted OpenAlex candidate; all metadata and preliminary labels require manual review.
Exploring the Adversarial Robustness of CLIP for AI-generated Image Detection,2024,"['Vincenzo De Rosa', 'Fabrizio Guillaro', 'Giovanni Poggi', 'Davide Cozzolino', 'Luisa Verdoliva']",arXiv (Cornell University),10.48550/arxiv.2407.19553,https://openalex.org/W4401201872,2407.19553,https://arxiv.org/abs/2407.19553,True,False,True,missing_affiliation,detection,ai_generated_image_detection,Automatically extracted OpenAlex candidate; all metadata and preliminary labels require manual review.
From Provenance to Aberrations: Image Creator and Screen Reader User Perspectives on Alt Text for AI-Generated Images,2024,"['Maitraye Das', 'Alexander J. Fiannaca', 'Meredith Ringel Morris', 'Shaun K. Kane', 'Cynthia L. Bennett']",Proceedings of the CHI Conference on Human Factors in Computing Systems,10.1145/3613904.3642325,https://openalex.org/W4396832416,,,False,True,True,missing_coordinates,source_attribution,generated_image_source_attribution,Automatically extracted OpenAlex candidate; all metadata and preliminary labels require manual review.
GAN Generated Fake Human Face Image Detection,2024,"['Swati Shilaskar', 'Mayur Talewar', 'Soham Tak', 'Sidhesh Goud']","2024 International Conference on Intelligent and Innovative Technologies in Computing, Electrical and Electronics (IITCEE)",10.1109/iitcee59897.2024.10467257,https://openalex.org/W4392981221,,,False,True,True,missing_coordinates,detection,deepfake_image_detection,Automatically extracted OpenAlex candidate; all metadata and preliminary labels require manual review.
"Generative Visual AI in News Organizations: Challenges, Opportunities, Perceptions, and Policies",2024,"['T.J. Thomson', 'Ryan J. Thomas', 'Phoebe Matich']",Digital Journalism,10.1080/21670811.2024.2331769,https://openalex.org/W4394571198,,,False,True,True,missing_coordinates,detection,ai_generated_image_detection,Automatically extracted OpenAlex candidate; all metadata and preliminary labels require manual review.
How spammers and scammers leverage AI-generated images on Facebook for audience growth,2024,"['Renée DiResta', 'Josh A. Goldstein']",Harvard Kennedy School Misinformation Review,10.37016/mr-2020-151,https://openalex.org/W4401607051,2403.12838v1,https://arxiv.org/abs/2403.12838v1,False,True,True,missing_coordinates,source_attribution,generated_image_source_attribution,Automatically extracted OpenAlex candidate; all metadata and preliminary labels require manual review.
LaRE$^2$: Latent Reconstruction Error Based Method for Diffusion-Generated Image Detection,2024,"['Yunpeng Luo', 'Junlong Du', 'Ke Yan', 'Shouhong Ding']",arXiv (Cornell University),10.48550/arxiv.2403.17465,https://openalex.org/W4393284560,2403.17465,https://arxiv.org/abs/2403.17465,False,True,True,missing_coordinates,detection,synthetic_image_detection,Automatically extracted OpenAlex candidate; all metadata and preliminary labels require manual review.
Level Up the Deepfake Detection: A Method to Effectively Discriminate Images Generated by GAN Architectures and Diffusion Models,2024,"['Luca Guarnera', 'Oliver Giudice', 'Sebastiano Battiato']",Lecture notes in networks and systems,10.1007/978-3-031-66431-1_43,https://openalex.org/W4401108337,2303.00608v1,https://arxiv.org/abs/2303.00608v1,False,True,True,missing_coordinates,detection,synthetic_image_detection,Automatically extracted OpenAlex candidate; all metadata and preliminary labels require manual review.
Local frequency analysis for diffusion-generated image detection,2024,['Weng Jing'],International Conference on Image Processing and Artificial Intelligence (ICIPAl 2024),10.1117/12.3035198,https://openalex.org/W4400828592,,,False,True,True,missing_coordinates,detection,synthetic_image_detection,Automatically extracted OpenAlex candidate; all metadata and preliminary labels require manual review.
Multiclass AI-Generated Deepfake Face Detection Using Patch-Wise Deep Learning Model,2024,"['Muhammad Asad Arshed', 'Shahzad Mumtaz', 'Muhammad Ibrahim', 'Christine Dewi', 'Muhammad Tanveer', 'Saeed Ahmad']",Computers,10.3390/computers13010031,https://openalex.org/W4391110866,,,False,True,True,missing_coordinates,detection,deepfake_image_detection,Automatically extracted OpenAlex candidate; all metadata and preliminary labels require manual review.
Source Attribution for Images Generated by Diffusion-Based Text-to-Image Models: Exploring the Forensics Approach,2024,"['Xinqi Jiang', 'Jinyu Tian']",2024 Asia Pacific Signal and Information Processing Association Annual Summit and Conference (APSIPA ASC),10.1109/apsipaasc63619.2025.10849098,https://openalex.org/W4406858668,,,False,True,True,missing_coordinates,source_attribution,source_identification,Automatically extracted OpenAlex candidate; all metadata and preliminary labels require manual review.
The Visual Counter Turing Test (VCT2): A Benchmark for Evaluating AI-Generated Image Detection and the Visual AI Index (VAI),2024,"['Nasrin Imanpour', 'Borah, Abhilekh', 'Shashwat Bajpai', 'Subhankar Ghosh', 'Sainath Reddy Sankepally', 'Hasnat Abdullah', 'Nishoak Kosaraju', 'Shreyas Dixit', 'Ashhar Aziz', 'Shwetangshu Biswas', 'Vinija Jain', 'Aman Chadha', 'Wang, Song', 'Amit Sheth', 'Amitava Das']",arXiv (Cornell University),10.48550/arxiv.2411.16754,https://openalex.org/W4404988034,2411.16754,https://arxiv.org/abs/2411.16754,True,False,True,missing_affiliation,detection,ai_generated_image_detection,Automatically extracted OpenAlex candidate; all metadata and preliminary labels require manual review.
Towards Generated Image Provenance Analysis via Conceptual-Similar-Guided-SLIP Retrieval,2024,"['Xiaojie Xia', 'Liuan Wang', 'Jun Sun', 'Akira Nakagawa']",IEEE Signal Processing Letters,10.1109/lsp.2024.3388958,https://openalex.org/W4394862914,,,False,True,True,missing_coordinates,source_attribution,generated_image_source_attribution,Automatically extracted OpenAlex candidate; all metadata and preliminary labels require manual review.
Transfer Learning of Real Image Features with Soft Contrastive Loss for Fake Image Detection,2024,"['Ziyou Liang', 'Weifeng Liu', 'Run Wang', 'Wu, Mengjie', 'Li, Boheng', 'Yuyang Zhang', 'Lina Wang', 'Yang, Xinyi']",arXiv (Cornell University),https://doi.org/10.48550/arxiv.2403.16513,https://openalex.org/W4393213376,2403.16513,https://arxiv.org/abs/2403.16513,True,False,True,missing_affiliation,detection,ai_generated_image_detection,Imported from key_papers missing-from-candidate-pool top50 strong OpenAlex match; broad paper-level preview eligible; affiliation/location repair can happen later.
A GAN-based Approach to Detect AI-Generated Images,2023,"['Galamo Monkam', 'Weifeng Xu', 'Jie Yan']","2023 26th ACIS International Winter Conference on Software Engineering, Artificial Intelligence, Networking and Parallel/Distributed Computing (SNPD-Winter)",10.1109/snpd-winter57765.2023.10223798,https://openalex.org/W4386214843,,,False,True,True,missing_coordinates,detection,ai_generated_image_detection,Automatically extracted OpenAlex candidate; all metadata and preliminary labels require manual review.
A Siamese-based Verification System for Open-set Architecture Attribution of Synthetic Images,2023,"['Lydia Abady', 'Jun Wang', 'Benedetta Tondi', 'Mauro Barni']",arXiv (Cornell University),10.48550/arxiv.2307.09822,https://openalex.org/W4384919490,2307.09822,https://arxiv.org/abs/2307.09822,True,False,True,missing_affiliation,source_attribution,generated_image_source_attribution,Automatically extracted OpenAlex candidate; all metadata and preliminary labels require manual review.
A Survey of Detection and Mitigation for Fake Images on Social Media Platforms,2023,"['Dilip Kumar Sharma', 'Bhuvanesh Singh', 'Saurabh Agarwal', 'Lalit Garg', 'Cheonshik Kim', 'Ki‐Hyun Jung']",Applied Sciences,10.3390/app131910980,https://openalex.org/W4387377174,,,False,True,True,missing_coordinates,detection,synthetic_image_detection,Automatically extracted OpenAlex candidate; all metadata and preliminary labels require manual review.
AI-Generated Image Detection using a Cross-Attention Enhanced Dual-Stream Network,2023,"['Ziyi Xi', 'Wenmin Huang', 'Kangkang Wei', 'Weiqi Luo', 'Peijia Zheng']",arXiv (Cornell University),10.48550/arxiv.2306.07005,https://openalex.org/W4380558675,2306.07005,https://arxiv.org/abs/2306.07005,True,False,True,missing_affiliation,detection,ai_generated_image_detection,Automatically extracted OpenAlex candidate; all metadata and preliminary labels require manual review.
An Improved Dense CNN Architecture for Deepfake Image Detection,2023,"['Y. G. Patel', 'Sudeep Tanwar', 'Pronaya Bhattacharya', 'Rajesh Gupta', 'Turki Alsuwian', 'Innocent E. Davidson', 'Thokozile Mazibuko']",IEEE Access,10.1109/access.2023.3251417,https://openalex.org/W4323022407,,,False,True,True,missing_coordinates,detection,deepfake_image_detection,Automatically extracted OpenAlex candidate; all metadata and preliminary labels require manual review.
AutoSplice: A Text-prompt Manipulated Image Dataset for Media Forensics,2023,"['Shan Jia', 'Mingzhen Huang', 'Zhou Zhou', 'Yiguang Ju', 'Jialing Cai', 'Siwei Lyu']",2023 IEEE/CVF Conference on Computer Vision and Pattern Recognition Workshops (CVPRW),10.1109/cvprw59228.2023.00096,https://openalex.org/W4385801432,2304.06870v1,https://arxiv.org/abs/2304.06870v1,False,True,True,missing_coordinates,detection,synthetic_image_detection,Automatically extracted OpenAlex candidate; all metadata and preliminary labels require manual review.
Deep fake detection and classification using error-level analysis and deep learning,2023,"['Rimsha Rafique', 'Rahma Gantassi', 'Rashid Amin', 'Jaroslav Frnda', 'Aida Mustapha', 'Asma Hassan Alshehri']",Scientific Reports,10.1038/s41598-023-34629-3,https://openalex.org/W4375955734,,,False,True,True,missing_coordinates,detection,deepfake_image_detection,Automatically extracted OpenAlex candidate; all metadata and preliminary labels require manual review.
DeepFake Detection Improvement for Images Based on a Proposed Method for Local Binary Pattern of the Multiple-Channel Color Space,2023,[],International journal of intelligent engineering and systems,10.22266/ijies2023.0630.07,https://openalex.org/W4367554082,,,True,False,True,missing_affiliation,detection,deepfake_image_detection,Automatically extracted OpenAlex candidate; all metadata and preliminary labels require manual review.
Deepfake detection using deep learning methods: A systematic and comprehensive review,2023,"['Arash Heidari', 'Nima Jafari Navimipour', 'Hasan Dağ', 'Mehmet Ünal']",Wiley Interdisciplinary Reviews Data Mining and Knowledge Discovery,10.1002/widm.1520,https://openalex.org/W4388851105,,,False,True,True,missing_coordinates,detection,synthetic_image_detection,Automatically extracted OpenAlex candidate; all metadata and preliminary labels require manual review.
Deepfake Generation and Detection: Case Study and Challenges,2023,"['Y. G. Patel', 'Sudeep Tanwar', 'Rajesh Gupta', 'Pronaya Bhattacharya', 'Innocent E. Davidson', 'Royi Nyameko', 'Srinivas Aluvala', 'Vrince Vimal']",IEEE Access,10.1109/access.2023.3342107,https://openalex.org/W4389633690,,,False,True,True,missing_coordinates,detection,deepfake_image_detection,Automatically extracted OpenAlex candidate; all metadata and preliminary labels require manual review.
Detecting GAN-generated synthetic images using semantic inconsistencies,2023,"['Danial Samadi Vahdati', 'Matthew C. Stamm']",Electronic Imaging,10.2352/ei.2023.35.4.mwsf-380,https://openalex.org/W4362684513,,,True,False,True,missing_affiliation,detection,synthetic_image_detection,Automatically extracted OpenAlex candidate; all metadata and preliminary labels require manual review.
Detection of GAN generated image using color gradient representation,2023,"['Yun Liu', 'Zuliang Wan', 'Xiaohua Yin', 'Guanghui Yue', 'Aiping Tan', 'Zhi Zheng']",Journal of Visual Communication and Image Representation,10.1016/j.jvcir.2023.103876,https://openalex.org/W4381620941,,,False,True,True,missing_coordinates,detection,synthetic_image_detection,Automatically extracted OpenAlex candidate; all metadata and preliminary labels require manual review.
Digital Image Forensic Analyzer to Detect AI-generated Fake Images,2023,"['Galamo Monkam', 'Jie Yan']","2023 8th International Conference on Automation, Control and Robotics Engineering (CACRE)",10.1109/cacre58689.2023.10208613,https://openalex.org/W4385656076,,,False,True,True,missing_coordinates,detection,synthetic_image_detection,Automatically extracted OpenAlex candidate; all metadata and preliminary labels require manual review.
DIRE for Diffusion-Generated Image Detection,2023,"['Zhendong Wang', 'Jianmin Bao', 'Wengang Zhou', 'Weilun Wang', 'Hezhen Hu', 'Hong Chen', 'Houqiang Li']",arXiv (Cornell University),10.48550/arxiv.2303.09295,https://openalex.org/W4327810824,2303.09295,https://arxiv.org/abs/2303.09295,True,False,True,missing_affiliation,detection,synthetic_image_detection,Automatically extracted OpenAlex candidate; all metadata and preliminary labels require manual review.
Does an emotional connection to art really require a human artist? Emotion and intentionality responses to AI- versus human-created art and impact on aesthetic experience,2023,"['Theresa Rahel Demmer', 'Corinna Kühnapfel', 'Joerg Fingerhut', 'Matthew Pelowski']",Computers in Human Behavior,10.1016/j.chb.2023.107875,https://openalex.org/W4384297285,,,False,True,True,missing_coordinates,source_attribution,generated_image_source_attribution,Automatically extracted OpenAlex candidate; all metadata and preliminary labels require manual review.
EKILA: Synthetic Media Provenance and Attribution for Generative Art,2023,"['Kar Balan', 'Shruti Agarwal', 'Simon Jenni', 'Andy Parsons', 'Andrew Gilbert', 'John Collomosse']",2023 IEEE/CVF Conference on Computer Vision and Pattern Recognition Workshops (CVPRW),10.1109/cvprw59228.2023.00098,https://openalex.org/W4385801341,2304.04639v1,https://arxiv.org/abs/2304.04639v1,False,True,True,missing_coordinates,source_attribution,generated_image_source_attribution,Automatically extracted OpenAlex candidate; all metadata and preliminary labels require manual review.
Evading Watermark based Detection of AI-Generated Content,2023,"['Zhengyuan Jiang', 'Jinghuai Zhang', 'Neil Zhenqiang Gong']",Proceedings of the 2023 ACM SIGSAC Conference on Computer and Communications Security,10.1145/3576915.3623189,https://openalex.org/W4388858443,2305.03807v5,https://arxiv.org/abs/2305.03807v5,False,True,True,missing_coordinates,detection,ai_generated_image_detection,Automatically extracted OpenAlex candidate; all metadata and preliminary labels require manual review.
GenDet: Towards Good Generalizations for AI-Generated Image Detection,2023,"['Mingjian Zhu', 'Hanting Chen', 'Mouxiao Huang', 'Wei Li', 'Hailin Hu', 'Jie Hu', 'Yunhe Wang']",arXiv (Cornell University),10.48550/arxiv.2312.08880,https://openalex.org/W4389820666,2312.08880,https://arxiv.org/abs/2312.08880,True,False,True,missing_affiliation,detection,ai_generated_image_detection,Automatically extracted OpenAlex candidate; all metadata and preliminary labels require manual review.
Generating Synthetic Training Images to Detect Split Defects in Stamped Components,2023,"['Aru Ranjan Singh', 'Thomas Bashford‐Rogers', 'Sumit Hazra', 'Kurt Debattista']",IEEE Transactions on Industrial Informatics,10.1109/tii.2023.3329711,https://openalex.org/W4388666300,,,False,True,True,missing_coordinates,detection,synthetic_image_detection,Automatically extracted OpenAlex candidate; all metadata and preliminary labels require manual review.
GenImage: A Million-Scale Benchmark for Detecting AI-Generated Image,2023,"['Mingjian Zhu', 'Hanting Chen', 'Qiangyu Yan', 'Xudong Huang', 'Guanyu Lin', 'Wei Li', 'Zhijun Tu', 'Hailin Hu', 'Jie Hu', 'Yunhe Wang']",arXiv (Cornell University),10.48550/arxiv.2306.08571,https://openalex.org/W4380993529,2306.08571,https://arxiv.org/abs/2306.08571,False,True,True,missing_coordinates,detection,ai_generated_image_detection,Automatically extracted OpenAlex candidate; all metadata and preliminary labels require manual review.
GenImage: A Million-Scale Benchmark for Detecting AI-Generated Image,2023,"['Hanting Chen', 'Hailin Hu', 'Jie Hu', 'Xudong Huang', 'Wei Li', 'Guanyu Lin', 'Zhijun Tu', 'Yunhe Wang', 'Qiangyu Yan', 'Mingjian Zhu']",Advances in Neural Information Processing Systems 36,10.52202/075280-3398,https://openalex.org/W7133207051,2306.08571,https://arxiv.org/abs/2306.08571,True,False,True,missing_affiliation,detection,ai_generated_image_detection,Automatically extracted OpenAlex candidate; all metadata and preliminary labels require manual review.
Leveraging Image Gradients for Robust GAN-Generated Image Detection in OSN context,2023,"['Tanusree Ghosh', 'Ruchira Naskar']",2023 IEEE International Conference on Visual Communications and Image Processing (VCIP),10.1109/vcip59821.2023.10402778,https://openalex.org/W4391306866,,,False,True,True,missing_coordinates,detection,synthetic_image_detection,Automatically extracted OpenAlex candidate; all metadata and preliminary labels require manual review.
Model Synthesis for Zero-Shot Model Attribution,2023,"['Tianyun Yang', 'Juan Cao', 'Danding Wang', 'Chang Xu']",arXiv (Cornell University),https://doi.org/10.48550/arxiv.2307.15977,https://openalex.org/W4385473656,2307.15977,https://arxiv.org/abs/2307.15977,True,False,True,missing_affiliation,source_attribution,source_attribution,Imported from key_papers missing-from-candidate-pool top50 strong OpenAlex match; broad paper-level preview eligible; affiliation/location repair can happen later.
Raising the Bar of AI-generated Image Detection with CLIP,2023,"['Davide Cozzolino', 'Giovanni Poggi', 'Riccardo Corvi', 'Matthias Nießner', 'Luisa Verdoliva']",arXiv (Cornell University),10.48550/arxiv.2312.00195,https://openalex.org/W4389325598,2312.00195,https://arxiv.org/abs/2312.00195,True,False,True,missing_affiliation,detection,ai_generated_image_detection,Automatically extracted OpenAlex candidate; all metadata and preliminary labels require manual review.
Revealing and Classification of Deepfakes Video's Images using a Customize Convolution Neural Network Model,2023,"['Usha Kosarkar', 'Gopal Sarkarkar', 'Shilpa Gedam']",Procedia Computer Science,10.1016/j.procs.2023.01.237,https://openalex.org/W4318559723,,,False,True,True,missing_coordinates,detection,deepfake_image_detection,Automatically extracted OpenAlex candidate; all metadata and preliminary labels require manual review.
Reverse Engineering of Generative Models: Inferring Model Hyperparameters From Generated Images,2023,"['Vishal Asnani', 'Xi Yin', 'Tal Hassner', 'Xiaoming Liu']",IEEE Transactions on Pattern Analysis and Machine Intelligence,10.1109/tpami.2023.3301451,https://openalex.org/W4385486282,2106.07873v3,https://arxiv.org/abs/2106.07873v3,False,True,True,missing_coordinates,detection,synthetic_image_detection,Automatically extracted OpenAlex candidate; all metadata and preliminary labels require manual review.
Testing human ability to detect ‘deepfake’ images of human faces,2023,"['Sergi D. Bray', 'Shane D. Johnson', 'Bennett Kleinberg']",Journal of Cybersecurity,10.1093/cybsec/tyad011,https://openalex.org/W4381851764,2212.05056v3,https://arxiv.org/abs/2212.05056v3,False,True,True,missing_coordinates,detection,deepfake_image_detection,Automatically extracted OpenAlex candidate; all metadata and preliminary labels require manual review.
The Stable Signature: Rooting Watermarks in Latent Diffusion Models,2023,"['Pierre Fernandez', 'Guillaume Couairon', 'Hervé Jeǵou', 'Matthijs Douze', 'Teddy Furon']",2023 IEEE/CVF International Conference on Computer Vision (ICCV),10.1109/iccv51070.2023.02053,https://openalex.org/W4390872921,2303.15435v2,https://arxiv.org/abs/2303.15435v2,False,True,True,missing_coordinates,detection,synthetic_image_detection,Automatically extracted OpenAlex candidate; all metadata and preliminary labels require manual review.
Towards Robust Gan-Generated Image Detection: A Multi-View Completion Representation,2023,"['Chi Liu', 'Tianqing Zhu', 'Sheng Shen', 'Wanlei Zhou']",Proceedings of the Thirty-Second International Joint Conference on Artificial Intelligence,10.24963/ijcai.2023/52,https://openalex.org/W4385767391,2306.01364v1,https://arxiv.org/abs/2306.01364v1,False,True,True,missing_coordinates,detection,synthetic_image_detection,Automatically extracted OpenAlex candidate; all metadata and preliminary labels require manual review.
Universal Detection and Source Attribution of Diffusion Model Generated Images with High Generalization and Robustness,2023,"['Sanandita Das', 'Debapriyo Dutta', 'Tanusree Ghosh', 'Ruchira Naskar']",Lecture notes in computer science,10.1007/978-3-031-45170-6_45,https://openalex.org/W4388656143,,,False,True,True,missing_coordinates,detection_and_source_attribution,detection_and_source_attribution,Automatically extracted OpenAlex candidate; all metadata and preliminary labels require manual review.
X-Transfer: A Transfer Learning-Based Framework for GAN-Generated Fake Image Detection,2023,"['Lei Zhang', 'Hao Chen', 'Shu Hu', 'Bin Zhu', 'Lin, Ching Sheng', 'Xi Wu', 'Jinrong Hu', 'Xin Wang']",arXiv (Cornell University),10.48550/arxiv.2310.04639,https://openalex.org/W4387559259,2310.04639,https://arxiv.org/abs/2310.04639,True,False,True,missing_affiliation,detection,synthetic_image_detection,Automatically extracted OpenAlex candidate; all metadata and preliminary labels require manual review.
A Novel Deep Learning Approach for Deepfake Image Detection,2022,"['Ali Raza', 'Kashif Munir', 'Mubarak Almutairi']",Applied Sciences,10.3390/app12199820,https://openalex.org/W4297988790,,,False,True,True,missing_coordinates,detection,deepfake_image_detection,Automatically extracted OpenAlex candidate; all metadata and preliminary labels require manual review.
AI-enabled image fraud in scientific publications,2022,"['Jinjin Gu', 'Xinlei Wang', 'Chenang Li', 'Junhua Zhao', 'Weijin Fu', 'Gaoqi Liang', 'Jing Qiu']",Patterns,10.1016/j.patter.2022.100511,https://openalex.org/W4284974950,,,False,True,True,missing_coordinates,detection,synthetic_image_detection,Automatically extracted OpenAlex candidate; all metadata and preliminary labels require manual review.
An Eyes-Based Siamese Neural Network for the Detection of GAN-Generated Face Images,2022,"['Jun Wang', 'Benedetta Tondi', 'Mauro Barni']",Frontiers in Signal Processing,10.3389/frsip.2022.918725,https://openalex.org/W4284895444,,,False,True,True,missing_coordinates,detection,synthetic_image_detection,Automatically extracted OpenAlex candidate; all metadata and preliminary labels require manual review.
Analysis Survey on Deepfake detection and Recognition with Convolutional Neural Networks,2022,"['Saadaldeen Rashid Ahmed', 'Emrullah Sonuç', 'Mohammed Rashid Ahmed', 'Adil Deniz Duru']","2022 International Congress on Human-Computer Interaction, Optimization and Robotic Applications (HORA)",10.1109/hora55278.2022.9799858,https://openalex.org/W4283712107,,,False,True,True,missing_coordinates,detection,synthetic_image_detection,Automatically extracted OpenAlex candidate; all metadata and preliminary labels require manual review.
Cross-Forgery Analysis of Vision Transformers and CNNs for Deepfake Image Detection,2022,"['Davide Alessandro Coccomini', 'Roberto Caldelli', 'Fabrizio Falchi', 'Claudio Gennaro', 'Giuseppe Amato']",Proceedings of the 1st International Workshop on Multimedia AI against Disinformation,10.1145/3512732.3533582,https://openalex.org/W4283452332,2206.13829,https://arxiv.org/abs/2206.13829,False,True,True,missing_coordinates,detection,deepfake_image_detection,Automatically extracted OpenAlex candidate; all metadata and preliminary labels require manual review.
Deep Learning applied to Road Accident Detection with Transfer Learning and Synthetic Images,2022,"['Tiago Tamagusko', 'Matheus Gomes Correia', 'Minh Anh Huynh', 'Adelino Ferreira']",Transportation research procedia,10.1016/j.trpro.2022.09.012,https://openalex.org/W4312518338,,,False,True,True,missing_coordinates,detection,synthetic_image_detection,Automatically extracted OpenAlex candidate; all metadata and preliminary labels require manual review.
Deepfake Network Architecture Attribution,2022,"['Tianyun Yang', 'Ziyao Huang', 'Juan Cao', 'Lei Li', 'Xirong Li']",Proceedings of the AAAI Conference on Artificial Intelligence,10.1609/aaai.v36i4.20391,https://openalex.org/W4283811667,2202.13843v2,https://arxiv.org/abs/2202.13843v2,False,True,True,missing_coordinates,uncertain,unknown,Automatically extracted OpenAlex candidate; all metadata and preliminary labels require manual review.
Detecting Deepfake Images Using Deep Learning Techniques and Explainable AI Methods,2022,"['Wahidul Hasan Abir', 'Faria Rahman Khanam', 'Kazi Nabiul Alam', 'Myriam Hadjouni', 'Hela Elmannai', 'Sami Bourouis', 'Rajesh Dey', 'Mohammad Monirujjaman Khan']",Intelligent Automation & Soft Computing,10.32604/iasc.2023.029653,https://openalex.org/W4285791495,,,False,True,True,missing_coordinates,detection,deepfake_image_detection,Automatically extracted OpenAlex candidate; all metadata and preliminary labels require manual review.
Discovering Transferable Forensic Features for CNN-generated Images Detection,2022,"['Keshigeyan Chandrasegaran', 'Ngoc-Trung Tran', 'Alexander Binder', 'Ngai‐Man Cheung']",arXiv (Cornell University),10.48550/arxiv.2208.11342,https://openalex.org/W4293169908,2208.11342,https://arxiv.org/abs/2208.11342,True,False,True,missing_affiliation,detection,synthetic_image_detection,Automatically extracted OpenAlex candidate; all metadata and preliminary labels require manual review.
EasyDeep: An IoT Friendly Robust Detection Method for GAN Generated Deepfake Images in Social Media,2022,"['Alakananda Mitra', 'Saraju P. Mohanty', 'Peter Corcoran', 'Elias Kougianos']",IFIP advances in information and communication technology,10.1007/978-3-030-96466-5_14,https://openalex.org/W4213417724,,,False,True,True,missing_coordinates,detection,deepfake_image_detection,Automatically extracted OpenAlex candidate; all metadata and preliminary labels require manual review.
FrePGAN: Robust Deepfake Detection Using Frequency-Level Perturbations,2022,"['Yonghyun Jeong', 'Doyeon Kim', 'Youngmin Ro', 'Jongwon Choi']",Proceedings of the AAAI Conference on Artificial Intelligence,10.1609/aaai.v36i1.19990,https://openalex.org/W4221149434,2202.03347v1,https://arxiv.org/abs/2202.03347v1,False,True,True,missing_coordinates,detection,synthetic_image_detection,Automatically extracted OpenAlex candidate; all metadata and preliminary labels require manual review.
MaskGAN: A Facial Fusion Algorithm for Deepfake Image Detection,2022,"['Dazhuang Liu', 'Zhen Yang', 'Ru Zhang', 'Jianyi Liu']",2022 International Conference on Computers and Artificial Intelligence Technologies (CAIT),10.1109/cait56099.2022.10072275,https://openalex.org/W4360766590,,,False,True,True,missing_coordinates,detection,deepfake_image_detection,Automatically extracted OpenAlex candidate; all metadata and preliminary labels require manual review.
On the detection of synthetic images generated by diffusion models,2022,"['Riccardo Corvi', 'Davide Cozzolino', 'Giada Zingarini', 'Giovanni Poggi', 'Koki Nagano', 'Luisa Verdoliva']",arXiv (Cornell University),10.48550/arxiv.2211.00680,https://openalex.org/W4308165186,2211.00680,https://arxiv.org/abs/2211.00680,True,False,True,missing_affiliation,detection,synthetic_image_detection,Automatically extracted OpenAlex candidate; all metadata and preliminary labels require manual review.
RepMix: Representation Mixing for Robust Attribution of Synthesized Images,2022,"['Tu Bui', 'Ning Yu', 'John Collomosse']",Lecture notes in computer science,10.1007/978-3-031-19781-9_9,https://openalex.org/W4284702842,2207.02063v2,https://arxiv.org/abs/2207.02063v2,False,True,True,missing_coordinates,uncertain,unknown,Automatically extracted OpenAlex candidate; all metadata and preliminary labels require manual review.
The Face Deepfake Detection Challenge,2022,"['Luca Guarnera', 'Oliver Giudice', 'Francesco Guarnera', 'Alessandro Ortis', 'Giovanni Puglisi', 'A. Paratore', 'Linh M. Q. Bui', 'Marco Fontani', 'Davide Alessandro Coccomini', 'Roberto Caldelli', 'Fabrizio Falchi', 'Claudio Gennaro', 'Nicola Messina', 'Giuseppe Amato', 'Gianpaolo Perelli', 'Sara Concas', 'Carlo Cuccu', 'Giulia Orrù', 'Gian Luca Marcialis', 'Sebastiano Battiato']",Journal of Imaging,10.3390/jimaging8100263,https://openalex.org/W4297477523,,,False,True,True,missing_coordinates,detection,deepfake_image_detection,Automatically extracted OpenAlex candidate; all metadata and preliminary labels require manual review.
Transferable Class-Modelling for Decentralized Source Attribution of GAN-Generated Images,2022,"['Brandon B. G. Khoo', 'Chern Hong Lim', 'Raphaël C.‐W. Phan']",arXiv (Cornell University),10.48550/arxiv.2203.09777,https://openalex.org/W4221166157,2203.09777,https://arxiv.org/abs/2203.09777,True,False,True,missing_affiliation,detection_and_source_attribution,detection_and_source_attribution,Automatically extracted OpenAlex candidate; all metadata and preliminary labels require manual review.
A Novel Neural Model based Framework for Detection of GAN Generated Fake Images,2021,"['Samaksh Agarwal', 'Nancy Girdhar', 'Himanshu Raghav']","2021 11th International Conference on Cloud Computing, Data Science &amp; Engineering (Confluence)",10.1109/confluence51648.2021.9377150,https://openalex.org/W3139320333,,,False,True,True,missing_coordinates,detection,synthetic_image_detection,Automatically extracted OpenAlex candidate; all metadata and preliminary labels require manual review.
Copy-Move Forgery Detection (CMFD) Using Deep Learning for Image and Video Forensics,2021,"['Yohanna Rodríguez-Ortega', 'Dora M. Ballesteros', 'Diego Renza']",Journal of Imaging,10.3390/jimaging7030059,https://openalex.org/W3138230904,,,False,True,True,missing_coordinates,detection,synthetic_image_detection,Automatically extracted OpenAlex candidate; all metadata and preliminary labels require manual review.
DeepFake Detection Based on Discrepancies Between Faces and Their Context,2021,"['Yuval Nirkin', 'Lior Wolf', 'Yosi Keller', 'Tal Hassner']",IEEE Transactions on Pattern Analysis and Machine Intelligence,10.1109/tpami.2021.3093446,https://openalex.org/W3173581984,,,False,True,True,missing_coordinates,detection,synthetic_image_detection,Automatically extracted OpenAlex candidate; all metadata and preliminary labels require manual review.
Deepfake Image Detection using CNNs and Transfer Learning,2021,"['Niteesh Kumar', 'Prashant Pranav', 'Vishal Nirney', 'V. Geetha']","2021 International Conference on Computing, Communication and Green Engineering (CCGE)",10.1109/ccge50943.2021.9776410,https://openalex.org/W4285362588,,,False,True,True,missing_coordinates,detection,deepfake_image_detection,Automatically extracted OpenAlex candidate; all metadata and preliminary labels require manual review.
Deepfakes Creation and Detection Using Deep Learning,2021,"['Hady A. Khalil', 'Shady A. Maged']","2021 International Mobile, Intelligent, and Ubiquitous Computing Conference (MIUCC)",10.1109/miucc52538.2021.9447642,https://openalex.org/W3172046373,,,False,True,True,missing_coordinates,detection,deepfake_image_detection,Automatically extracted OpenAlex candidate; all metadata and preliminary labels require manual review.
Detecting fake images by identifying potential texture difference,2021,"['Jiachen Yang', 'Shuai Xiao', 'Aiyun Li', 'Guipeng Lan', 'Huihui Wang']",Future Generation Computer Systems,10.1016/j.future.2021.06.043,https://openalex.org/W3173631964,,,False,True,True,missing_coordinates,detection,synthetic_image_detection,Automatically extracted OpenAlex candidate; all metadata and preliminary labels require manual review.
Detecting soybean leaf disease from synthetic image using multi-feature fusion faster R-CNN,2021,"['Keke Zhang', 'Qiufeng Wu', 'Yiping Chen']",Computers and Electronics in Agriculture,10.1016/j.compag.2021.106064,https://openalex.org/W3135589907,,,False,True,True,missing_coordinates,detection,synthetic_image_detection,Automatically extracted OpenAlex candidate; all metadata and preliminary labels require manual review.
Detection of Deep-Morphed Deepfake Images to Make Robust Automatic Facial Recognition Systems,2021,"['Alakananda Mitra', 'Saraju P. Mohanty', 'Peter Corcoran', 'Elias Kougianos']",2021 19th OITS International Conference on Information Technology (OCIT),10.1109/ocit53463.2021.00039,https://openalex.org/W4214857236,,,False,True,True,missing_coordinates,detection,deepfake_image_detection,Automatically extracted OpenAlex candidate; all metadata and preliminary labels require manual review.
Detection of Deepfake Images Created Using Generative Adversarial Networks: A Review,2021,"['K. Remya Revi', 'Kamma Vidya', 'M. Wilscy']",Transactions on computational science and computational intelligence,10.1007/978-3-030-49500-8_3,https://openalex.org/W3128257465,,,False,True,True,missing_coordinates,detection,deepfake_image_detection,Automatically extracted OpenAlex candidate; all metadata and preliminary labels require manual review.
Detection of GAN-Generated Images by Estimating Artifact Similarity,2021,"['Weichuang Li', 'Peisong He', 'Haoliang Li', 'Hongxia Wang', 'Ruimei Zhang']",IEEE Signal Processing Letters,10.1109/lsp.2021.3130525,https://openalex.org/W3217278836,,,False,True,True,missing_coordinates,detection,synthetic_image_detection,Automatically extracted OpenAlex candidate; all metadata and preliminary labels require manual review.
Detection of GAN-Synthesized Image Based on Discrete Wavelet Transform,2021,"['Guihua Tang', 'Lei Sun', 'Xiuqing Mao', 'Song Guo', 'Hongmeng Zhang', 'Xiaoqin Wang']",Security and Communication Networks,10.1155/2021/5511435,https://openalex.org/W3166640306,,,False,True,True,missing_coordinates,detection,synthetic_image_detection,Automatically extracted OpenAlex candidate; all metadata and preliminary labels require manual review.
Image Tampering Localization Using a Dense Fully Convolutional Network,2021,"['Peiyu Zhuang', 'Haodong Li', 'Shunquan Tan', 'Bin Li', 'Jiwu Huang']",IEEE Transactions on Information Forensics and Security,10.1109/tifs.2021.3070444,https://openalex.org/W3140970613,,,False,True,True,missing_coordinates,detection,synthetic_image_detection,Automatically extracted OpenAlex candidate; all metadata and preliminary labels require manual review.
On the Truth Claims of Deepfakes: Indexing Images and Semantic Forensics,2021,[],The Journal of Media Art Study and Theory,10.59547/26911566.3.1.04,https://openalex.org/W4377085653,,,True,False,True,missing_affiliation,uncertain,unknown,Automatically extracted OpenAlex candidate; all metadata and preliminary labels require manual review.
[Retracted] Comparative Analysis of Deepfake Image Detection Method Using Convolutional Neural Network,2021,"['Hasin Shahed Shad', 'Md Mashfiq Rizvee', 'Nishat Tasnim Roza', 'S. M. Ahsanul Hoq', 'Mohammad Monirujjaman Khan', 'Arjun Singh', 'Atef Zaguia', 'Sami Bourouis']",Computational Intelligence and Neuroscience,10.1155/2021/3111676,https://openalex.org/W4200434941,,,False,True,True,missing_coordinates,detection,deepfake_image_detection,Automatically extracted OpenAlex candidate; all metadata and preliminary labels require manual review.
Wavelet-Packet Powered Deepfake Image Detection.,2021,"['Moritz Wolter', 'Felix Blanke', 'Charles Tapley Hoyt', 'Jochen Garcke']",,,https://openalex.org/W3170631962,,,False,True,True,missing_coordinates,detection_and_source_attribution,detection_and_source_attribution,Automatically extracted OpenAlex candidate; all metadata and preliminary labels require manual review. Venue missing in source record; manual verification required.
A Survey of Deep Learning-Based Source Image Forensics,2020,"['Pengpeng Yang', 'Daniele Baracchi', 'Rongrong Ni', 'Yao Zhao', 'Fabrizio Argenti', 'Alessandro Piva']",Journal of Imaging,10.3390/jimaging6030009,https://openalex.org/W3010352349,,,False,True,True,missing_coordinates,detection,synthetic_image_detection,Automatically extracted OpenAlex candidate; all metadata and preliminary labels require manual review.
CNN Detection of GAN-Generated Face Images based on Cross-Band Co-occurrences Analysis,2020,"['Mauro Barni', 'Kassem Kallas', 'Ehsan Nowroozi', 'Benedetta Tondi']",2020 IEEE International Workshop on Information Forensics and Security (WIFS),10.1109/wifs49906.2020.9360905,https://openalex.org/W3044151627,2007.12909,https://arxiv.org/abs/2007.12909,False,True,True,missing_coordinates,detection,synthetic_image_detection,Automatically extracted OpenAlex candidate; all metadata and preliminary labels require manual review.
Deep Fake Image Detection Based on Pairwise Learning,2020,"['Chih–Chung Hsu', 'Yi-Xiu Zhuang', 'Chia‐Yen Lee']",Applied Sciences,10.3390/app10010370,https://openalex.org/W2970868842,,,False,True,True,missing_coordinates,detection,deepfake_image_detection,Automatically extracted OpenAlex candidate; all metadata and preliminary labels require manual review.
Deep Learning for Deepfakes Creation and Detection: A Survey,2020,"['Thanh Thi Nguyen', 'Minh Chau Nguyen', 'Dung T. Nguyen', 'Duc Thanh Nguyen', 'Saeid Nahavandi']",Figshare,10.6084/m9.figshare.12731039.v1,https://openalex.org/W3045755384,1909.11573,https://arxiv.org/abs/1909.11573,False,True,True,missing_coordinates,detection,synthetic_image_detection,Automatically extracted OpenAlex candidate; all metadata and preliminary labels require manual review.
DeepFake Face Image Detection based on Improved VGG Convolutional Neural Network,2020,"['Xu Chang', 'Jian Wu', 'Tongfeng Yang', 'Guorui Feng']",2020 39th Chinese Control Conference (CCC),10.23919/ccc50068.2020.9189596,https://openalex.org/W3084142230,,,False,True,True,missing_coordinates,detection,synthetic_image_detection,Automatically extracted OpenAlex candidate; all metadata and preliminary labels require manual review.
Attributing Fake Images to GANs: Learning and Analyzing GAN Fingerprints,2019,"['Ning Yu', 'Larry S. Davis', 'Mario Fritz']",2019 IEEE/CVF International Conference on Computer Vision (ICCV),10.1109/iccv.2019.00765,https://openalex.org/W2991318208,1811.08180v3,https://arxiv.org/abs/1811.08180v3,False,True,True,missing_coordinates,uncertain,unknown,Automatically extracted OpenAlex candidate; all metadata and preliminary labels require manual review.
Complement Face Forensic Detection and Localization with FacialLandmarks,2019,"['Kritaphat Songsri-in', 'Stefanos Zafeiriou']",arXiv (Cornell University),10.48550/arxiv.1910.05455,https://openalex.org/W2979433881,1910.05455,https://arxiv.org/abs/1910.05455,False,True,True,missing_coordinates,detection,synthetic_image_detection,Automatically extracted OpenAlex candidate; all metadata and preliminary labels require manual review.
FaceForensics++: Learning to Detect Manipulated Facial Images,2019,"['Andreas Rössler', 'Davide Cozzolino', 'Luisa Verdoliva', 'Christian Rieß', 'Justus Thies', 'Matthias Nießner']",2019 IEEE/CVF International Conference on Computer Vision (ICCV),10.1109/iccv.2019.00009,https://openalex.org/W2912336782,1901.08971,https://arxiv.org/abs/1901.08971,False,True,True,missing_coordinates,detection,synthetic_image_detection,Automatically extracted OpenAlex candidate; all metadata and preliminary labels require manual review.
No One Can Escape: A General Approach to Detect Tampered and Generated Image,2019,"['Kejun Zhang', 'Liang Yu', 'Jianyi Zhang', 'Zhiqiang Wang', 'Xinxin Li']",IEEE Access,10.1109/access.2019.2939812,https://openalex.org/W2972023908,,,False,True,True,missing_coordinates,detection,synthetic_image_detection,Automatically extracted OpenAlex candidate; all metadata and preliminary labels require manual review.
Can Forensic Detectors Identify GAN Generated Images?,2018,"['Haodong Li', 'Han Chen', 'Bin Li', 'Shunquan Tan']",2018 Asia-Pacific Signal and Information Processing Association Annual Summit and Conference (APSIPA ASC),10.23919/apsipa.2018.8659461,https://openalex.org/W2921230249,,,False,True,True,missing_coordinates,detection,synthetic_image_detection,Automatically extracted OpenAlex candidate; all metadata and preliminary labels require manual review.
Cascade learning from adversarial synthetic images for accurate pupil detection,2018,"['Chao Gou', 'Hui Zhang', 'Kunfeng Wang', 'Fei‐Yue Wang', 'Qiang Ji']",Pattern Recognition,10.1016/j.patcog.2018.12.014,https://openalex.org/W2903907439,,,False,True,True,missing_coordinates,detection,synthetic_image_detection,Automatically extracted OpenAlex candidate; all metadata and preliminary labels require manual review.
Training Deep Neural Networks for Detecting Drinking Glasses Using Synthetic Images,2017,"['Abdul Jabbar', 'Luke Farrawell', 'Jake Fountain', 'Stephan K. Chalup']",Lecture notes in computer science,10.1007/978-3-319-70096-0_37,https://openalex.org/W2766065312,,,False,True,True,missing_coordinates,detection,synthetic_image_detection,Automatically extracted OpenAlex candidate; all metadata and preliminary labels require manual review.
Microscopy cell counting and detection with fully convolutional regression networks,2016,"['Weidi Xie', 'J. Alison Noble', 'Andrew Zisserman']",Computer Methods in Biomechanics and Biomedical Engineering Imaging & Visualization,10.1080/21681163.2016.1149104,https://openalex.org/W2347064614,,,False,True,True,missing_coordinates,detection,synthetic_image_detection,Automatically extracted OpenAlex candidate; all metadata and preliminary labels require manual review.
