institution,related_paper_id,title,year,doi,openalex_url,institution_authors,raw_affiliation,evidence_source,evidence_url,suggested_city,suggested_country,location_status,coordinate_status,review_note,created_at,updated_at
Universidad Complutense de Madrid,curated:f3e1319a5e27319578cd,A Survey on Deep-Learning-Based Techniques for Detecting AI-Generated Synthetic Images,2026,10.3390/engproc2026123032,https://openalex.org/W7128592463,Staycy Guevara; Ana Lucila Sandoval Orozco; Luis Javier García Villalba,"Group of Analysis, Security and Systems (GASS), Department of Software Engineering and Artificial Intelligence (DISIA), Faculty of Computer Science and Engineering, Office 431,Universidad Complutense de Madrid (UCM), Calle Profesor José García Santesmases, 9, Ciudad Universitaria, 28040 Madrid, Spain",PDF,https://www.mdpi.com/2673-4591/123/1/32,,,known,known,ML | Coordinates manually confirmed from the Wikipedia/Wikidata entry for Complutense University of Madrid; used as the institution-level campus coordinate for map visualization.,2026-06-29T19:26:03Z,2026-06-30T21:14:03Z
Complutense University of Madrid,curated:f3e1319a5e27319578cd,A Survey on Deep-Learning-Based Techniques for Detecting AI-Generated Synthetic Images,2026,10.3390/engproc2026123032,https://openalex.org/W7128592463,Staycy Guevara; Ana Lucila Sandoval Orozco; Luis Javier García Villalba,"Group of Analysis, Security and Systems (GASS), Department of Software Engineering and Artificial Intelligence (DISIA), Faculty of Computer Science and Engineering, Office 431,Universidad Complutense de Madrid (UCM), Calle Profesor José García Santesmases, 9, Ciudad Universitaria, 28040 Madrid, Spain",PDF,https://www.mdpi.com/2673-4591/123/1/32,,,missing,missing,ML,2026-06-29T19:27:14Z,2026-06-29T19:27:14Z
A*STAR,curated:3110ea827546b2fd78ff,"Your AI-Generated Image Detector Can Secretly Achieve SOTA Accuracy, If Calibrated",2026,10.1609/aaai.v40i14.38146,https://openalex.org/W7138134961,Muli Yang; Gabriel James Goenawan; Huaiyuan Qin; Fen Fang; Ying Sun; Joo-Hwee Lim; Hongyuan Zhu,,PDF,https://ojs.aaai.org/index.php/AAAI/article/view/38146,,,known,known,"ML | Coordinates manually checked for A*STAR headquarters at 2 Fusionopolis Way, Innovis #08-01, Singapore 138634, and used as the institution-level coordinate for map visualization.",2026-06-29T19:45:40Z,2026-06-30T21:14:03Z
State University of New York at Buffalo,curated:c6bfe8f5199d1d8beb29,Adaptive Test-Time Semantic Debiasing for AI-Generated Image Detection,2025,10.1109/iccvw69036.2025.00165,https://openalex.org/W7131078162,Yu Cai; Siwei Lyu,,PDF,https://ieeexplore.ieee.org/stamp/stamp.jsp?tp=&arnumber=11374598,,,missing,missing,ML,2026-06-29T19:55:56Z,2026-06-29T19:55:56Z
Fudan University,curated:66ea5be66b23f7db046a,人工智能生成图像检测技术综述,2026,10.11834/jig.250053,https://openalex.org/W7124700339,Meiling Li; Zhenxing Qian; Xinpeng Zhang,"College of Computer Science and Artificial Intelligence, Fudan University Shanghai",PDF,https://ai.fudan.edu.cn/,,,known,known,ML,2026-06-29T19:58:35Z,2026-06-30T21:14:03Z
"City, University of London",curated:8bc69db49ef4b9db3cd6,Are CLIP Features All You Need for Universal Synthetic Image Origin Attribution?,2025,10.1007/978-3-031-92648-8_22,https://openalex.org/W4410889859,Christos Tzelepis,"City, University of London",PDF,https://link.springer.com/chapter/10.1007/978-3-031-92648-8_22,,,missing,missing,"Manually confirmed from the paper PDF affiliation section. Kept the institution name as shown in the publication-time affiliation; the institution later merged into City St George’s, University of London.",2026-06-29T20:03:21Z,2026-06-30T21:14:03Z
Queen Mary University of London,curated:8bc69db49ef4b9db3cd6,Are CLIP Features All You Need for Universal Synthetic Image Origin Attribution?,2025,10.1007/978-3-031-92648-8_22,https://openalex.org/W4410889859,Dario Cioni; Ioannis Patras,"Queen Mary, University of London",PDF,https://link.springer.com/chapter/10.1007/978-3-031-92648-8_22,,,known,known,ML,2026-06-29T20:04:10Z,2026-06-30T21:14:03Z
"Queen Mary, University of London",curated:8bc69db49ef4b9db3cd6,Are CLIP Features All You Need for Universal Synthetic Image Origin Attribution?,2025,10.1007/978-3-031-92648-8_22,https://openalex.org/W4410889859,Dario Cioni; Ioannis Patras,"Queen Mary, University of London",PDF,https://link.springer.com/chapter/10.1007/978-3-031-92648-8_22,,,missing,missing,ML,2026-06-29T20:04:39Z,2026-06-29T20:05:14Z
City University of London,curated:8bc69db49ef4b9db3cd6,Are CLIP Features All You Need for Universal Synthetic Image Origin Attribution?,2025,10.1007/978-3-031-92648-8_22,https://openalex.org/W4410889859,Christos Tzelepis,"City, University of London",PDF,https://link.springer.com/chapter/10.1007/978-3-031-92648-8_22,,,missing,missing,"Manually confirmed from the paper PDF affiliation section. Kept the institution name as shown in the publication-time affiliation; the institution later merged into City St George’s, University of London.",2026-06-29T20:05:00Z,2026-06-29T20:05:00Z
Yonsei University,curated:1332f5c35b9ac943f349,FLODA: Harnessing Vision-Language Models for Deepfake Assessment,2025,10.1109/icce63647.2025.10929816,https://openalex.org/W4408861326,Seunghyeon Park; Gunhui Han,"Department of Mechanical Engineering, Yonsei University, Seoul, Republic of Korea",PDF,https://ieeexplore.ieee.org/document/10929816,,,missing,missing,ML,2026-06-29T20:07:46Z,2026-06-29T20:09:44Z
Hanyang University,curated:1332f5c35b9ac943f349,FLODA: Harnessing Vision-Language Models for Deepfake Assessment,2025,10.1109/icce63647.2025.10929816,https://openalex.org/W4408861326,Youngho Bae,"Department of Data Science, Hanyang University, Seoul, Republic of Korea",PDF,https://ieeexplore.ieee.org/document/10929816,,,known,known,"Manually confirmed from the paper PDF affiliation section. | Coordinates manually checked for Hanyang University Seoul Campus at 222 Wangsimni-ro, Seongdong-gu, Seoul 04763, Republic of Korea, and used as the institution-level coordinate for map visualization.",2026-06-29T20:08:24Z,2026-06-30T21:14:03Z
Yonsei University,curated:1332f5c35b9ac943f349,FLODA: Harnessing Vision-Language Models for Deepfake Assessment,2025,10.1109/icce63647.2025.10929816,https://openalex.org/W4408861326,Gunhui Han,"Department of Mechanical Engineering, Yonsei University, Seoul, Republic of Korea",PDF,https://ieeexplore.ieee.org/document/10929816,,,missing,missing,Manually confirmed from the paper PDF affiliation section.,2026-06-29T20:09:04Z,2026-06-29T20:09:04Z
University of Toronto,curated:1332f5c35b9ac943f349,FLODA: Harnessing Vision-Language Models for Deepfake Assessment,2025,10.1109/icce63647.2025.10929816,https://openalex.org/W4408861326,Alexander W. Olson,"Centre for Analytics and Artificial Intelligence Engineering, University of Toronto, Toronto, Canada",PDF,https://ieeexplore.ieee.org/document/10929816,,,known,known,"Manually confirmed from the paper PDF affiliation section. | Coordinates manually checked for the University of Toronto St. George campus at 27 King's College Circle, Toronto, Ontario M5S 1A1, Canada, and used as the institution-level coordinate for map visualization.",2026-06-29T20:09:29Z,2026-06-30T21:14:03Z
"Yonsei University, International Campus",curated:1332f5c35b9ac943f349,FLODA: Harnessing Vision-Language Models for Deepfake Assessment,2025,10.1109/icce63647.2025.10929816,https://openalex.org/W4408861326,Seunghyeon Park,"School of Integrated Technology, Yonsei University, Incheon, Republic of Korea",,https://ieeexplore.ieee.org/stamp/stamp.jsp?tp=&arnumber=10929816,,,known,known,"ML | Coordinates manually checked for Yonsei University International Campus at 85 Songdogwahak-ro, Yeonsu-gu, Incheon 21983, Republic of Korea, and used as the institution-level coordinate for map visualization.",2026-06-29T20:14:14Z,2026-06-30T21:14:03Z
"Yonsei University, Sinchon Campus",curated:1332f5c35b9ac943f349,FLODA: Harnessing Vision-Language Models for Deepfake Assessment,2025,10.1109/icce63647.2025.10929816,https://openalex.org/W4408861326,Gunhui Han,"Department of Mechanical Engineering, Yonsei University, Seoul, Republic of Korea",PDF,https://ieeexplore.ieee.org/document/10929816,,,known,known,"Manually confirmed from the paper PDF affiliation section. | Coordinates manually checked for Yonsei University Sinchon Campus at 50 Yonsei-ro, Seodaemun-gu, Seoul 03722, Republic of Korea, and used as the institution-level coordinate for map visualization.",2026-06-29T20:14:29Z,2026-06-30T21:14:03Z
Hangzhou High-Tech Zone (Binjiang) Institute of Blockchain and Data Security,curated:47b576be1ed7e2a6bfed,"Fully AI-Generated Image Detection: Definition, Recent Advances and Challenges",2025,10.48550/arxiv.2502.19716,https://openalex.org/W4416149370,Qijie Xu; Can Wang; Jiawei Chen,"Hangzhou High-Tech Zone (Binjiang) Institute of Blockchain and Data Security, Hangzhou, China",PDF,https://arxiv.org/pdf/2502.19716,,,known,known,"Manually confirmed from the paper PDF affiliation section. | Coordinates manually checked for Hangzhou High-Tech Zone (Binjiang) Institute of Blockchain and Data Security at Building 2, Block A, 4–7F, IoT Incubator Building, No. 399 Danfeng Road, Binjiang District, Hangzhou, Zhejiang, China, and used as the institution-level coordinate for map visualization.",2026-06-29T20:23:05Z,2026-06-30T21:14:03Z
Queen's University,curated:e688194977fa7bbf7db3,LAID: Lightweight AI-Generated Image Detection in Spatial and Spectral Domains,2025,10.1109/pst65910.2025.11268874,https://openalex.org/W4416961862,Nicholas Chivaran; Jianbing Ni,"Department of Electrical and Computer Engineering, Queen's University, Kingston, ON, Canada",PDF,https://ieeexplore.ieee.org/document/11268874,,,known,known,"Manually confirmed from the paper PDF affiliation section. | Coordinates manually checked for Queen's University main campus in Kingston, Ontario, Canada, and used as the institution-level coordinate for map visualization.",2026-06-29T20:25:16Z,2026-06-30T21:14:03Z
Polytechnic University of Hauts-de-France,curated:6ca781a0d606a5d5db64,REVEAL: A Retrieval-Augmented Generation Approach for Contextual Identification of Synthetic Visual Content,2025,10.1145/3746265.3759667,https://openalex.org/W4414945274,Mamadou Keita; Hessen B. Eutamene; Abdelmalik Taleb-Ahmed,"Laboratory of IEMN, Polytechnic University of Hauts-de-France, Valenciennes, France",PDF,https://dl.acm.org/doi/pdf/10.1145/3746265.3759667,,,known,known,Manually confirmed from the paper PDF affiliation section.,2026-06-29T20:32:46Z,2026-06-30T21:14:03Z
Khalifa University,curated:6ca781a0d606a5d5db64,REVEAL: A Retrieval-Augmented Generation Approach for Contextual Identification of Synthetic Visual Content,2025,10.1145/3746265.3759667,https://openalex.org/W4414945274,Wassim Hamidouche,"Khalifa University, Abu Dhabi, UAE",PDF,https://dl.acm.org/doi/pdf/10.1145/3746265.3759667,,,known,known,Manually confirmed from the paper PDF affiliation section.,2026-06-29T20:33:16Z,2026-06-30T21:14:03Z
Sorbonne University,curated:6ca781a0d606a5d5db64,REVEAL: A Retrieval-Augmented Generation Approach for Contextual Identification of Synthetic Visual Content,2025,10.1145/3746265.3759667,https://openalex.org/W4414945274,Abdenour Hadid,"Sorbonne Center for Artificial Intelligence, Sorbonne University, Abu Dhabi, UAE",PDF,https://dl.acm.org/doi/pdf/10.1145/3746265.3759667,,,known,known,Manually confirmed from the paper PDF affiliation section.,2026-06-29T20:34:15Z,2026-06-30T21:14:03Z
Tamkang University,curated:82a6421311c4d39076d9,Sanitizing Diffusion-Generated Images via Fingerprint Removal and Adversarial Perturbation for Forensic Evasion,2025,10.1109/access.2025.3597641,https://openalex.org/W4413213177,Meng-Luen Wu; Cheng-Pin Cheng,"Department of Computer Science and Information Engineering, Tamkang University, New Taipei City 251301, Taiwan",PDF,https://ieeexplore.ieee.org/stamp/stamp.jsp?tp=&arnumber=11122535,,,known,known,"Manually confirmed from the paper PDF affiliation section. The affiliation is Tamkang University, New Taipei City, Taiwan, China.",2026-06-29T20:35:58Z,2026-06-30T21:14:03Z
University of Technology of Troyes,curated:fe98b5f37967f5a51b86,Simple Detection of AI-Generated Images based on Noise Correlation,2025,10.1109/amlds63918.2025.11159445,https://openalex.org/W4414231579,Antoine Mallet; Arthur Méreur; Rémi Cogranne,"Computer Science and Digital Society Lab, University of Technology of Troyes, Troyes, France; University of Technology of Troyes, Troyes, France",PDF,https://ieeexplore.ieee.org/document/11159445,,,missing,missing,Manually confirmed from the paper PDF affiliation section.,2026-06-29T20:39:47Z,2026-06-30T21:14:03Z
"Center for Data-Driven Science and AI, Tohoku University, Sendai, Japan",curated:fe98b5f37967f5a51b86,Simple Detection of AI-Generated Images based on Noise Correlation,2025,10.1109/amlds63918.2025.11159445,https://openalex.org/W4414231579,Minoru Kuribayashi,"Center for Data-Driven Science and AI, Tohoku University, Sendai, Japan",PDF,https://ieeexplore.ieee.org/document/11159445,,,missing,missing,Manually confirmed from the paper PDF affiliation section.,2026-06-29T20:40:27Z,2026-06-30T21:14:03Z
Université de Lille,curated:fe98b5f37967f5a51b86,Simple Detection of AI-Generated Images based on Noise Correlation,2025,10.1109/amlds63918.2025.11159445,https://openalex.org/W4414231579,Patrick Bas,"UMR 9189 CRIStAL, Univ. Lille, CNRS, Centrale Lille, Lille, France",PDF,https://ieeexplore.ieee.org/document/11159445,,,missing,missing,Manually confirmed from the paper PDF affiliation section.,2026-06-29T20:41:01Z,2026-06-30T21:14:03Z
University of Wisconsin-Madison,curated:d040be3d1fb83a51311e,Stay-Positive: A Case for Ignoring Real Image Features in Fake Image Detection,2025,10.48550/arxiv.2502.07778,https://openalex.org/W4407425880,Anirudh Sundara Rajan; Yong Jae Lee,,PDF,https://arxiv.org/pdf/2502.07778,,,known,known,Manually confirmed from the paper PDF affiliation section.,2026-06-29T20:41:51Z,2026-06-30T21:14:03Z
NEC Laboratories America,curated:ef5f9b419eef35c5c255,Where's the liability in the Generative Era? Recovery-based Black-Box Detection of AI-Generated Content,2025,10.48550/arxiv.2505.01008,https://openalex.org/W4414769856,Wei Cheng; Haifeng Chen,NEC Laboratories America,PDF,https://arxiv.org/pdf/2505.01008,,,missing,missing,Manually confirmed from the paper PDF affiliation section.,2026-06-29T20:44:24Z,2026-06-30T21:14:03Z
École Polytechnique,curated:a6f370defb21b2e07381,Your Diffusion Model is an Implicit Synthetic Image Detector,2025,10.1007/978-3-031-92648-8_25,https://openalex.org/W4403147633,Xi Wang; Vicky Kalogeiton,"LIX, CNRS, École Polytechnique, IP Paris, Paris, France",PDF,https://link.springer.com/chapter/10.1007/978-3-031-92648-8_25,,,missing,missing,Manually confirmed from the paper PDF affiliation section.,2026-06-29T20:46:02Z,2026-06-30T21:14:03Z
University of Bergen,curated:253c210194ac9348f9e6,CLIPping the Deception: Adapting Vision-Language Models for Universal Deepfake Detection,2024,10.1145/3652583.3658035,https://openalex.org/W4399418483,Sohail Ahmed Khan; Duc-Tien Dang-Nguyen,,PDF,https://dl.acm.org/doi/10.1145/3652583.3658035,,,known,known,Manually confirmed from the paper PDF affiliation section.,2026-06-29T20:48:34Z,2026-06-30T21:14:03Z
Leonardo S.p.A.,curated:096573f365e37679c445,Contrasting Deepfakes Diffusion via Contrastive Learning and Global-Local Similarities,2024,10.1007/978-3-031-73036-8_12,https://openalex.org/W4404545428,Alessandro Nicolosi,"Leonardo S.p.A., Rome, Italy",PDF,https://link.springer.com/chapter/10.1007/978-3-031-73036-8_12,,,missing,missing,Manually confirmed from the paper PDF affiliation section.,2026-06-29T20:50:58Z,2026-06-30T21:14:03Z
Purdue University,curated:87ef976b546206fde199,"DistilDIRE: A Small, Fast, Cheap and Lightweight Diffusion Synthesized Deepfake Detection",2024,10.48550/arxiv.2406.00856,https://openalex.org/W4399399328,Yewon Lim; Changyeon Lee,"Computer and Information Technology, Purdue University, West Lafayette, IN, United States",PDF,https://arxiv.org/pdf/2406.00856,,,missing,missing,Manually confirmed from the paper PDF affiliation section.,2026-06-29T21:01:30Z,2026-06-30T21:14:03Z
Miraflow,curated:87ef976b546206fde199,"DistilDIRE: A Small, Fast, Cheap and Lightweight Diffusion Synthesized Deepfake Detection",2024,10.48550/arxiv.2406.00856,https://openalex.org/W4399399328,Yewon Lim; Changyeon Lee; Aerin Kim,"Miraflow, Kirkland, WA, United States",PDF,https://arxiv.org/pdf/2406.00856,,,missing,missing,Manually confirmed from the paper PDF affiliation section.,2026-06-29T21:01:59Z,2026-06-30T21:14:03Z
TrueMedia,curated:87ef976b546206fde199,"DistilDIRE: A Small, Fast, Cheap and Lightweight Diffusion Synthesized Deepfake Detection",2024,10.48550/arxiv.2406.00856,https://openalex.org/W4399399328,Aerin Kim; Oren Etzioni,"TrueMedia.org, Seattle, WA, United States",PDF,https://arxiv.org/pdf/2406.00856,,,missing,missing,Manually confirmed from the paper PDF affiliation section.,2026-06-29T21:02:30Z,2026-06-29T21:02:30Z
TrueMedia.org,curated:87ef976b546206fde199,"DistilDIRE: A Small, Fast, Cheap and Lightweight Diffusion Synthesized Deepfake Detection",2024,10.48550/arxiv.2406.00856,https://openalex.org/W4399399328,Aerin Kim; Oren Etzioni,"TrueMedia.org, Seattle, WA, United States",PDF,https://arxiv.org/pdf/2406.00856,,,missing,missing,Manually confirmed from the paper PDF affiliation section.,2026-06-29T21:03:25Z,2026-06-30T21:14:03Z
Massachusetts Institute of Technology,curated:1eef07ebb6bd7e596f61,FakeInversion: Learning to Detect Images from Unseen Text-to-Image Models by Inverting Stable Diffusion,2024,10.1109/cvpr52733.2024.01023,https://openalex.org/W4402726899,George Cazenavette,Massachusetts Institute of Technology,PDF,https://ieeexplore.ieee.org/document/10655308/,,,known,known,Manually confirmed from the paper PDF affiliation section.,2026-06-29T21:06:37Z,2026-06-30T21:14:03Z
Google Research,curated:1eef07ebb6bd7e596f61,FakeInversion: Learning to Detect Images from Unseen Text-to-Image Models by Inverting Stable Diffusion,2024,10.1109/cvpr52733.2024.01023,https://openalex.org/W4402726899,Avneesh Sud; Thomas Leung; Ben Usman,Google Research,PDF,https://ieeexplore.ieee.org/document/10655308/,,,known,known,Manually confirmed from the paper PDF affiliation section.,2026-06-29T21:07:01Z,2026-06-30T21:14:03Z
Polytechnic University of Hauts-de-France,curated:ce200a9a7aa3dee36fc7,FIDAVL: Fake Image Detection and Attribution Using Vision-Language Model,2024,10.1007/978-3-031-78305-0_11,https://openalex.org/W4404943083,Mamadou Keita; Hessen Bougueffa Eutamene; Abdelmalik Taleb-Ahmed,"Laboratory of IEMN, Univ. Polytechnique Hauts-de-France, Valenciennes, France",PDF,https://link.springer.com/chapter/10.1007/978-3-031-78305-0_11,,,known,known,Manually confirmed from the paper PDF affiliation section.,2026-06-29T21:11:05Z,2026-06-30T21:14:03Z
Université de Rennes,curated:ce200a9a7aa3dee36fc7,FIDAVL: Fake Image Detection and Attribution Using Vision-Language Model,2024,10.1007/978-3-031-78305-0_11,https://openalex.org/W4404943083,Wassim Hamidouche,"Univ. Rennes, INSA Rennes, CNRS, IETR - UMR 6164, Rennes, France",PDF,https://link.springer.com/chapter/10.1007/978-3-031-78305-0_11,,,missing,missing,Manually confirmed from the paper PDF affiliation section.,2026-06-29T21:11:34Z,2026-06-30T21:14:03Z
Sorbonne University,curated:ce200a9a7aa3dee36fc7,FIDAVL: Fake Image Detection and Attribution Using Vision-Language Model,2024,10.1007/978-3-031-78305-0_11,https://openalex.org/W4404943083,Abdenour Hadid,"Sorbonne Center for Artificial Intelligence, Sorbonne University Abu Dhabi, Abu Dhabi, UAE",PDF,https://link.springer.com/chapter/10.1007/978-3-031-78305-0_11,,,known,known,Manually confirmed from the paper PDF affiliation section.,2026-06-29T21:11:57Z,2026-06-30T21:14:03Z
"Agency for Science, Technology and Research (A*STAR)",curated:f7cba2387b8a4131cc7b,Frequency-Aware Deepfake Detection: Improving Generalizability through Frequency Space Domain Learning,2024,10.1609/aaai.v38i5.28310,https://openalex.org/W4393154086,Ping Liu,"Center for Frontier AI Research, Institute of High Performance Computing (IHPC), A*STAR, Singapore",PDF,https://ojs.aaai.org/index.php/AAAI/article/view/28310,,,missing,missing,Manually confirmed from the paper PDF affiliation section.,2026-06-29T21:23:23Z,2026-06-29T21:23:23Z
Singapore University of Technology and Design,curated:c9485f4d5346304272f2,Frequency Masking for Universal Deepfake Detection,2024,10.1109/icassp48485.2024.10446290,https://openalex.org/W4392904043,Chandler Timm Doloriel; Ngai-Man Cheung,,PDF,https://ieeexplore.ieee.org/document/10446290,,,known,known,Manually confirmed from the paper PDF affiliation section.,2026-06-29T21:23:46Z,2026-06-30T21:14:03Z
Beijing Jiaotong University,curated:f7cba2387b8a4131cc7b,Frequency-Aware Deepfake Detection: Improving Generalizability through Frequency Space Domain Learning,2024,10.1609/aaai.v38i5.28310,https://openalex.org/W4393154086,Chuangchuang Tan; Yao Zhao; Shikui Wei; Yunchao Wei,"Institute of Information Science, Beijing Jiaotong University, China; Beijing Key Laboratory of Advanced Information Science and Network Technology",PDF,https://ojs.aaai.org/index.php/AAAI/article/view/28310,,,known,known,Manually confirmed from the paper PDF affiliation section.,2026-06-29T21:23:46Z,2026-06-30T21:14:03Z
Yanshan University,curated:f7cba2387b8a4131cc7b,Frequency-Aware Deepfake Detection: Improving Generalizability through Frequency Space Domain Learning,2024,10.1609/aaai.v38i5.28310,https://openalex.org/W4393154086,Guanghua Gu,"School of Information Science and Engineering, Yanshan University, China; Hebei Key Laboratory of Information Transmission and Signal Processing",PDF,https://ojs.aaai.org/index.php/AAAI/article/view/28310,,,known,known,Manually confirmed from the paper PDF affiliation section.,2026-06-29T21:23:46Z,2026-06-30T21:14:03Z
Sony AI,curated:b65aca5f04f1f41ad725,How to Trace Latent Generative Model Generated Images without Artificial Watermark?,2024,10.48550/arxiv.2405.13360,https://openalex.org/W4398795245,Vikash Sehwag; Chen Chen; Lingjuan Lyu,Sony Ai,PDF,https://arxiv.org/pdf/2405.13360,,,missing,missing,Manually confirmed from the paper PDF affiliation section.,2026-06-29T21:25:35Z,2026-06-30T21:14:03Z
University of Massachusetts Amherst,curated:b65aca5f04f1f41ad725,How to Trace Latent Generative Model Generated Images without Artificial Watermark?,2024,10.48550/arxiv.2405.13360,https://openalex.org/W4398795245,Shiqing Ma,University of Massachusetts at Amherst,PDF,https://arxiv.org/pdf/2405.13360,,,missing,missing,Manually confirmed from the paper PDF affiliation section.,2026-06-29T21:26:12Z,2026-06-30T21:14:03Z
University of Southern California,curated:34fdf09ae334914a2723,ManiFPT: Defining and Analyzing Fingerprints of Generative Models,2024,10.1109/cvpr52733.2024.01026,https://openalex.org/W4402702998,Hae Jin Song; Mahyar Khayatkhoei,University of Southern California,PDF,https://ieeexplore.ieee.org/document/10656447,,,missing,missing,Manually confirmed from the paper PDF affiliation section.,2026-06-29T21:28:44Z,2026-06-30T21:14:03Z
USC Information Sciences Institute,curated:34fdf09ae334914a2723,ManiFPT: Defining and Analyzing Fingerprints of Generative Models,2024,10.1109/cvpr52733.2024.01026,https://openalex.org/W4402702998,Hae Jin Song; Mahyar Khayatkhoei,,PDF,https://ieeexplore.ieee.org/document/10656447,,,missing,missing,Manually confirmed from the paper PDF affiliation section.,2026-06-29T21:29:08Z,2026-06-30T21:14:03Z
Clemson University,curated:34fdf09ae334914a2723,ManiFPT: Defining and Analyzing Fingerprints of Generative Models,2024,10.1109/cvpr52733.2024.01026,https://openalex.org/W4402702998,Wael AbdAlmageed,,PDF,https://ieeexplore.ieee.org/document/10656447,,,missing,missing,Manually confirmed from the paper PDF affiliation section.,2026-06-29T21:29:28Z,2026-06-30T21:14:03Z
Instituto de Matemática Pura e Aplicada,curated:f523af1f7fe7b16fda75,MaskSim: Detection of synthetic images by masked spectrum similarity analysis,2024,10.1109/cvprw63382.2024.00390,https://openalex.org/W4402916521,Marina Gardella,"Instituto de Matemática Pura e Aplicada, Rio de Janeiro, Brazil (IMPA)",PDF,https://ieeexplore.ieee.org/document/10678228,,,missing,missing,Manually confirmed from the paper PDF affiliation section.,2026-06-29T21:32:31Z,2026-06-30T21:14:03Z
University of Chicago,curated:0b2081f70faaf81278dc,Organic or Diffused: Can We Distinguish Human Art from AI-generated Images?,2024,10.1145/3658644.3670306,https://openalex.org/W4405181141,Anna Yoo Jeong Ha; Josephine Passananti; Ronik Bhaskar; Shawn Shan; Haitao Zheng; Ben Y. Zhao,"University of Chicago, Chicago, IL, USA",PDF,https://dl.acm.org/doi/10.1145/3658644.3670306,,,missing,missing,Manually confirmed from the paper PDF affiliation section.,2026-06-29T21:35:51Z,2026-06-30T21:14:03Z
Peking University Shenzhen Graduate School,curated:1f9d168cc6c4c445a231,Orthogonal Subspace Decomposition for Generalizable AI-Generated Image Detection,2024,10.48550/arxiv.2411.15633,https://openalex.org/W4404986693,Zhiyuan Yan; Peng Jin; Chengchun Liu; Li Yuan,Peking University Shenzhen Graduate School,PDF,https://arxiv.org/pdf/2411.15633,,,missing,missing,Manually confirmed from the paper PDF affiliation section.,2026-06-29T21:38:29Z,2026-06-30T21:14:03Z
Tencent Youtu Lab,curated:1f9d168cc6c4c445a231,Orthogonal Subspace Decomposition for Generalizable AI-Generated Image Detection,2024,10.48550/arxiv.2411.15633,https://openalex.org/W4404986693,Zhiyuan Yan; Jiangming Wang; Ke-Yue Zhang; Shen Chen; Taiping Yao; Shouhong Ding,,PDF,https://arxiv.org/pdf/2411.15633,,,missing,missing,Manually confirmed from the paper PDF affiliation section.,2026-06-29T21:38:55Z,2026-06-30T21:14:03Z
"The Chinese University of Hong Kong, Shenzhen",curated:1f9d168cc6c4c445a231,Orthogonal Subspace Decomposition for Generalizable AI-Generated Image Detection,2024,10.48550/arxiv.2411.15633,https://openalex.org/W4404986693,Baoyuan Wu,,PDF,https://arxiv.org/pdf/2411.15633,,,missing,missing,Manually confirmed from the paper PDF affiliation section.,2026-06-29T21:39:12Z,2026-06-30T21:14:03Z
University of Illinois Urbana-Champaign,curated:b286f4a33839eed35258,Shadows Don't Lie and Lines Can't Bend! Generative Models Don't know Projective Geometry…for Now,2024,10.1109/cvpr52733.2024.02658,https://openalex.org/W4402754249,Ayush Sarkar; Hanlin Mai; Amitabh Mahapatra; Svetlana Lazebnik; D.A. Forsyth,,PDF,https://ieeexplore.ieee.org/document/10658385,,,missing,missing,Manually confirmed from the paper PDF affiliation section.,2026-06-29T21:42:18Z,2026-06-30T21:14:03Z
Toyota Technological Institute at Chicago,curated:b286f4a33839eed35258,Shadows Don't Lie and Lines Can't Bend! Generative Models Don't know Projective Geometry…for Now,2024,10.1109/cvpr52733.2024.02658,https://openalex.org/W4402754249,Anand Bhattad,,PDF,https://ieeexplore.ieee.org/document/10658385,,,missing,missing,Manually confirmed from the paper PDF affiliation section.,2026-06-29T21:42:38Z,2026-06-30T21:14:03Z
CISPA Helmholtz Center for Information Security,curated:b1977dc0fcca329719f0,Towards the Detection of Diffusion Model Deepfakes,2024,10.5220/0012422000003660,https://openalex.org/W4392402304,Thorsten Holz,"CISPA Helmholtz Center for Information Security, Saarbrücken, Germany",PDF,https://arxiv.org/pdf/2210.14571,,,missing,missing,Manually confirmed from the paper PDF affiliation section.,2026-06-29T21:48:39Z,2026-06-30T21:14:03Z
CISPA Helmholtz Center for Information Security,curated:a87d86d7032f5a751004,ZeroFake: Zero-Shot Detection of Fake Images Generated and Edited by Text-to-Image Generation Models,2024,10.1145/3658644.3690297,https://openalex.org/W4405183175,Zeyang Sha; Yicong Tan; Mingjie Li; Michael Backes; Yang Zhang,"CISPA Helmholtz Center for Information Security, Saarbrücken, Germany",PDF,https://dl.acm.org/doi/10.1145/3658644.3690297,,,missing,missing,Manually confirmed from the paper PDF affiliation section.,2026-06-29T21:54:41Z,2026-06-30T21:14:03Z
Informatics Institute for Postgraduate Studies,openalex:W4367554082,DeepFake Detection Improvement for Images Based on a Proposed Method for Local Binary Pattern of the Multiple-Channel Color Space,2023,10.22266/ijies2023.0630.07,https://openalex.org/W4367554082,Mohammed Thajeel Abdullah,"Informatics Institute for Postgraduate Studies, Iraqi Commission for Computer and Informatics, Baghdad, Iraq",PDF,https://inass.org/wp-content/uploads/2022/12/2023063007-2.pdf,,,missing,missing,Manually confirmed from the paper PDF affiliation section.,2026-06-29T21:56:14Z,2026-06-30T21:14:03Z
University of Baghdad,openalex:W4367554082,DeepFake Detection Improvement for Images Based on a Proposed Method for Local Binary Pattern of the Multiple-Channel Color Space,2023,10.22266/ijies2023.0630.07,https://openalex.org/W4367554082,Nada Hussein M. Ali,"Department of Computer Science, University of Baghdad, Baghdad, Iraq",PDF,https://inass.org/wp-content/uploads/2022/12/2023063007-2.pdf,,,missing,missing,Manually confirmed from the paper PDF affiliation section.,2026-06-29T21:56:43Z,2026-06-30T21:14:03Z
University of Hamburg,curated:62b0a9ae8be24d9f02e0,Single-Model Attribution of Generative Models Through Final-Layer Inversion,2023,10.48550/arxiv.2306.06210,https://openalex.org/W4380551225,Johannes Lederer,,PDF,https://arxiv.org/pdf/2306.06210,,,known,known,Manually confirmed from the paper PDF affiliation section.,2026-06-29T21:58:16Z,2026-06-30T21:14:03Z
Univresity of Tskuba,curated:853c7e2ae5f343438dd5,Did You Use My GAN to Generate Fake? Post-hoc Attribution of GAN Generated Images via Latent Recovery,2022,10.1109/ijcnn55064.2022.9892704,https://openalex.org/W4312387978,Syou Hirofumi; Kazuto Fukuchi; Yohei Akimoto; Jun Sakuma,"Department of Computer Science / Faculty of Engineering, Information and Systems, University of Tsukuba, Tsukuba, Japan",PDF,https://ieeexplore.ieee.org/document/9892704,,,missing,missing,Manually confirmed from the paper PDF affiliation section.,2026-06-29T21:59:41Z,2026-06-30T21:14:03Z
RIKEN Center for Advanced Intelligence Project,curated:853c7e2ae5f343438dd5,Did You Use My GAN to Generate Fake? Post-hoc Attribution of GAN Generated Images via Latent Recovery,2022,10.1109/ijcnn55064.2022.9892704,https://openalex.org/W4312387978,Jun Sakuma,"Faculty of Engineering, Information and Systems, University of Tsukuba / RIKEN AIP, Tsukuba, Japan",PDF,https://ieeexplore.ieee.org/document/9892704,,,missing,missing,Manually confirmed from the paper PDF affiliation section. Jun Sakuma is also affiliated with RIKEN AIP.,2026-06-29T22:00:09Z,2026-06-30T21:14:03Z
Arizona State University,curated:07ee620b8169b67b900f,Does a GAN leave distinct model-specific fingerprints?,2021,10.5244/c.35.53,https://openalex.org/W4411245244,Yuzhen Ding; Nupur Thakur; Baoxin Li,"Ira A. Fulton Schools of Engineering, Arizona State University, 699 S Mill Ave, Tempe, AZ 85281",PDF,https://www.bmva-archive.org.uk/bmvc/2021/assets/papers/0197.pdf,,,missing,missing,Manually confirmed from the paper PDF affiliation section.,2026-06-29T22:01:20Z,2026-06-30T21:14:03Z
University of Texas at Dallas,curated:af47c4b83dfd43175a4a,Attributing and Detecting Fake Images Generated by Known GANs,2020,10.1109/spw50608.2020.00019,https://openalex.org/W3117441857,Matthew Joslin; Shuang Hao,,PDF,https://ieeexplore.ieee.org/document/9283853,,,missing,missing,Manually confirmed from the paper PDF affiliation section.,2026-06-29T22:03:25Z,2026-06-30T21:14:03Z
City University of Hong Kong,curated:f523af1f7fe7b16fda75,MaskSim: Detection of synthetic images by masked spectrum similarity analysis,2024,10.1109/cvprw63382.2024.00390,https://openalex.org/W4402916521,Jean-Michel Morel,"City University of Hong Kong, Department of Mathematics, Kowloon, Hong Kong",PDF,https://ieeexplore.ieee.org/document/10678228,,,known,known,"Manually confirmed from the paper PDF affiliation section. | Coordinates manually checked for City University of Hong Kong at Tat Chee Avenue, Kowloon, Hong Kong, China, and used as the institution-level coordinate for map visualization.",2026-06-29T22:05:41Z,2026-06-30T21:14:03Z
IMT School for Advanced Studies Lucca,curated:ee47e898ad64ec14b709,Training-free Source Attribution of AI-generated Images via Resynthesis,2025,10.1109/wifs66636.2025.00028,https://openalex.org/W7148430317,Valentina Molinari,"IMT School, Lucca, Italy",PDF,https://ieeexplore.ieee.org/document/11458543/,,,known,known,"Manually confirmed from the paper PDF affiliation section. | Coordinates manually checked for IMT School for Advanced Studies Lucca campus at Piazza S. Francesco, 19, 55100 Lucca, Italy, and used as the institution-level coordinate for map visualization.",2026-06-30T15:29:52Z,2026-06-30T21:14:03Z
Central University of Finance and Economics,curated:e256ad6b672c3cf433ba,Bridging the Gap Between Ideal and Real-World Evaluation: Benchmarking AI-Generated Image Detection in Challenging Scenarios,2025,10.1109/iccv51701.2025.01895,https://openalex.org/W4417071442,Peng Sun,"Central University of Finance and Economics, Beijing, China",PDF,https://openaccess.thecvf.com/content/ICCV2025/papers/Li_Bridging_the_Gap_Between_Ideal_and_Real-world_Evaluation_Benchmarking_AI-Generated_ICCV_2025_paper.pdf,,,known,known,"Manually confirmed from the paper PDF affiliation section. | Coordinates manually checked for Central University of Finance and Economics at 39 South College Road, Haidian District, Beijing, China, and used as the institution-level coordinate for map visualization.",2026-06-30T19:38:41Z,2026-06-30T21:14:03Z
Xi’an Jiaotong University,openalex:W4400716502,"A Survey of Defenses Against AI-Generated Visual Media: Detection,Disruption, and Authentication",2024,10.48550/arxiv.2407.10575,https://openalex.org/W4400716502,Jingyi Deng; Chenhao Lin; Zhengyu Zhao; Chao Shen,"School of Cyber Science and Engineering, Xi’an Jiaotong University",PDF,https://dl.acm.org/doi/epdf/10.1145/3770916,,,known,known,"Author–institution mapping confirmed from paper author affiliation block. | Coordinates manually checked for Xi’an Jiaotong University Xingqing Campus at No. 28 Xianning West Road, Xi’an, Shaanxi 710049, P.R. China, and used as the institution-level coordinate for map visualization.",2026-06-30T20:01:25Z,2026-06-30T21:14:03Z
Xi’an Jiaotong University,openalex:W4400716502,"A Survey of Defenses Against AI-Generated Visual Media: Detection,Disruption, and Authentication",2024,10.48550/arxiv.2407.10575,https://openalex.org/W4400716502,Jingyi Deng; Chenhao Lin; Zhengyu Zhao; Shuai Liu; Chao Shen,"School of Cyber Science and Engineering, Xi’an Jiaotong University, Xi’an, China; Research Center of Frontier Science and Technology, Xi’an Jiaotong University, Xi’an, China; School of Software Engineering, Xi’an Jiaotong University, Xi’an, China",PDF,https://dl.acm.org/doi/epdf/10.1145/3770916,,,missing,missing,Manually confirmed from the paper PDF affiliation section. Multiple departments/centers are affiliated with Xi’an Jiaotong University and are merged at institution level.,2026-06-30T20:04:15Z,2026-06-30T20:04:15Z
The Hong Kong Polytechnic University,openalex:W4400716502,"A Survey of Defenses Against AI-Generated Visual Media: Detection,Disruption, and Authentication",2024,10.48550/arxiv.2407.10575,https://openalex.org/W4400716502,Zhe Peng,"Department of Industrial and Systems Engineering, The Hong Kong Polytechnic University, Hong Kong, Hong Kong",PDF,https://dl.acm.org/doi/epdf/10.1145/3770916,,,missing,missing,Manually confirmed from the paper PDF affiliation section.,2026-06-30T20:04:40Z,2026-06-30T21:14:03Z
Alibaba Inc,openalex:W7155245437,Adaptive Forensic Feature Refinement via Intrinsic Importance Perception,2026,,https://openalex.org/W7155245437,Junjun Zheng; Xiangheng Kong,"Alibaba Inc, Hangzhou, China",PDF,https://arxiv.org/pdf/2604.16879,,,missing,missing,Manually confirmed from the paper PDF affiliation section.,2026-06-30T20:07:24Z,2026-06-30T21:14:03Z
University of Waterloo,openalex:W7117078863,AdaptPrompt: Parameter-Efficient Adaptation of VLMs for Generalizable Deepfake Detection,2025,,https://openalex.org/W7117078863,Yichen Jiang; Fakhri Karray,"University of Waterloo, Canada",PDF,https://arxiv.org/pdf/2512.17730,,,known,known,Manually confirmed from the paper PDF affiliation section.,2026-06-30T20:09:10Z,2026-06-30T21:14:03Z
Mohamed bin Zayed University of Artificial Intelligence,openalex:W7117078863,AdaptPrompt: Parameter-Efficient Adaptation of VLMs for Generalizable Deepfake Detection,2025,,https://openalex.org/W7117078863,Mohammed Talha Alam,"MBZUAI, UAE",PDF,https://arxiv.org/pdf/2512.17730,,,known,known,"Manually confirmed from the paper PDF affiliation section. | Coordinates manually checked for Mohamed bin Zayed University of Artificial Intelligence in Masdar City, Abu Dhabi, United Arab Emirates, and used as the institution-level coordinate for map visualization.",2026-06-30T20:09:35Z,2026-06-30T21:14:03Z
National Yang Ming Chiao Tung University,openalex:W4387994353,AntifakePrompt: Prompt-Tuned Vision-Language Models are Fake Image Detectors,2023,10.48550/arxiv.2310.17419,https://openalex.org/W4387994353,Chen Yeh; You-Ming Chang; Wei-Chen Chiu,,PDF,https://arxiv.org/pdf/2310.17419,,,known,known,Manually confirmed from the paper PDF affiliation section.,2026-06-30T20:11:22Z,2026-06-30T21:14:03Z
Netflix Eyeline Studios,openalex:W4387994353,AntifakePrompt: Prompt-Tuned Vision-Language Models are Fake Image Detectors,2023,10.48550/arxiv.2310.17419,https://openalex.org/W4387994353,Ning Yu,,PDF,https://arxiv.org/pdf/2310.17419,,,missing,missing,Manually confirmed from the paper PDF affiliation section.,2026-06-30T20:11:39Z,2026-06-30T21:14:03Z
"Institute of Artificial Intelligence (TeleAI), China Telecom",curated:074bb9a77ee85d50090c,Aperture: a patch-aware framework for joint forgery detection and localization,2025,10.1007/s44336-025-00027-8,https://openalex.org/W4417449415,Anwen Yang; Jian Zhao; Yuchen Yuan; Tianle Zhang; Lei Jin; Chi Zhang,"Institute of Artificial Intelligence (TeleAI), China Telecom, Beijing, China",PDF,https://link.springer.com/content/pdf/10.1007/s44336-025-00027-8.pdf,,,missing,missing,Manually confirmed from the paper PDF affiliation section.,2026-06-30T20:13:54Z,2026-06-30T21:14:03Z
Northwestern Polytechnical University,curated:074bb9a77ee85d50090c,Aperture: a patch-aware framework for joint forgery detection and localization,2025,10.1007/s44336-025-00027-8,https://openalex.org/W4417449415,Jian Zhao,"Northwestern Polytechnical University, Shaanxi, China",PDF,https://link.springer.com/content/pdf/10.1007/s44336-025-00027-8.pdf,,,missing,missing,Manually confirmed from the paper PDF affiliation section.,2026-06-30T20:14:39Z,2026-06-30T21:14:03Z
Lanzhou University,curated:074bb9a77ee85d50090c,Aperture: a patch-aware framework for joint forgery detection and localization,2025,10.1007/s44336-025-00027-8,https://openalex.org/W4417449415,Xin Zhang,"Lanzhou University, Lanzhou, China",PDF,https://link.springer.com/content/pdf/10.1007/s44336-025-00027-8.pdf,,,missing,missing,Manually confirmed from the paper PDF affiliation section.,2026-06-30T20:15:27Z,2026-06-30T21:14:03Z
Xi’an Jiaotong University,openalex:W4322760013,Benchmarking Deepart Detection,2023,10.48550/arxiv.2302.14475,https://openalex.org/W4322760013,Yabin Wang; Xiaopeng Hong,"Xi’an Jiaotong University, P. R. China",PDF,https://arxiv.org/pdf/2302.14475,,,known,known,Manually confirmed from the paper PDF affiliation section.,2026-06-30T20:19:29Z,2026-06-30T21:14:03Z
Singapore Management University,openalex:W4322760013,Benchmarking Deepart Detection,2023,10.48550/arxiv.2302.14475,https://openalex.org/W4322760013,Yabin Wang; Zhiwu Huang,"Singapore Management University, Singapore",PDF,https://arxiv.org/pdf/2302.14475,,,missing,missing,Manually confirmed from the paper PDF affiliation section.,2026-06-30T20:19:54Z,2026-06-30T21:14:03Z
Pengcheng Laboratory,openalex:W4322760013,Benchmarking Deepart Detection,2023,10.48550/arxiv.2302.14475,https://openalex.org/W4322760013,Xiaopeng Hong,"Pengcheng Laboratory, P. R. China",PDF,https://arxiv.org/pdf/2302.14475,,,missing,missing,Manually confirmed from the paper PDF affiliation section.,2026-06-30T20:21:56Z,2026-06-30T21:14:03Z
Shanghai Innovation Institute,openalex:W4417529984,Code-in-the-Loop Forensics: Agentic Tool Use for Image Forgery Detection,2025,https://doi.org/10.48550/arxiv.2512.16300,https://openalex.org/W4417529984,Fanrui Zhang; Sizhuo Zhou; Jianwen Sun; Jiaxin Ai; Yukang Feng; Yujie Zhang; Wenjie Li; Zizhen Li; Yifan Chang; Kaipeng Zhang,"Shanghai Innovation Institute, China",PDF,https://arxiv.org/pdf/2512.16300,,,missing,missing,Manually confirmed from the paper PDF affiliation section.,2026-06-30T20:23:10Z,2026-06-30T21:14:03Z
"Institute of Automation, Chinese Academy of Sciences",openalex:W7133363592,CTForensics: A Comprehensive Dataset and Method for AI-Generated CT Image Detection,2026,,https://openalex.org/W7133363592,Yiheng Li; Guoqing Xu; Yijun Ye; Yang Yang; Zhen Lei,"MAIS, Institute of Automation, Chinese Academy of Sciences",PDF,https://arxiv.org/pdf/2603.01878,,,missing,missing,Manually confirmed from the paper PDF affiliation section.,2026-06-30T20:25:30Z,2026-06-30T21:14:03Z
"HKISI, Chinese Academy of Sciences",openalex:W7133363592,CTForensics: A Comprehensive Dataset and Method for AI-Generated CT Image Detection,2026,,https://openalex.org/W7133363592,Zhen Lei,"CAIR, Hong Kong Institute of Science & Innovation, Chinese Academy of Sciences",PDF,https://arxiv.org/pdf/2603.01878,,,missing,missing,Manually confirmed from the paper PDF affiliation section.,2026-06-30T20:26:12Z,2026-06-30T21:14:03Z
Sangfor Technologies Inc.,openalex:W7133363592,CTForensics: A Comprehensive Dataset and Method for AI-Generated CT Image Detection,2026,,https://openalex.org/W7133363592,Zicang Tan,,PDF,https://arxiv.org/pdf/2603.01878,,,missing,missing,Manually confirmed from the paper PDF affiliation section.,2026-06-30T20:26:58Z,2026-06-30T21:14:03Z
Princeton University,openalex:W4394653966,D$^3$: Scaling Up Deepfake Detection by Learning from Discrepancy,2024,https://doi.org/10.48550/arxiv.2404.04584,https://openalex.org/W4394653966,Ye Zhu; Olga Russakovsky,"Department of Computer Science, Princeton University",PDF,https://openaccess.thecvf.com/content/CVPR2025/papers/Yang_D3_Scaling_Up_Deepfake_Detection_by_Learning_from_Discrepancy_CVPR_2025_paper.pdf,,,known,known,Manually confirmed from the paper PDF affiliation section.,2026-06-30T20:28:49Z,2026-06-30T21:14:03Z
Southeast University,curated:074bb9a77ee85d50090c,Aperture: a patch-aware framework for joint forgery detection and localization,2025,10.1007/s44336-025-00027-8,https://openalex.org/W4417449415,Yuchu Jiang; Xu Yang,"Southeast University, Jiangsu, China",PDF,https://link.springer.com/content/pdf/10.1007/s44336-025-00027-8.pdf,,,needs_coordinate_review,ambiguous,Manually confirmed from the paper PDF affiliation section.,2026-06-30T20:34:19Z,2026-06-30T21:14:03Z
"The Chinese University of Hong Kong, Shenzhen",openalex:W4392737360,Data-Independent Operator: A Training-Free Artifact Representation Extractor for Generalizable Deepfake Detection,2024,10.48550/arxiv.2403.06803,https://openalex.org/W4392737360,Baoyuan Wu,"School of Data Science, The Chinese University of Hong Kong, Shenzhen (CUHK-Shenzhen), China",,,,,missing,missing,Manually confirmed from the paper PDF affiliation section.,2026-06-30T20:37:03Z,2026-06-30T21:14:03Z
University of Alabama at Birmingham,openalex:W4389983109,DeepArt: A Benchmark to Advance Fidelity Research in AI-Generated Content,2023,10.48550/arxiv.2312.10407,https://openalex.org/W4389983109,Tianyang Wang,"Department of Computer Science, University of Alabama at Birmingham, Birmingham, 35294, AL, USA",PDF,https://arxiv.org/pdf/2312.10407,,,missing,missing,Manually confirmed from the paper PDF affiliation section.,2026-06-30T20:38:38Z,2026-06-30T21:14:03Z
Alipurduar Government Engineering and Management College,openalex:W4389983109,DeepArt: A Benchmark to Advance Fidelity Research in AI-Generated Content,2023,10.48550/arxiv.2312.10407,https://openalex.org/W4389983109,Swalpa Kumar Roy,"Department of Computer Science and Engineering, Alipurduar Government Engineering and Management College, Alipurduar, 736206, West Bengal, India",PDF,https://arxiv.org/pdf/2312.10407,,,missing,missing,Manually confirmed from the paper PDF affiliation section.,2026-06-30T20:39:00Z,2026-06-30T21:14:03Z
ISTI-CNR,openalex:W4393063559,Deepfake Detection without Deepfakes: Generalization via Synthetic Frequency Patterns Injection,2024,10.48550/arxiv.2403.13479,https://openalex.org/W4393063559,Davide Alessandro Coccomini; Claudio Gennaro; Giuseppe Amato; Fabrizio Falchi,"Istituto di Scienza e Tecnologie dell'Informazione ""A. Faedo"", Consiglio Nazionale delle Ricerche, Pisa, Italy",PDF,https://arxiv.org/pdf/2403.13479,,,known,known,Manually confirmed from the paper PDF affiliation section.,2026-06-30T20:44:51Z,2026-06-30T21:14:03Z
CNIT,openalex:W4393063559,Deepfake Detection without Deepfakes: Generalization via Synthetic Frequency Patterns Injection,2024,10.48550/arxiv.2403.13479,https://openalex.org/W4393063559,Roberto Caldelli,"CNIT, Florence, Italy",PDF,https://arxiv.org/pdf/2403.13479,,,known,known,Manually confirmed from the paper PDF affiliation section.,2026-06-30T20:45:09Z,2026-06-30T21:14:03Z
Universitas Mercatorum,openalex:W4393063559,Deepfake Detection without Deepfakes: Generalization via Synthetic Frequency Patterns Injection,2024,10.48550/arxiv.2403.13479,https://openalex.org/W4393063559,Roberto Caldelli,"Universitas Mercatorum, Rome, Italy",PDF,https://arxiv.org/pdf/2403.13479,,,missing,missing,Manually confirmed from the paper PDF affiliation section.,2026-06-30T20:45:32Z,2026-06-30T21:14:03Z
NVIDIA AI Technology Center,openalex:W4393063559,Deepfake Detection without Deepfakes: Generalization via Synthetic Frequency Patterns Injection,2024,10.48550/arxiv.2403.13479,https://openalex.org/W4393063559,Giuseppe Fiameni,"NVIDIA AI Technology Center, Italy",PDF,https://arxiv.org/pdf/2403.13479,,,missing,missing,Manually confirmed from the paper PDF affiliation section.,2026-06-30T20:45:54Z,2026-06-30T21:14:03Z
University Federico II of Naples,openalex:W3010699567,Incremental learning for the detection and classification of GAN-generated images,2019,10.1109/wifs47025.2019.9035099,https://openalex.org/W3010699567,Francesco Marra; Luisa Verdoliva,,PDF,https://arxiv.org/pdf/1910.01568,,,missing,missing,Manually confirmed from the paper PDF affiliation section.,2026-06-30T20:51:59Z,2026-06-30T21:14:03Z
Purdue University,openalex:W4391563741,Detecting Multimedia Generated by Large AI Models: A Survey,2024,10.36227/techrxiv.170723324.44685515/v1,https://openalex.org/W4391563741,Li Lin; Neeraj Gupta; Shu Hu,"Department of Computer and Information Technology, Purdue University, West Lafayette, IN 47907, USA",PDF,https://arxiv.org/pdf/2402.00045,,,missing,missing,Manually confirmed from the paper PDF affiliation section.,2026-06-30T20:53:43Z,2026-06-30T21:14:03Z
Amazon Prime Video,openalex:W4391563741,Detecting Multimedia Generated by Large AI Models: A Survey,2024,10.36227/techrxiv.170723324.44685515/v1,https://openalex.org/W4391563741,Chun-Hao Liu,"Amazon Prime Video, Sunnyvale, CA, 94089, USA",PDF,https://arxiv.org/pdf/2402.00045,,,missing,missing,Manually confirmed from the paper PDF affiliation section.,2026-06-30T20:54:34Z,2026-06-30T21:14:03Z
"University at Albany, SUNY",openalex:W4391563741,Detecting Multimedia Generated by Large AI Models: A Survey,2024,10.36227/techrxiv.170723324.44685515/v1,https://openalex.org/W4391563741,Xin Wang,"Department of Epidemiology and Biostatistics, School of Public Health, University at Albany, SUNY, Albany, NY 12222, USA",PDF,https://arxiv.org/pdf/2402.00045,,,known,known,Manually confirmed from the paper PDF affiliation section.,2026-06-30T20:54:59Z,2026-06-30T21:14:03Z
"University at Albany, SUNY",openalex:W4391563741,Detecting Multimedia Generated by Large AI Models: A Survey,2024,10.36227/techrxiv.170723324.44685515/v1,https://openalex.org/W4391563741,Xin Wang; Xin Li,"Department of Epidemiology and Biostatistics, School of Public Health, and Department of Computer Science, College of Nanotechnology, Science, and Engineering, University at Albany, SUNY, Albany, NY 12222, USA",PDF,https://arxiv.org/pdf/2402.00045,,,missing,missing,Manually confirmed from the paper PDF affiliation section.,2026-06-30T20:55:28Z,2026-06-30T20:55:28Z
