alias_name,canonical_institution_name,alias_language,alias_source,review_status,notes
Universidad Complutense de Madrid,Complutense University of Madrid,es,maintainer-confirmed,confirmed,Spanish official name
马德里康普顿斯大学,Complutense University of Madrid,zh,maintainer-confirmed,confirmed,Chinese name variant
Queen Mary University of London,Queen Mary University of London,,local-admin,confirmed,"Coordinates manually checked for Queen Mary University of London at 327 Mile End Road, London E1 4NS, United Kingdom, and used as the institution-level coordinate for map visualization."
"City, University of London",City University of London,,local-admin,confirmed,"Coordinates manually checked for City, University of London / City St George's at Northampton Square, London EC1V 0HB, United Kingdom, and used as the institution-level coordinate for map visualization."
Yonsei University,Yonsei University,,local-admin,confirmed,"Coordinates manually checked for Yonsei University Sinchon Campus at 50 Yonsei-ro, Seodaemun-gu, Seoul 03722, Republic of Korea, and used as the institution-level coordinate for map visualization."
Xi’an Jiaotong University,Xi’an Jiaotong University,,local-admin,confirmed,"Coordinates manually checked for Xi’an Jiaotong University Xingqing Campus at No. 28 Xianning West Road, Xi’an, Shaanxi 710049, P.R. China, and used as the institution-level coordinate for map visualization."
CISPA Helmholtz Center for Information Security,CISPA Helmholtz Center for Information Security,,local-admin,confirmed,"Coordinates manually checked for CISPA Helmholtz Center for Information Security main building at Stuhlsatzenhaus 5, 66123 Saarbrücken, Germany, and used as the institution-level coordinate for map visualization."
University of Naples Federico II,University of Naples Federico II,,local-admin,confirmed,"Coordinates manually checked for University of Naples Federico II at Corso Umberto I, 40, 80138 Naples, Italy, and used as the institution-level coordinate for map visualization."
Purdue University,Purdue University,,local-admin,confirmed,"Coordinates manually checked for Purdue University at 610 Purdue Mall, West Lafayette, IN 47907, United States, and used as the institution-level coordinate for map visualization."
University of Texas at Dallas,University of Texas at Dallas,,local-admin,confirmed,"Coordinates manually checked for University of Texas at Dallas at 800 W. Campbell Road, Richardson, TX 75080-3021, United States, and used as the institution-level coordinate for map visualization."
University of Wisconsin–Madison,University of Wisconsin-Madison,,local-admin,confirmed,"Coordinates manually checked for University of Wisconsin–Madison at 500 Lincoln Drive, Madison, WI 53706, United States, and used as the institution-level coordinate for map visualization."
"University of California, Berkeley","University of California, Berkeley",,local-admin,confirmed,"Coordinates manually checked for University of California, Berkeley in Berkeley, CA 94720, United States, and used as the institution-level coordinate for map visualization."
University of Florence,University of Florence,,local-admin,confirmed,"Coordinates manually checked for University of Florence at Piazza San Marco 4, 50121 Florence, Italy, and used as the institution-level coordinate for map visualization."
Ruhr University Bochum,Ruhr University Bochum,,local-admin,confirmed,"Coordinates manually checked for Ruhr University Bochum at Universitätsstraße 150, 44801 Bochum, Germany, and used as the institution-level coordinate for map visualization."
Fudan University,Fudan University,,local-admin,confirmed,"Coordinates manually checked for Fudan University at 220 Handan Road, Yangpu District, Shanghai 200433, China, and used as the institution-level coordinate for map visualization."
University of Siena,University of Siena,,local-admin,confirmed,"Coordinates manually checked for University of Siena at Via Banchi di Sotto 55, 53100 Siena, Italy, and used as the institution-level coordinate for map visualization."
Tsinghua University,Tsinghua University,,local-admin,confirmed,"Coordinates manually checked for Tsinghua University in Haidian District, Beijing 100084, P.R. China, and used as the institution-level coordinate for map visualization."
Zhejiang University,Zhejiang University,,local-admin,confirmed,"Coordinates manually checked for Zhejiang University Zijingang Campus at 866 Yuhangtang Road, Hangzhou 310058, P.R. China, and used as the institution-level coordinate for map visualization."
University of Bergen,University of Bergen,,local-admin,confirmed,"Coordinates manually checked for University of Bergen at Muséplassen 1, 5020 Bergen, Norway, and used as the institution-level coordinate for map visualization."
Wuhan University,Wuhan University,,local-admin,confirmed,"Coordinates manually checked for Wuhan University at Luojia Hill / Wuchang District, Wuhan, Hubei Province 430072, P.R. China, and used as the institution-level coordinate for map visualization."
Beijing Jiaotong University,Beijing Jiaotong University,,local-admin,confirmed,"Coordinates manually checked for Beijing Jiaotong University at No.3 Shangyuancun, Haidian District, Beijing 100044, P.R. China, and used as the institution-level coordinate for map visualization."
University of Waterloo,University of Waterloo,,local-admin,confirmed,"Coordinates manually checked for University of Waterloo at 200 University Avenue West, Waterloo, Ontario, N2L 3G1, Canada, and used as the institution-level coordinate for map visualization."
Sungkyunkwan University,Sungkyunkwan University,,local-admin,confirmed,"Coordinates manually checked for Sungkyunkwan University Natural Sciences Campus at 2066 Seobu-ro, Jangan-gu, Suwon-si, Gyeonggi-do 16419, Republic of Korea, and used as the institution-level coordinate for map visualization."
"Agency for Science, Technology and Research (A*STAR)","Agency for Science, Technology and Research (A*STAR)",,local-admin,confirmed,"Coordinates manually checked for A*STAR headquarters at 2 Fusionopolis Way, Innovis #08-01, Singapore 138634, and used as the institution-level coordinate for map visualization."
State University of New York at Buffalo,University at Buffalo,,local-admin,confirmed,"Coordinates manually checked for University at Buffalo North Campus at Flint Entrance, Amherst, NY 14260, United States, and used as the institution-level coordinate for map visualization."
"The Chinese University of Hong Kong, Shenzhen","The Chinese University of Hong Kong, Shenzhen",,local-admin,confirmed,"Coordinates manually checked for The Chinese University of Hong Kong, Shenzhen at 2001 Longxiang Road, Longgang District, Shenzhen, Guangdong Province 518172, P.R. China, and used as the institution-level coordinate for map visualization."
University Federico II of Naples,University of Naples Federico II,,local-admin,confirmed,"Coordinates manually checked for University of Naples Federico II at Corso Umberto I, 40, 80138 Naples, Italy, and used as the institution-level coordinate for map visualization."
"University at Albany, SUNY","University at Albany, SUNY",,local-admin,confirmed,"Coordinates manually checked for University at Albany, SUNY at 1400 Washington Avenue, Albany, NY 12222, United States, and used as the institution-level coordinate for map visualization."
"University at Buffalo, State University of New York",University at Buffalo,,local-admin,confirmed,
Drexel University,Drexel University,,local-admin,confirmed,"Coordinates manually checked for Drexel University main campus at 3141 Chestnut Street, Philadelphia, PA 19104, United States, and used as the institution-level coordinate for map visualization."
Nanyang Technological University,Nanyang Technological University,,local-admin,confirmed,"Coordinates manually checked for Nanyang Technological University main campus at 50 Nanyang Avenue, Singapore 639798, and used as the institution-level coordinate for map visualization."
