institution_id,canonical_name,institution_type,institution_status,parent_institution_id,public_display,created_at,updated_at,created_by
institution:91aeee1163fdce71,A*STAR,research_unit,active,,self,2026-07-13T21:50:39Z,2026-07-13T21:50:39Z,institution-model-migration
institution:b85a1a866c0c7fe8,Aarhus University,university,active,,self,2026-07-13T21:50:39Z,2026-07-13T21:50:39Z,institution-model-migration
institution:7a0d6a63667ac750,Adobe Research,company,active,,self,2026-07-13T21:50:39Z,2026-07-13T21:50:39Z,institution-model-migration
institution:6c7dc4ecc36c32ba,"Agency for Science, Technology and Research",research_unit,active,,self,2026-07-13T21:50:39Z,2026-07-13T21:50:39Z,institution-model-migration
institution:e81a0314e783d8a4,"Agency for Science, Technology and Research (A*STAR)",research_unit,active,,self,2026-07-13T21:50:39Z,2026-07-13T21:50:39Z,institution-model-migration
institution:b145c3f748543038,AI Foundation and Algorithm Lab,research_unit,active,,self,2026-07-13T21:50:39Z,2026-07-13T21:50:39Z,institution-model-migration
institution:6faf58b52bec4e39,Alibaba Inc,company,active,,self,2026-07-13T21:50:39Z,2026-07-13T21:50:39Z,institution-model-migration
institution:930e5c2880e11cb3,Alipurduar Government Engineering and Management College,university,active,,self,2026-07-13T21:50:39Z,2026-07-13T21:50:39Z,institution-model-migration
institution:cbc62794911ff31b,Amazon,company,active,,self,2026-07-13T21:50:39Z,2026-07-13T21:50:39Z,institution-model-migration
institution:8ab1276f56c9f894,Amazon AI,company,active,,self,2026-07-13T21:50:39Z,2026-07-13T21:50:39Z,institution-model-migration
institution:75d38d0aaffc30fe,Amazon GenAI,company,active,,self,2026-07-13T21:50:39Z,2026-07-13T21:50:39Z,institution-model-migration
institution:284bfcf10a3b1ebf,Amazon Prime Video,company,active,,self,2026-07-13T21:50:39Z,2026-07-13T21:50:39Z,institution-model-migration
institution:b7f49dab7bfe22c4,American International University-Bangladesh,university,active,,self,2026-07-13T21:50:39Z,2026-07-13T21:50:39Z,institution-model-migration
institution:16ee891260af74c0,Anhui University,university,active,,self,2026-07-13T21:50:39Z,2026-07-13T21:50:39Z,institution-model-migration
institution:6f15f620028933fb,Anqing Normal University,university,active,,self,2026-07-13T21:50:39Z,2026-07-13T21:50:39Z,institution-model-migration
institution:5a28a1a99a417ba5,Ant Group,company,active,,self,2026-07-13T21:50:39Z,2026-07-13T21:50:39Z,institution-model-migration
institution:ac7aeed6b85a0a40,Arizona State University,university,active,,self,2026-07-13T21:50:39Z,2026-07-13T21:50:39Z,institution-model-migration
institution:583e34971c9eeb5b,Artificial Intelligence in Medicine (Canada),research_unit,active,,self,2026-07-13T21:50:39Z,2026-07-13T21:50:39Z,institution-model-migration
institution:647c89e2c8a671f8,Association Clinique et Thérapeutique Infantile du Val de Marne,research_unit,active,,self,2026-07-13T21:50:39Z,2026-07-13T21:50:39Z,institution-model-migration
institution:c739468458199e8c,Barisal Information Technology College,university,active,,self,2026-07-13T21:50:39Z,2026-07-13T21:50:39Z,institution-model-migration
institution:042deeccb5521315,Bay Institute,research_unit,active,,self,2026-07-13T21:50:39Z,2026-07-13T21:50:39Z,institution-model-migration
institution:f336b3005794930b,Beihang University,university,active,,self,2026-07-13T21:50:39Z,2026-07-13T21:50:39Z,institution-model-migration
institution:985443a2d7239406,Beijing Academy of Artificial Intelligence,research_unit,active,,self,2026-07-13T21:50:39Z,2026-07-13T21:50:39Z,institution-model-migration
institution:9cd15ab643d7131f,Beijing Institute of Graphic Communication,university,active,,self,2026-07-13T21:50:39Z,2026-07-18T16:01:56Z,institution-model-migration
institution:bf6195b78f6dc951,Beijing Jiaotong University,university,active,,self,2026-07-13T21:50:39Z,2026-07-13T21:50:39Z,institution-model-migration
institution:924e1e0e9723b423,Beijing Normal University,university,active,,self,2026-07-13T21:50:39Z,2026-07-13T21:50:39Z,institution-model-migration
institution:1502cb7c96ae3095,Beijing University of Posts and Telecommunications,university,active,,self,2026-07-13T21:50:39Z,2026-07-13T21:50:39Z,institution-model-migration
institution:f060d61d546153f2,Beijing University of Technology,university,active,,self,2026-07-13T21:50:39Z,2026-07-13T21:50:39Z,institution-model-migration
institution:2792f975d7b5565e,Binjiang Institute of Artificial Intelligence,research_unit,active,,self,2026-07-13T21:50:39Z,2026-07-13T21:50:39Z,institution-model-migration
institution:ffd387a3478eb9e9,"Birla Institute of Technology, Mesra",university,active,,self,2026-07-13T21:50:39Z,2026-07-18T16:01:56Z,institution-model-migration
institution:e822c28c6d58a829,"BITS Pilani, Goa",university,active,,self,2026-07-13T21:50:39Z,2026-07-18T16:01:56Z,institution-model-migration
institution:99ef70abd8f55fae,"BITS Pilani, Hyderabad",university,active,,self,2026-07-13T21:50:39Z,2026-07-18T16:01:56Z,institution-model-migration
institution:2c846bda509d7d12,Boston University,university,active,,self,2026-07-13T21:50:39Z,2026-07-13T21:50:39Z,institution-model-migration
institution:c5235efb76365de2,Carnegie Mellon University,university,active,,self,2026-07-13T21:50:39Z,2026-07-13T21:50:39Z,institution-model-migration
institution:060062d7bc15b07c,"Center for Data-Driven Science and AI, Tohoku University, Sendai, Japan",university,active,,self,2026-07-13T21:50:39Z,2026-07-13T21:50:39Z,institution-model-migration
institution:15e8da2735014d49,Central University of Finance and Economics,university,active,,self,2026-07-13T21:50:39Z,2026-07-13T21:50:39Z,institution-model-migration
institution:f841aa8a7a0d29aa,Centre for Research and Technology Hellas (CERTH),research_unit,active,,self,2026-07-13T21:50:39Z,2026-07-13T21:50:39Z,institution-model-migration
institution:29645bb566fcd576,Centre National de la Recherche Scientifique,research_unit,active,,self,2026-07-13T21:50:39Z,2026-07-13T21:50:39Z,institution-model-migration
institution:48be4a3c2949fee3,Changsha University,university,active,,self,2026-07-13T21:50:39Z,2026-07-13T21:50:39Z,institution-model-migration
institution:6bdc62fb06ac696f,Changsha University of Science and Technology,university,active,,self,2026-07-13T21:50:39Z,2026-07-13T21:50:39Z,institution-model-migration
institution:7aae859eefe8edd1,Chang’an University,university,active,,self,2026-07-13T21:50:39Z,2026-07-13T21:50:39Z,institution-model-migration
institution:7ecedd9572b7f6ba,China Academy of Information and Communications Technology,research_unit,active,,self,2026-07-13T21:50:39Z,2026-07-13T21:50:39Z,institution-model-migration
institution:5757493192522b63,China Electronics Technology Group Corporation,company,active,,self,2026-07-13T21:50:39Z,2026-07-13T21:50:39Z,institution-model-migration
institution:2f4cdd3b31b9a5db,China Telecom,company,active,,self,2026-07-13T21:50:39Z,2026-07-13T21:50:39Z,institution-model-migration
institution:0be9d444a6c88894,"China Telecom Cloud Technology Co., Ltd.",company,active,,self,2026-07-13T21:50:39Z,2026-07-13T21:50:39Z,institution-model-migration
institution:e67012d79bb3f603,China University of Mining and Technology,university,active,,self,2026-07-13T21:50:39Z,2026-07-13T21:50:39Z,institution-model-migration
institution:3afb6cc453e0a8d9,Chinese Academy of Sciences,research_unit,active,,self,2026-07-13T21:50:39Z,2026-07-13T21:50:39Z,institution-model-migration
institution:3f9391add8daa620,Chinese People's Armed Police Force Engineering University,university,active,,self,2026-07-13T21:50:39Z,2026-07-13T21:50:39Z,institution-model-migration
institution:ff4b6fb0e7e3f155,Chinese University of Hong Kong,university,active,,self,2026-07-13T21:50:39Z,2026-07-13T21:50:39Z,institution-model-migration
institution:488418437bfc9b2c,Chittagong University of Engineering and Technology,university,active,,self,2026-07-13T21:50:39Z,2026-07-13T21:50:39Z,institution-model-migration
institution:7e10613327a4e264,Chongqing University of Posts and Telecommunications,university,active,,self,2026-07-13T21:50:39Z,2026-07-13T21:50:39Z,institution-model-migration
institution:aea376936c88135b,CISPA Helmholtz Center for Information Security,research_unit,active,,self,2026-07-13T21:50:39Z,2026-07-13T21:50:39Z,institution-model-migration
institution:ec71dc4340659fd9,City University of Hong Kong,university,active,,self,2026-07-13T21:50:39Z,2026-07-13T21:50:39Z,institution-model-migration
institution:cedf27014e59d7d9,"City University of Hong Kong, Shenzhen Research Institute",university,active,,self,2026-07-13T21:50:39Z,2026-07-13T21:50:39Z,institution-model-migration
institution:24e78a56f93457a5,City University of London,university,active,,self,2026-07-13T21:50:39Z,2026-07-13T21:50:39Z,institution-model-migration
institution:769b711ed2fee7c0,City University of Macau,university,active,,self,2026-07-13T21:50:39Z,2026-07-13T21:50:39Z,institution-model-migration
institution:fa6adc95226df542,Clemson University,university,active,,self,2026-07-13T21:50:39Z,2026-07-13T21:50:39Z,institution-model-migration
institution:721b1fe645c5b099,CNIT,research_unit,active,,self,2026-07-13T21:50:39Z,2026-07-13T21:50:39Z,institution-model-migration
institution:e6405787e8a9312c,CNRS,research_unit,active,,self,2026-07-13T21:50:39Z,2026-07-13T21:50:39Z,institution-model-migration
institution:3da00d58d4c97192,Commonwealth Scientific and Industrial Research Organisation,research_unit,active,,self,2026-07-13T21:50:39Z,2026-07-13T21:50:39Z,institution-model-migration
institution:6a318a8411b5cf74,Complutense University of Madrid,university,active,,self,2026-07-13T21:50:39Z,2026-07-13T21:50:39Z,institution-model-migration
institution:3d7a55d07b650cfa,Czech Technical University in Prague,university,active,,self,2026-07-13T21:50:39Z,2026-07-13T21:50:39Z,institution-model-migration
institution:753a256f592cb1fe,Data Assurance and Communication Security,research_unit,active,,self,2026-07-13T21:50:39Z,2026-07-13T21:50:39Z,institution-model-migration
institution:3be1ce40ea53f6d2,Data61,research_unit,active,,self,2026-07-13T21:50:39Z,2026-07-13T21:50:39Z,institution-model-migration
institution:e0fc2ffb269489e7,Drexel University,university,active,,self,2026-07-13T21:50:39Z,2026-07-13T21:50:39Z,institution-model-migration
institution:a8d8c5fe60be3e65,East China Normal University,university,active,,self,2026-07-13T21:50:39Z,2026-07-13T21:50:39Z,institution-model-migration
institution:82b627d49a985ef1,East China University of Science and Technology,university,active,,self,2026-07-13T21:50:39Z,2026-07-13T21:50:39Z,institution-model-migration
institution:a2c9ccf9659160de,Electronics and Telecommunications Research Institute (ETRI),research_unit,active,,self,2026-07-13T21:50:39Z,2026-07-13T21:50:39Z,institution-model-migration
institution:73bb0fe265f6e090,Friedrich-Alexander-Universität Erlangen-Nürnberg,university,active,,self,2026-07-13T21:50:39Z,2026-07-18T16:01:56Z,institution-model-migration
institution:baa1df7c4adddbda,Fudan University,university,active,,self,2026-07-13T21:50:39Z,2026-07-13T21:50:39Z,institution-model-migration
institution:c3227ed71ef6fcd8,Fujian University of Technology,university,active,,self,2026-07-13T21:50:39Z,2026-07-13T21:50:39Z,institution-model-migration
institution:0da909b4402f8657,Fujitsu Limited,company,active,,self,2026-07-13T21:50:39Z,2026-07-13T21:50:39Z,institution-model-migration
institution:dbb4589b8e2f8264,Florida International University,university,active,,self,2026-07-15T11:28:05Z,2026-07-15T11:28:05Z,referential-integrity-repair
institution:90cbfdc3d90fe8a0,Fujitsu Research of Europe,company,active,,self,2026-07-13T21:50:39Z,2026-07-13T21:50:39Z,institution-model-migration
institution:6beb2f6c52d3f30c,Gachon University,university,active,,self,2026-07-13T21:50:39Z,2026-07-13T21:50:39Z,institution-model-migration
institution:39839f8732e7433b,George Mason University,university,active,,self,2026-07-13T21:50:39Z,2026-07-13T21:50:39Z,institution-model-migration
institution:ab37cf6fbc2c38dd,GIPSA-Lab,research_unit,active,,self,2026-07-13T21:50:39Z,2026-07-13T21:50:39Z,institution-model-migration
institution:35e36dc1a5213fa3,Google Research,company,active,,self,2026-07-13T21:50:39Z,2026-07-13T21:50:39Z,institution-model-migration
institution:a76d3c97c5824bc9,Grenoble INP,university,active,,self,2026-07-13T21:50:39Z,2026-07-18T16:01:56Z,institution-model-migration
institution:8fe72087521e285a,Guangdong University of Technology,university,active,,self,2026-07-13T21:50:39Z,2026-07-13T21:50:39Z,institution-model-migration
institution:a1e1ec8b780e67c8,Guizhou Normal University,university,active,,self,2026-07-13T21:50:39Z,2026-07-13T21:50:39Z,institution-model-migration
institution:2b9a45614734dda3,Hand and Upper Limb Clinic,other,active,,self,2026-07-13T21:50:39Z,2026-07-18T16:01:56Z,institution-model-migration
institution:91e76fe32279c58d,Hangzhou High-Tech Zone (Binjiang) Institute of Blockchain and Data Security,research_unit,active,,self,2026-07-13T21:50:39Z,2026-07-13T21:50:39Z,institution-model-migration
institution:3e2d6c20e9d268da,Hanyang University,university,active,,self,2026-07-13T21:50:39Z,2026-07-13T21:50:39Z,institution-model-migration
institution:fe438b1c7662476f,Harbin Institute of Technology,university,active,,self,2026-07-13T21:50:39Z,2026-07-18T16:01:56Z,institution-model-migration
institution:6c5bb70e9f4b77ba,"Harbin Institute of Technology, Shenzhen",university,active,,self,2026-07-13T21:50:39Z,2026-07-18T16:01:56Z,institution-model-migration
institution:329f39cda413f721,Ho Chi Minh City University of Science,university,active,institution:19d2ee8d44bfb9f0,self,2026-07-15T11:28:05Z,2026-07-15T11:28:05Z,referential-integrity-repair
institution:b83f47152ad1ec29,Hebei University of Technology,university,active,,self,2026-07-13T21:50:39Z,2026-07-13T21:50:39Z,institution-model-migration
institution:dfb7666cf1c6e052,Hefei Comprehensive National Science Center,research_unit,active,,self,2026-07-13T21:50:39Z,2026-07-13T21:50:39Z,institution-model-migration
institution:f6342fd457763517,Hefei University of Technology,university,active,,self,2026-07-13T21:50:39Z,2026-07-13T21:50:39Z,institution-model-migration
institution:9dd7b58a09f6962c,"HKISI, Chinese Academy of Sciences",research_unit,active,institution:3afb6cc453e0a8d9,self,2026-07-13T21:50:39Z,2026-07-13T21:50:39Z,institution-model-migration
institution:e1fcb46488c800ef,Hong Kong Metropolitan University,university,active,,self,2026-07-13T21:50:39Z,2026-07-13T21:50:39Z,institution-model-migration
institution:1f9be0c6a5d4aa0b,Hong Kong University of Science and Technology,university,active,,self,2026-07-13T21:50:39Z,2026-07-13T21:50:39Z,institution-model-migration
institution:95daf5606b8bd80c,HSE University,university,active,,self,2026-07-13T21:50:39Z,2026-07-13T21:50:39Z,institution-model-migration
institution:2e62680df0fed751,Huawei Noah’s Ark Lab,company,active,,self,2026-07-13T21:50:39Z,2026-07-13T21:50:39Z,institution-model-migration
institution:570cf7f2e9869b63,Huawei Technologies (China),company,active,,self,2026-07-13T21:50:39Z,2026-07-13T21:50:39Z,institution-model-migration
institution:e540a2485c3e954f,Huazhong University of Science and Technology,university,active,,self,2026-07-13T21:50:39Z,2026-07-13T21:50:39Z,institution-model-migration
institution:be8fe6da68f67876,Hunan University,university,active,,self,2026-07-13T21:50:39Z,2026-07-13T21:50:39Z,institution-model-migration
institution:42d2e85e0328361b,Hunan University of Science and Technology,university,active,,self,2026-07-13T21:50:39Z,2026-07-13T21:50:39Z,institution-model-migration
institution:f5c8a9b792d3b901,IBM Thomas J. Watson Research Center,company,active,,self,2026-07-13T21:50:39Z,2026-07-18T16:01:56Z,institution-model-migration
institution:fe7a819f82113c79,IdentifAI,company,active,,self,2026-07-13T21:50:39Z,2026-07-13T21:50:39Z,institution-model-migration
institution:b91c4ceb2690766e,IIIT Delhi,university,active,,self,2026-07-13T21:50:39Z,2026-07-18T16:01:56Z,institution-model-migration
institution:9958d7ee1cfec4aa,IMT School for Advanced Studies Lucca,university,active,,self,2026-07-13T21:50:39Z,2026-07-18T16:01:56Z,institution-model-migration
institution:c49f954847b969c5,Incheon National University,university,active,,self,2026-07-13T21:50:39Z,2026-07-13T21:50:39Z,institution-model-migration
institution:4269181ef8bd7d6e,"Indian Institute of Engineering Science and Technology, Shibpur",university,active,,self,2026-07-13T21:50:39Z,2026-07-18T16:01:56Z,institution-model-migration
institution:f0c3da144873207a,Indian Institute of Technology Kharagpur,university,active,,self,2026-07-13T21:50:39Z,2026-07-18T16:01:56Z,institution-model-migration
institution:d0b09c4ef698e8de,Indian Institute of Technology Roorkee,university,active,,self,2026-07-13T21:50:39Z,2026-07-18T16:01:56Z,institution-model-migration
institution:7c73c5ea3377e7f2,Indiana Hand to Shoulder Center,other,active,,self,2026-07-13T21:50:39Z,2026-07-18T16:01:56Z,institution-model-migration
institution:df7499422b3e4d82,Indraprastha Institute of Information Technology Delhi,university,active,,self,2026-07-13T21:50:39Z,2026-07-18T16:01:56Z,institution-model-migration
institution:04b81a56c7eb1a69,Informatics Institute for Postgraduate Studies,research_unit,active,,self,2026-07-13T21:50:39Z,2026-07-13T21:50:39Z,institution-model-migration
institution:ce9788da3b7b6137,Inner Mongolia University of Technology,university,active,,self,2026-07-13T21:50:39Z,2026-07-13T21:50:39Z,institution-model-migration
institution:507c5724052f23eb,"INSAIT, Sofia University ""St. Kliment Ohridski""",university,active,,self,2026-07-13T21:50:39Z,2026-07-13T21:50:39Z,institution-model-migration
institution:475fa3f7d32d5d27,Institut polytechnique de Grenoble,university,active,,self,2026-07-13T21:50:39Z,2026-07-18T16:01:56Z,institution-model-migration
institution:e4ca3896941052d9,Institute for Scientific Interchange,research_unit,active,,self,2026-07-13T21:50:39Z,2026-07-13T21:50:39Z,institution-model-migration
institution:a1ff6f7123083db9,"Institute of Artificial Intelligence (TeleAI), China Telecom",company,active,,self,2026-07-13T21:50:39Z,2026-07-18T16:01:56Z,institution-model-migration
institution:966ff12833f90bb0,"Institute of Automation, Chinese Academy of Sciences",research_unit,active,institution:3afb6cc453e0a8d9,self,2026-07-13T21:50:39Z,2026-07-13T21:50:39Z,institution-model-migration
institution:dfb3cc816a4476d7,Institute of Computing Technology,research_unit,merged,,self,2026-07-13T21:50:39Z,2026-07-15T13:24:17Z,institution-model-migration
institution:e278f75918ccf8a7,"Institute of Computing Technology, Chinese Academy of Sciences",research_unit,active,institution:3afb6cc453e0a8d9,self,2026-07-13T21:50:39Z,2026-07-13T21:50:39Z,institution-model-migration
institution:cee70184073782c7,"Institute of Information Engineering, Chinese Academy of Sciences",research_unit,active,institution:3afb6cc453e0a8d9,self,2026-07-13T21:50:39Z,2026-07-13T21:50:39Z,institution-model-migration
institution:0aed8b5908ebcd25,Instituto de Matemática Pura e Aplicada,research_unit,active,,self,2026-07-13T21:50:39Z,2026-07-13T21:50:39Z,institution-model-migration
institution:260c0fc69149bb41,Intel Corporation,company,active,,self,2026-07-13T21:50:39Z,2026-07-13T21:50:39Z,institution-model-migration
institution:33f2056ddfd46aaa,International Institute of Information Technology,university,active,,self,2026-07-13T21:50:39Z,2026-07-18T16:01:56Z,institution-model-migration
institution:118c2f047da4525d,"International Institute of Information Technology, Naya Raipur",university,active,,self,2026-07-13T21:50:39Z,2026-07-18T16:01:56Z,institution-model-migration
institution:541450f1f663948c,ISTI-CNR,research_unit,active,,self,2026-07-13T21:50:39Z,2026-07-13T21:50:39Z,institution-model-migration
institution:bc52939c5da8ad98,Jaume I University,university,active,,self,2026-07-13T21:50:39Z,2026-07-13T21:50:39Z,institution-model-migration
institution:45d2a7ca48493f42,Jilin Vocational College of Industry and Technology,university,active,,self,2026-07-13T21:50:39Z,2026-07-13T21:50:39Z,institution-model-migration
institution:8632718a2c1444c6,Jinan University,university,active,,self,2026-07-13T21:50:39Z,2026-07-13T21:50:39Z,institution-model-migration
institution:81f79a387128ccac,Khalifa University,university,active,,self,2026-07-13T21:50:39Z,2026-07-13T21:50:39Z,institution-model-migration
institution:24b3cd33acdc095d,Kochi University of Technology,university,active,,self,2026-07-13T21:50:39Z,2026-07-13T21:50:39Z,institution-model-migration
institution:696e90c102571ea3,Korea AI Safety Institute (AISI),research_unit,active,,self,2026-07-13T21:50:39Z,2026-07-13T21:50:39Z,institution-model-migration
institution:a28e1611e5e6b8b6,Lanzhou University,university,active,,self,2026-07-13T21:50:39Z,2026-07-13T21:50:39Z,institution-model-migration
institution:8ca93bff11a3be9e,Leonardo S.p.A.,company,active,,self,2026-07-13T21:50:39Z,2026-07-13T21:50:39Z,institution-model-migration
institution:ab1c5fd351e72f37,Link Campus University,university,active,,self,2026-07-13T21:50:39Z,2026-07-13T21:50:39Z,institution-model-migration
institution:d30e2f168f8ccc03,Loyola University Chicago,university,active,,self,2026-07-13T21:50:39Z,2026-07-13T21:50:39Z,institution-model-migration
institution:1a36f9f1487a39da,Manipal University Jaipur,university,active,,self,2026-07-13T21:50:39Z,2026-07-13T21:50:39Z,institution-model-migration
institution:366058c27e343874,Massachusetts Institute of Technology,university,active,,self,2026-07-13T21:50:39Z,2026-07-18T16:01:56Z,institution-model-migration
institution:bef37c90751e824e,Max Planck Institute for Informatics,research_unit,active,,self,2026-07-13T21:50:39Z,2026-07-13T21:50:39Z,institution-model-migration
institution:ea3bd73e2b506e00,Meta,company,active,,self,2026-07-13T21:50:39Z,2026-07-13T21:50:39Z,institution-model-migration
institution:357dc1b545173dd5,Meta (United States),company,active,,self,2026-07-13T21:50:39Z,2026-07-13T21:50:39Z,institution-model-migration
institution:a1b609b0fc5c2e23,Miraflow,company,active,,self,2026-07-13T21:50:39Z,2026-07-13T21:50:39Z,institution-model-migration
institution:39fbdba5585bb3c4,MIT Lincoln Laboratory,research_unit,active,,self,2026-07-13T21:50:39Z,2026-07-13T21:50:39Z,institution-model-migration
institution:f04b96a9716ab2f4,Mohamed bin Zayed University of Artificial Intelligence,university,active,,self,2026-07-13T21:50:39Z,2026-07-13T21:50:39Z,institution-model-migration
institution:02e0cb0a82c051ec,Monash University,university,active,,self,2026-07-13T21:50:39Z,2026-07-13T21:50:39Z,institution-model-migration
institution:ae914839cab3ba03,Monash University Malaysia,university,active,,self,2026-07-13T21:50:39Z,2026-07-13T21:50:39Z,institution-model-migration
institution:74eb5a7db0242865,Nanchang University,university,active,,self,2026-07-13T21:50:39Z,2026-07-13T21:50:39Z,institution-model-migration
institution:0af8b0b3be8e7963,Nanjing University of Information Science and Technology,university,active,,self,2026-07-13T21:50:39Z,2026-07-13T21:50:39Z,institution-model-migration
institution:70f74652d14cacde,Nankai University,university,active,,self,2026-07-13T21:50:39Z,2026-07-13T21:50:39Z,institution-model-migration
institution:c111feb812f1a7ed,Nanyang Technological University,university,active,,self,2026-07-13T21:50:39Z,2026-07-13T21:50:39Z,institution-model-migration
institution:db8874f9983a5ffd,National Institute of Informatics,research_unit,active,,self,2026-07-13T21:50:39Z,2026-07-13T21:50:39Z,institution-model-migration
institution:d4f85059258439dc,National Institute of Technology Silchar,university,active,,self,2026-07-13T21:50:39Z,2026-07-18T16:01:56Z,institution-model-migration
institution:69a779f3b8d566f6,National Taiwan University,university,active,,self,2026-07-13T21:50:39Z,2026-07-13T21:50:39Z,institution-model-migration
institution:70ccb485197bbb6c,National University of Singapore,university,active,,self,2026-07-13T21:50:39Z,2026-07-13T21:50:39Z,institution-model-migration
institution:b99e56fd55395250,National Yang Ming Chiao Tung University,university,active,,self,2026-07-13T21:50:39Z,2026-07-13T21:50:39Z,institution-model-migration
institution:2b91b5917e5279ea,NEC Laboratories America,company,active,,self,2026-07-13T21:50:39Z,2026-07-13T21:50:39Z,institution-model-migration
institution:fbc0802be3266f6f,Netflix Eyeline Studios,company,active,,self,2026-07-13T21:50:39Z,2026-07-18T16:01:56Z,institution-model-migration
institution:bda289c20f284717,Netherlands Forensic Institute,research_unit,active,,self,2026-07-13T21:50:39Z,2026-07-13T21:50:39Z,institution-model-migration
institution:c83aeae887827902,New York University,university,active,,self,2026-07-13T21:50:39Z,2026-07-13T21:50:39Z,institution-model-migration
institution:d1f71b03766ee0a2,Noeon Research,research_unit,active,,self,2026-07-13T21:50:39Z,2026-07-13T21:50:39Z,institution-model-migration
institution:0008285766dcabc7,Northeastern University,university,active,,self,2026-07-13T21:50:39Z,2026-07-13T21:50:39Z,institution-model-migration
institution:bc1d8b5fba4bc5ff,Northwestern Polytechnical University,university,active,,self,2026-07-13T21:50:39Z,2026-07-13T21:50:39Z,institution-model-migration
institution:c055ca96e505b797,Nottingham Trent University,university,active,,self,2026-07-13T21:50:39Z,2026-07-13T21:50:39Z,institution-model-migration
institution:26db9b197bbb7634,NSFOCUS,company,active,,self,2026-07-13T21:50:39Z,2026-07-18T16:01:56Z,institution-model-migration
institution:0b1cc69a0a28e0c1,NVIDIA AI Technology Center Italy,company,active,,self,2026-07-13T21:50:39Z,2026-07-13T21:50:39Z,institution-model-migration
institution:2e732c4601154ff1,Origin Quantum Computing Technology Company (China),company,active,,self,2026-07-13T21:50:39Z,2026-07-13T21:50:39Z,institution-model-migration
institution:4f596f4cb1eacc17,Pegaso Telematic University,university,active,,self,2026-07-13T21:50:39Z,2026-07-13T21:50:39Z,institution-model-migration
institution:e7cbd84466f9202b,Pegaso University,university,active,,self,2026-07-13T21:50:39Z,2026-07-13T21:50:39Z,institution-model-migration
institution:46e4866d3b2954ab,Peking University,university,active,,self,2026-07-13T21:50:39Z,2026-07-13T21:50:39Z,institution-model-migration
institution:6346b1a9c3b5ccd7,Peking University Shenzhen Graduate School,university,active,,self,2026-07-13T21:50:39Z,2026-07-13T21:50:39Z,institution-model-migration
institution:1ce921cf3475aa52,Pengcheng Laboratory,research_unit,active,,self,2026-07-13T21:50:39Z,2026-07-13T21:50:39Z,institution-model-migration
institution:64f282fa6abe9403,Peptidream (Japan),company,active,,self,2026-07-13T21:50:39Z,2026-07-18T16:01:56Z,institution-model-migration
institution:4ceaa6cde1782dfd,PLA Information Engineering University,university,active,,self,2026-07-13T21:50:39Z,2026-07-13T21:50:39Z,institution-model-migration
institution:1ee9da20656fd88b,Politecnico di Milano,university,active,,self,2026-07-13T21:50:39Z,2026-07-18T16:01:56Z,institution-model-migration
institution:35caf31d5104b996,"Polytechnic Institute of Turin, Turin, Italy",university,active,,self,2026-07-13T21:50:39Z,2026-07-18T16:01:56Z,institution-model-migration
institution:1e2fe2432a089705,Polytechnic University of Hauts-de-France,university,active,,self,2026-07-13T21:50:39Z,2026-07-13T21:50:39Z,institution-model-migration
institution:6f4241a7694672b8,Princeton University,university,active,,self,2026-07-13T21:50:39Z,2026-07-13T21:50:39Z,institution-model-migration
institution:90b589325857dff0,Purdue University,university,active,,self,2026-07-13T21:50:39Z,2026-07-13T21:50:39Z,institution-model-migration
institution:312d37d9636306c2,Purdue University West Lafayette,university,active,,self,2026-07-13T21:50:39Z,2026-07-13T21:50:39Z,institution-model-migration
institution:a4cdf5c9d1038c90,Purple Mountain Laboratories,research_unit,active,,self,2026-07-13T21:50:39Z,2026-07-13T21:50:39Z,institution-model-migration
institution:c5eade35ea50a856,Queen Mary University of London,university,active,,self,2026-07-13T21:50:39Z,2026-07-13T21:50:39Z,institution-model-migration
institution:2469c3505064216c,Queen's University,university,active,,self,2026-07-13T21:50:39Z,2026-07-13T21:50:39Z,institution-model-migration
institution:5fbb6e2cbdd4ea21,Renmin University of China,university,active,,self,2026-07-13T21:50:39Z,2026-07-13T21:50:39Z,institution-model-migration
institution:ccbfeb66fb71797e,RIKEN Center for Advanced Intelligence Project,research_unit,active,,self,2026-07-13T21:50:39Z,2026-07-13T21:50:39Z,institution-model-migration
institution:8f8dd64c6339c8ff,Ruhr University Bochum,university,active,,self,2026-07-13T21:50:39Z,2026-07-13T21:50:39Z,institution-model-migration
institution:33a58a66974db112,Rutgers University,university,active,,self,2026-07-13T21:50:39Z,2026-07-13T21:50:39Z,institution-model-migration
institution:41db7d042136daef,Salesforce Research,company,active,,self,2026-07-13T21:50:39Z,2026-07-18T16:01:56Z,institution-model-migration
institution:a86e3c911036d069,Sangfor Technologies Inc.,company,active,,self,2026-07-13T21:50:39Z,2026-07-13T21:50:39Z,institution-model-migration
institution:977430a4473aa4b0,Sapienza University of Rome,university,active,,self,2026-07-13T21:50:39Z,2026-07-13T21:50:39Z,institution-model-migration
institution:39263f3dbe1e47f9,Shandong Normal University,university,active,,self,2026-07-13T21:50:39Z,2026-07-13T21:50:39Z,institution-model-migration
institution:b3d626f58155d650,Shandong University,university,active,,self,2026-07-13T21:50:39Z,2026-07-13T21:50:39Z,institution-model-migration
institution:0e65844051a659b1,Shandong University of Science and Technology,university,active,,self,2026-07-13T21:50:39Z,2026-07-13T21:50:39Z,institution-model-migration
institution:c107a95b6cb53ac5,Shanghai Artificial Intelligence Laboratory,research_unit,active,,self,2026-07-13T21:50:39Z,2026-07-13T21:50:39Z,institution-model-migration
institution:9a0d85eff850f04a,Shanghai Innovation Institute,research_unit,active,,self,2026-07-13T21:50:39Z,2026-07-13T21:50:39Z,institution-model-migration
institution:fccd5d0ac9cc52f9,Shanghai Jiao Tong University,university,active,,self,2026-07-13T21:50:39Z,2026-07-13T21:50:39Z,institution-model-migration
institution:07ba242d76aafb0e,Shanghai University of Engineering Science,university,active,,self,2026-07-13T21:50:39Z,2026-07-13T21:50:39Z,institution-model-migration
institution:11d4e5b507bbbada,Shenzhen MSU-BIT University,university,active,,self,2026-07-13T21:50:39Z,2026-07-13T21:50:39Z,institution-model-migration
institution:ad9c8964d01f80d8,Shenzhen University,university,active,,self,2026-07-13T21:50:39Z,2026-07-13T21:50:39Z,institution-model-migration
institution:498778a17add497f,Shenzhen University of Advanced Technology,university,active,,self,2026-07-13T21:50:39Z,2026-07-13T21:50:39Z,institution-model-migration
institution:9ab7959736f7be0d,Shenzhen Campus of Sun Yat-sen University,university,active,institution:5c85faa51cc57a24,self,2026-07-15T11:28:05Z,2026-07-15T11:28:05Z,referential-integrity-repair
institution:4c1e9439f241e5ec,Sichuan University,university,active,,self,2026-07-13T21:50:39Z,2026-07-13T21:50:39Z,institution-model-migration
institution:eefb779b4c760808,Singapore Management University,university,active,,self,2026-07-13T21:50:39Z,2026-07-13T21:50:39Z,institution-model-migration
institution:6dd3ce9e0d5fd1ab,Singapore University of Technology and Design,university,active,,self,2026-07-13T21:50:39Z,2026-07-13T21:50:39Z,institution-model-migration
institution:387a46732b927ccd,Sino-Russian Research Center for Digital Economy,research_unit,active,,self,2026-07-13T21:50:39Z,2026-07-13T21:50:39Z,institution-model-migration
institution:91d1003beb3bcb91,Skolkovo Institute of Science and Technology,university,active,,self,2026-07-13T21:50:39Z,2026-07-18T16:01:56Z,institution-model-migration
institution:cf2639c8e56f6453,Sony AI,company,active,,self,2026-07-13T21:50:39Z,2026-07-13T21:50:39Z,institution-model-migration
institution:6688d0d34a3ee58b,Sorbonne University,university,active,,self,2026-07-13T21:50:39Z,2026-07-13T21:50:39Z,institution-model-migration
institution:271362b3e1310a1c,Sorbonne University Abu Dhabi,university,active,,self,2026-07-13T21:50:39Z,2026-07-13T21:50:39Z,institution-model-migration
institution:3e9b289ae248f660,South China University of Technology,university,active,,self,2026-07-13T21:50:39Z,2026-07-13T21:50:39Z,institution-model-migration
institution:592f613084a7ca9d,Southeast University,university,active,,self,2026-07-13T21:50:39Z,2026-07-13T21:50:39Z,institution-model-migration
institution:d473cbf12de5fb53,Southwest University,university,active,,self,2026-07-13T21:50:39Z,2026-07-13T21:50:39Z,institution-model-migration
institution:a202a16ef9383442,St. Petersburg Department of the Steklov Institute of Mathematics,research_unit,active,,self,2026-07-13T21:50:39Z,2026-07-13T21:50:39Z,institution-model-migration
institution:ed72534d79b73fac,Stanford University,university,active,,self,2026-07-13T21:50:39Z,2026-07-13T21:50:39Z,institution-model-migration
institution:d4c79ca44c5dbbbc,Stuttgart Media University,university,active,,self,2026-07-13T21:50:39Z,2026-07-13T21:50:39Z,institution-model-migration
institution:5c85faa51cc57a24,Sun Yat-sen University,university,active,,self,2026-07-13T21:50:39Z,2026-07-13T21:50:39Z,institution-model-migration
institution:e80b94c605da24ce,Sungkyunkwan University,university,active,,self,2026-07-13T21:50:39Z,2026-07-13T21:50:39Z,institution-model-migration
institution:3ac6dbcc618a5a6f,Swinburne University of Technology,university,active,,self,2026-07-13T21:50:39Z,2026-07-13T21:50:39Z,institution-model-migration
institution:6d607bd40551e45f,Tamkang University,university,active,,self,2026-07-13T21:50:39Z,2026-07-13T21:50:39Z,institution-model-migration
institution:f42de06978b10eb5,Technical University of Munich,university,active,,self,2026-07-13T21:50:39Z,2026-07-13T21:50:39Z,institution-model-migration
institution:9e5e300bb52918ca,Technion – Israel Institute of Technology,university,active,,self,2026-07-13T21:50:39Z,2026-07-18T16:01:56Z,institution-model-migration
institution:96dc1764e1512d0a,Technology Innovation Institute,research_unit,active,,self,2026-07-13T21:50:39Z,2026-07-13T21:50:39Z,institution-model-migration
institution:3e78e883c14f8bb8,Tencent Youtu Lab,company,active,,self,2026-07-13T21:50:39Z,2026-07-13T21:50:39Z,institution-model-migration
institution:4e140b5268efc364,Texas A&M University,university,active,,self,2026-07-13T21:50:39Z,2026-07-13T21:50:39Z,institution-model-migration
institution:5dbb9ac6a407e079,"The Chinese University of Hong Kong, Shenzhen",university,active,,self,2026-07-13T21:50:39Z,2026-07-13T21:50:39Z,institution-model-migration
institution:31f980eaa403801a,The Hong Kong Polytechnic University,university,active,,self,2026-07-13T21:50:39Z,2026-07-13T21:50:39Z,institution-model-migration
institution:fa80d3c071c298e1,The Hong Kong University of Science and Technology,university,active,,self,2026-07-13T21:50:39Z,2026-07-13T21:50:39Z,institution-model-migration
institution:942667142da716c5,The Hong Kong University of Science and Technology (Guangzhou),university,active,,self,2026-07-13T21:50:39Z,2026-07-13T21:50:39Z,institution-model-migration
institution:404cfa1ef241f359,The University of Hong Kong,university,active,,self,2026-07-13T21:50:39Z,2026-07-13T21:50:39Z,institution-model-migration
institution:1984e5f97afb62d8,The University of Sydney,university,active,,self,2026-07-13T21:50:39Z,2026-07-13T21:50:39Z,institution-model-migration
institution:8c45f60c84082063,The University of Tokyo,university,active,,self,2026-07-13T21:50:39Z,2026-07-13T21:50:39Z,institution-model-migration
institution:2bec96b8d2c54388,Tianjin University of Science and Technology,university,active,,self,2026-07-13T21:50:39Z,2026-07-13T21:50:39Z,institution-model-migration
institution:b0b93bb53a8b88c1,Tongji University,university,active,,self,2026-07-13T21:50:39Z,2026-07-13T21:50:39Z,institution-model-migration
institution:386b7a411f4a3220,Toyota Technological Institute at Chicago,university,active,,self,2026-07-13T21:50:39Z,2026-07-18T16:01:56Z,institution-model-migration
institution:4bff7ae080547794,TrueMedia,research_unit,active,,self,2026-07-13T21:50:39Z,2026-07-13T21:50:39Z,institution-model-migration
institution:2592e804f95fa542,TrueMedia.org,research_unit,active,,self,2026-07-13T21:50:39Z,2026-07-13T21:50:39Z,institution-model-migration
institution:230f59b4fb28c236,Tsinghua Shenzhen International Graduate School,university,active,,self,2026-07-13T21:50:39Z,2026-07-18T16:01:56Z,institution-model-migration
institution:4ae45b121fe12e9c,Tsinghua University,university,active,,self,2026-07-13T21:50:39Z,2026-07-13T21:50:39Z,institution-model-migration
institution:b370a10db2a1f294,Trinity College Dublin,university,active,,self,2026-07-15T11:28:05Z,2026-07-15T11:28:05Z,referential-integrity-repair
institution:2e73bb336e7ad920,Universidad Complutense de Madrid,university,merged,,self,2026-07-13T21:50:39Z,2026-07-18T16:01:56Z,institution-model-migration
institution:14daf7f722d7d91d,Universidade Estadual de Campinas (UNICAMP),university,active,,self,2026-07-13T21:50:39Z,2026-07-18T16:01:56Z,institution-model-migration
institution:1afce89cd4f3571f,Universitas Mercatorum,university,active,,self,2026-07-13T21:50:39Z,2026-07-18T16:01:56Z,institution-model-migration
institution:7506c126bc077e9b,"University at Albany, SUNY",university,active,,self,2026-07-13T21:50:39Z,2026-07-13T21:50:39Z,institution-model-migration
institution:4f85329e76bc9454,University at Buffalo,university,active,,self,2026-07-13T21:50:39Z,2026-07-13T21:50:39Z,institution-model-migration
institution:612630c2527bff83,"University at Buffalo, State University of New York",university,active,,self,2026-07-13T21:50:39Z,2026-07-13T21:50:39Z,institution-model-migration
institution:4cdbeb4bb5d94d04,University College Dublin,university,active,,self,2026-07-15T11:28:05Z,2026-07-15T11:28:05Z,referential-integrity-repair
institution:fa3c75d12710670b,University College London,university,active,,self,2026-07-13T21:50:39Z,2026-07-13T21:50:39Z,institution-model-migration
institution:51bbeb5bfb404721,University of Agder,university,active,,self,2026-07-13T21:50:39Z,2026-07-13T21:50:39Z,institution-model-migration
institution:fde22ad658a3fdb9,University of Alabama at Birmingham,university,active,,self,2026-07-13T21:50:39Z,2026-07-13T21:50:39Z,institution-model-migration
institution:4a9a14dbf4357b38,University of Amsterdam,university,active,,self,2026-07-13T21:50:39Z,2026-07-13T21:50:39Z,institution-model-migration
institution:f87d6ace800645a7,University of Baghdad,university,active,,self,2026-07-13T21:50:39Z,2026-07-13T21:50:39Z,institution-model-migration
institution:b978b6dfc7b3baa0,University of Bergen,university,active,,self,2026-07-13T21:50:39Z,2026-07-13T21:50:39Z,institution-model-migration
institution:e73ae6a6d6ff3735,University of Bologna,university,active,,self,2026-07-13T21:50:39Z,2026-07-13T21:50:39Z,institution-model-migration
institution:05b67f44dd9f6846,University of British Columbia,university,active,,self,2026-07-13T21:50:39Z,2026-07-13T21:50:39Z,institution-model-migration
institution:be74dcf5d0cb77ea,"University of California, Berkeley",university,active,,self,2026-07-13T21:50:39Z,2026-07-13T21:50:39Z,institution-model-migration
institution:0418834df0ffcdf2,University of Cambridge,university,active,,self,2026-07-13T21:50:39Z,2026-07-13T21:50:39Z,institution-model-migration
institution:f4a883f8d9615a43,University of Campinas,university,active,,self,2026-07-13T21:50:39Z,2026-07-13T21:50:39Z,institution-model-migration
institution:fd8ba2b56bf5212d,University of Catania,university,active,,self,2026-07-13T21:50:39Z,2026-07-13T21:50:39Z,institution-model-migration
institution:7d7f56dced000a09,University of Chicago,university,active,,self,2026-07-13T21:50:39Z,2026-07-13T21:50:39Z,institution-model-migration
institution:69309405e04976ec,University of Chinese Academy of Sciences,university,active,,self,2026-07-13T21:50:39Z,2026-07-13T21:50:39Z,institution-model-migration
institution:42fcf4ae44e1a706,University of Florence,university,active,,self,2026-07-13T21:50:39Z,2026-07-13T21:50:39Z,institution-model-migration
institution:5a73fc9b412db6f4,University of Hamburg,university,active,,self,2026-07-13T21:50:39Z,2026-07-13T21:50:39Z,institution-model-migration
institution:da2d97c082267c13,University of Hong Kong,university,active,,self,2026-07-13T21:50:39Z,2026-07-13T21:50:39Z,institution-model-migration
institution:bf3ddd5552577ff0,University of Illinois Urbana-Champaign,university,active,,self,2026-07-13T21:50:39Z,2026-07-13T21:50:39Z,institution-model-migration
institution:b8a4e3b25fd4a300,University of Macao,university,active,,self,2026-07-13T21:50:39Z,2026-07-13T21:50:39Z,institution-model-migration
institution:53e6219d595780e3,University of Macau,university,active,,self,2026-07-13T21:50:39Z,2026-07-13T21:50:39Z,institution-model-migration
institution:13f7c73ae8019e75,University of Maryland,university,active,,self,2026-07-13T21:50:39Z,2026-07-13T21:50:39Z,institution-model-migration
institution:304707b21fcfbd4d,University of Massachusetts Amherst,university,active,,self,2026-07-13T21:50:39Z,2026-07-13T21:50:39Z,institution-model-migration
institution:16acb7bf7b8c14cf,University of Massachusetts Boston,university,active,,self,2026-07-13T21:50:39Z,2026-07-13T21:50:39Z,institution-model-migration
institution:89b9b3962b3327c8,University of Michigan,university,active,,self,2026-07-13T21:50:39Z,2026-07-13T21:50:39Z,institution-model-migration
institution:117fcda9a6399108,University of Modena and Reggio Emilia,university,active,,self,2026-07-13T21:50:39Z,2026-07-13T21:50:39Z,institution-model-migration
institution:d046d2c57bb3a863,University of Naples Federico II,university,active,,self,2026-07-13T21:50:39Z,2026-07-13T21:50:39Z,institution-model-migration
institution:969d6dd2c9cf6a1e,"University of Nevada, Reno",university,active,,self,2026-07-13T21:50:39Z,2026-07-13T21:50:39Z,institution-model-migration
institution:6527630c76c9d56a,University of Oregon,university,active,,self,2026-07-13T21:50:39Z,2026-07-13T21:50:39Z,institution-model-migration
institution:87d9a45b3389372f,University of Oxford,university,active,,self,2026-07-13T21:50:39Z,2026-07-13T21:50:39Z,institution-model-migration
institution:a407f4c649ba4c6a,University of Palermo,university,active,,self,2026-07-13T21:50:39Z,2026-07-13T21:50:39Z,institution-model-migration
institution:3ec8d9fa829f5777,University of Pisa,university,active,,self,2026-07-13T21:50:39Z,2026-07-13T21:50:39Z,institution-model-migration
institution:d91bdebb133e022b,University of Salerno,university,active,,self,2026-07-13T21:50:39Z,2026-07-13T21:50:39Z,institution-model-migration
institution:e721b03b6f6c172d,University of Science and Technology of China,university,active,,self,2026-07-13T21:50:39Z,2026-07-13T21:50:39Z,institution-model-migration
institution:cf5d9a266441e5a7,University of Sheffield,university,active,,self,2026-07-13T21:50:39Z,2026-07-13T21:50:39Z,institution-model-migration
institution:65dbfd1e022f02e2,University of Siena,university,active,,self,2026-07-13T21:50:39Z,2026-07-13T21:50:39Z,institution-model-migration
institution:7801abc579496f6a,University of South Carolina,university,active,,self,2026-07-13T21:50:39Z,2026-07-13T21:50:39Z,institution-model-migration
institution:a0c3927e4ddb3a39,University of Southampton,university,active,,self,2026-07-13T21:50:39Z,2026-07-13T21:50:39Z,institution-model-migration
institution:6432056cdf12bb16,University of Southern California,university,active,,self,2026-07-13T21:50:39Z,2026-07-13T21:50:39Z,institution-model-migration
institution:29276dc7d9ce02fd,University of Surrey,university,active,,self,2026-07-13T21:50:39Z,2026-07-13T21:50:39Z,institution-model-migration
institution:965434eee0b97685,University of Sydney,university,active,,self,2026-07-13T21:50:39Z,2026-07-13T21:50:39Z,institution-model-migration
institution:bf0065cf4529e953,University of Technology of Troyes,university,active,,self,2026-07-13T21:50:39Z,2026-07-13T21:50:39Z,institution-model-migration
institution:a55a77635edc8711,University of Texas at Dallas,university,active,,self,2026-07-13T21:50:39Z,2026-07-13T21:50:39Z,institution-model-migration
institution:6a892bbe4ee57122,University of Toronto,university,active,,self,2026-07-13T21:50:39Z,2026-07-13T21:50:39Z,institution-model-migration
institution:3c4903b35459f2b5,University of Trento,university,active,,self,2026-07-13T21:50:39Z,2026-07-13T21:50:39Z,institution-model-migration
institution:fb6e9411e701578c,University of Tsukuba,university,active,,self,2026-07-13T21:50:39Z,2026-07-13T21:50:39Z,institution-model-migration
institution:7417258b2e3d3491,University of Waterloo,university,active,,self,2026-07-13T21:50:39Z,2026-07-13T21:50:39Z,institution-model-migration
institution:3e2e527953176c93,University of Wisconsin-Madison,university,active,,self,2026-07-13T21:50:39Z,2026-07-13T21:50:39Z,institution-model-migration
institution:c76018a960d2cd12,Université de Lille,university,active,,self,2026-07-13T21:50:39Z,2026-07-18T16:01:56Z,institution-model-migration
institution:6c246ba350e11d5f,Université de Rennes,university,active,,self,2026-07-13T21:50:39Z,2026-07-18T16:01:56Z,institution-model-migration
institution:ef7c68d6edbab550,Université Grenoble Alpes,university,active,,self,2026-07-13T21:50:39Z,2026-07-18T16:01:56Z,institution-model-migration
institution:daff50b65ce469a3,Université Paris Cité,university,active,,self,2026-07-13T21:50:39Z,2026-07-18T16:01:56Z,institution-model-migration
institution:0c5e25ec47ce33fe,Université Paris-Saclay,university,active,,self,2026-07-13T21:50:39Z,2026-07-18T16:01:56Z,institution-model-migration
institution:d09040aba5fecf8e,Université Polytechnique Hauts-de-France,university,active,,self,2026-07-13T21:50:39Z,2026-07-18T16:01:56Z,institution-model-migration
institution:4745b20cdc6c5fb0,Univresity of Tskuba,university,active,,self,2026-07-13T21:50:39Z,2026-07-18T16:01:56Z,institution-model-migration
institution:c3babd97b5b38ea6,USC Information Sciences Institute,research_unit,active,,self,2026-07-13T21:50:39Z,2026-07-13T21:50:39Z,institution-model-migration
institution:dc213653c8edb0fa,Vector Institute,research_unit,active,,self,2026-07-13T21:50:39Z,2026-07-13T21:50:39Z,institution-model-migration
institution:19d2ee8d44bfb9f0,Vietnam National University Ho Chi Minh City,university,active,,self,2026-07-13T21:50:39Z,2026-07-13T21:50:39Z,institution-model-migration
institution:191fc14de0344472,Virginia Tech,university,active,,self,2026-07-13T21:50:39Z,2026-07-18T16:01:56Z,institution-model-migration
institution:cb1cf39b9e67e9ec,Vishwakarma Institute of Information Technology,university,active,,self,2026-07-13T21:50:39Z,2026-07-18T16:01:56Z,institution-model-migration
institution:dc3e4a6107db41d1,Wanjiang University of Technology,university,active,,self,2026-07-13T21:50:39Z,2026-07-13T21:50:39Z,institution-model-migration
institution:f23b95ce92de4591,Wuhan University,university,active,,self,2026-07-13T21:50:39Z,2026-07-13T21:50:39Z,institution-model-migration
institution:59879dd4d4951779,Xi'an University of Technology,university,active,,self,2026-07-13T21:50:39Z,2026-07-13T21:50:39Z,institution-model-migration
institution:929ddef9540ec1e7,Xiamen University,university,active,,self,2026-07-13T21:50:39Z,2026-07-13T21:50:39Z,institution-model-migration
institution:d1012c88e7ee61fd,xiaohongshu Inc.,company,active,,self,2026-07-13T21:50:39Z,2026-07-13T21:50:39Z,institution-model-migration
institution:43ae05e86afd56bd,Xidian University,university,active,,self,2026-07-13T21:50:39Z,2026-07-13T21:50:39Z,institution-model-migration
institution:4955c30e161b66f8,Xinjiang University,university,active,,self,2026-07-13T21:50:39Z,2026-07-13T21:50:39Z,institution-model-migration
institution:afc29be68ac419be,Xi’an Jiaotong University,university,active,,self,2026-07-13T21:50:39Z,2026-07-13T21:50:39Z,institution-model-migration
institution:7266fd3d42f0b9ca,Xpectrum AI,research_unit,active,,self,2026-07-13T21:50:39Z,2026-07-13T21:50:39Z,institution-model-migration
institution:0d3d34a24da64353,Yale University,university,active,,self,2026-07-13T21:50:39Z,2026-07-13T21:50:39Z,institution-model-migration
institution:c5810afc25d178a5,Yanshan University,university,active,,self,2026-07-13T21:50:39Z,2026-07-13T21:50:39Z,institution-model-migration
institution:52cbdd91a8dbd658,Yonsei University,university,active,,self,2026-07-13T21:50:39Z,2026-07-13T21:50:39Z,institution-model-migration
institution:6e61f1cad147c313,"Yonsei University, International Campus",university,active,,self,2026-07-13T21:50:39Z,2026-07-13T21:50:39Z,institution-model-migration
institution:42992b97b8e05dd4,"Yonsei University, Sinchon Campus",university,active,,self,2026-07-13T21:50:39Z,2026-07-13T21:50:39Z,institution-model-migration
institution:e433baf78e80004b,Zhejiang University,university,active,,self,2026-07-13T21:50:39Z,2026-07-13T21:50:39Z,institution-model-migration
institution:9b91aedca1273b56,Zhejiang University of Technology,university,active,,self,2026-07-13T21:50:39Z,2026-07-13T21:50:39Z,institution-model-migration
institution:678fbbc18157fd45,École Polytechnique,university,active,,self,2026-07-13T21:50:39Z,2026-07-18T16:01:56Z,institution-model-migration
institution:2f8c9f8f9209013d,Zhejiang Lab,research_unit,active,,Zhejiang Lab,2026-07-15T13:00:36Z,2026-07-15T13:00:36Z,local-admin
institution:50c86a6fc102a2c1,Rensselaer Polytechnic Institute,university,active,,Rensselaer Polytechnic Institute,2026-07-15T14:12:24Z,2026-07-18T16:01:56Z,local-admin
institution:e64214548d48f667,Qingdao Academy of Intelligent Industries,research_unit,active,,Qingdao Academy of Intelligent Industries,2026-07-15T14:12:54Z,2026-07-15T14:12:54Z,local-admin
institution:157163d25dac880f,Communication University of China,university,active,,Communication University of China,2026-07-15T14:19:29Z,2026-07-15T14:19:29Z,local-admin
institution:aee00ab2f1fd8132,Peng Cheng Laboratory,research_unit,active,,Peng Cheng Laboratory,2026-07-17T21:29:41Z,2026-07-17T21:29:41Z,local-admin
institution:73f449eb6a3c05d3,Alibaba Group,company,active,institution:6faf58b52bec4e39,Alibaba Group,2026-07-17T21:33:18Z,2026-07-18T16:01:56Z,local-admin
institution:a5744bc50825ed1f,"WeChat Pay, Tencent",company,active,,"WeChat Pay, Tencent",2026-07-17T21:37:25Z,2026-07-17T21:37:25Z,local-admin
institution:4b215cd9407fb4b1,National Tsing Hua University,university,active,,National Tsing Hua University,2026-07-17T21:44:15Z,2026-07-17T21:44:15Z,local-admin
institution:d2cacec52769f3d9,Academia Sinica,research_unit,active,,Academia Sinica,2026-07-17T21:44:42Z,2026-07-17T21:44:42Z,local-admin
institution:cd66beec0fcee918,Shanghai AI Laboratory,research_unit,active,,Shanghai AI Laboratory,2026-07-17T21:47:51Z,2026-07-17T21:47:51Z,local-admin
institution:f95d5af831e91b94,SenseTime,company,active,,SenseTime,2026-07-17T21:48:10Z,2026-07-18T16:01:56Z,local-admin
institution:943b42ad910c2615,Australian National University,university,active,,Australian National University,2026-07-17T21:53:27Z,2026-07-17T21:53:27Z,local-admin
institution:781afa4ed50a74b8,Duke University,university,active,,Duke University,2026-07-17T21:58:08Z,2026-07-17T21:58:08Z,local-admin
institution:7b971ad17fd639eb,Microsoft Research Asia,company,active,,Microsoft Research Asia,2026-07-17T21:58:19Z,2026-07-18T16:01:56Z,local-admin
institution:59fe0b363dfeb8f5,Offenburg University of Applied Sciences,university,active,,Offenburg University of Applied Sciences,2026-07-17T22:00:27Z,2026-07-17T22:00:27Z,local-admin
institution:957fef132942e033,University of Mannheim,university,active,,University of Mannheim,2026-07-17T22:00:46Z,2026-07-17T22:00:46Z,local-admin
institution:a239b6e2cb8473ef,Nanjing University of Science and Technology,university,active,,Nanjing University of Science and Technology,2026-07-17T22:07:16Z,2026-07-17T22:07:16Z,local-admin
institution:a0aa144d9d2444cc,Princess Nourah bint Abdulrahman University,university,active,,Princess Nourah bint Abdulrahman University,2026-07-17T22:07:58Z,2026-07-17T22:07:58Z,local-admin
institution:141dbbea6bba3a37,Everest English Boarding Secondary School,other,active,,Everest English Boarding Secondary School,2026-07-17T22:11:45Z,2026-07-18T14:29:30Z,local-admin
institution:dbb7fb7fdd9bd486,Vishwakarma Institute of Technology,university,active,,Vishwakarma Institute of Technology,2026-07-17T23:01:41Z,2026-07-17T23:01:41Z,local-admin
institution:73df77aca515d21a,Merchants Union Consumer Finance Company,company,active,,Merchants Union Consumer Finance Company,2026-07-17T23:09:55Z,2026-07-17T23:09:55Z,local-admin
institution:17d17325e0e0dae2,Nanjing University of Aeronautics and Astronautics,university,active,,Nanjing University of Aeronautics and Astronautics,2026-07-17T23:21:28Z,2026-07-17T23:21:28Z,local-admin
institution:04c73587b47761ee,BASIS International School Nanjing,other,active,,BASIS International School Nanjing,2026-07-17T23:22:28Z,2026-07-18T14:29:30Z,local-admin
institution:40b8f4b8f6c89e51,Georgetown University,university,active,,Georgetown University,2026-07-17T23:22:44Z,2026-07-17T23:22:44Z,local-admin
institution:db049bef3a2d25e0,"Institute of Artificial Intelligence, Hefei Comprehensive National Science Center",research_unit,active,,"Institute of Artificial Intelligence, Hefei Comprehensive National Science Center",2026-07-17T23:30:06Z,2026-07-17T23:30:06Z,local-admin
institution:ff1a1bc95dbe91a8,Northeastern University,university,active,,self,2026-07-22T00:00:00Z,2026-07-22T00:00:00Z,local-admin
