paper_id,title,year,authors,venue,doi,arxiv_id,openalex_url,paper_url,publication_type,abstract,task,subtask,scope_status,source_database,metadata_source,curation_status,review_status,review_note,created_at,updated_at
curated:07ee620b8169b67b900f,Does a GAN leave distinct model-specific fingerprints?,2021,"Yuzhen Ding, Nupur Thakur, Baoxin Li",,10.5244/c.35.53,,https://openalex.org/W4411245244,https://doi.org/10.5244/c.35.53,article,,source_attribution,,in_scope,openalex,openalex,manually_confirmed,reviewed,,2026-06-29T18:24:40Z,2026-06-29T18:24:40Z
curated:853c7e2ae5f343438dd5,Did You Use My GAN to Generate Fake? Post-hoc Attribution of GAN Generated Images via Latent Recovery,2022,"Syou Hirofumi, Kazuto Fukuchi, Youhei Akimoto, Jun Sakuma",2022 International Joint Conference on Neural Networks (IJCNN),10.1109/ijcnn55064.2022.9892704,,https://openalex.org/W4312387978,https://doi.org/10.1109/ijcnn55064.2022.9892704,article,"This study proposes a method that enables attribution of GAN-generated images to the GAN model that generated the images. Existing attribution methods (e.g., model watermark) require preprossessing on the model before model publication to attain high attribution performance. This study proposes a post-hoc attribution method that does not require preprocessing before model publication. Our attribution method is designed based on the fact that latent recovery can attain better image recovery if images to be attributed are generated by the source model. Our experimental evaluation shows that our post-hoc attribution method attains almost the same attribution performance as existing methods that require preprocessing if more than five images are available for attribution.",source_attribution,,in_scope,openalex,openalex,manually_confirmed,reviewed,,2026-06-29T18:26:21Z,2026-06-29T18:26:21Z
curated:34fdf09ae334914a2723,ManiFPT: Defining and Analyzing Fingerprints of Generative Models,2024,"Hae Jin Song, Mahyar Khayatkhoei, Wael AbdAlmageed",,10.1109/cvpr52733.2024.01026,,https://openalex.org/W4402702998,https://doi.org/10.1109/cvpr52733.2024.01026,article,"Recent works have shown that generative models leave traces of their underlying generative process on the generated samples, broadly referred to as fingerprints of a generative model, and have studied their utility in detecting synthetic images from real ones. However, the extend to which these fingerprints can distinguish between various types of synthetic image and help identify the underlying generative process remain under-explored. In particular, the very definition of a fingerprint remains unclear, to our knowledge. To that end, in this work, we formalize the definition of artifact and fingerprint in generative models, propose an algorithm for computing them in practice, and finally study its effectiveness in distinguishing a large array of different generative models. We find that using our proposed definition can significantly improve the performance on the task of identifying the underlying generative process from samples (model attribution) compared to existing methods. Additionally, we study the structure of the fingerprints, and observe that it is very predictive of the effect of different design choices on the generative process.",source_attribution,,in_scope,openalex,openalex,manually_confirmed,reviewed,,2026-06-29T18:28:53Z,2026-06-29T18:28:53Z
curated:e058b4e851ac44180d82,Tiny Autoencoders are Effective Few-Shot Generative Model Detectors,2024,"Luca Bindini, Giulia Bertazzini, Daniele Baracchi, Dasara Shullani, Paolo Frasconi, Alessandro Piva",Florence Research (University of Florence),10.1109/wifs61860.2024.10810686,,https://openalex.org/W4405846636,https://doi.org/10.1109/wifs61860.2024.10810686,article,"The development of generative AI techniques such as Generative Adversarial Networks and Diffusion Models has made it accessible to create images, often extremely realistic, that do not represent reality. This capability has been exploited on multiple occasions by malicious actors to spread propaganda and fake news online. To trace the origin of generated content, the multimedia forensics community has developed techniques capable of identifying the specific model used to generate the content. However, these techniques often require access to the model in question or large quantities of images generated by it, two conditions that are frequently unattainable. In this paper, we show that tiny autoencoders can be effectively used as few-shot detectors capable of identifying a generative model using a small number of training images. Moreover, we show how this technique can be easily adapted in time to add new models to the attribution system, enabling its use in an incremental class scenario. Experiments demonstrate that the proposed technique is more effective than existing methods in all tested few-shot scenarios, proving its efficacy in situations where large training datasets are not available.",source_attribution,,in_scope,openalex,openalex,manually_confirmed,reviewed,,2026-06-29T18:29:21Z,2026-06-29T18:29:21Z
curated:8bc69db49ef4b9db3cd6,Are CLIP Features All You Need for Universal Synthetic Image Origin Attribution?,2025,"Dario Cioni, Christos Tzelepis, Lorenzo Seidenari, Ioannis Patras",Lecture notes in computer science,10.1007/978-3-031-92648-8_22,,https://openalex.org/W4410889859,https://doi.org/10.1007/978-3-031-92648-8_22,book-chapter,,source_attribution,,in_scope,openalex,openalex,manually_confirmed,reviewed,,2026-06-29T18:29:49Z,2026-06-29T18:29:49Z
curated:ce200a9a7aa3dee36fc7,FIDAVL: Fake Image Detection and Attribution Using Vision-Language Model,2024,"Mamadou Keïta, Wassim Hamidouche, Hessen Bougueffa Eutamene, Abdelmalik Taleb‐Ahmed, Abdenour Hadid",Lecture notes in computer science,10.1007/978-3-031-78305-0_11,,https://openalex.org/W4404943083,https://doi.org/10.1007/978-3-031-78305-0_11,book-chapter,,detection_and_source_attribution,,in_scope,openalex,openalex,manually_confirmed,reviewed,,2026-06-29T18:30:09Z,2026-06-29T18:30:09Z
curated:66ea5be66b23f7db046a,人工智能生成图像检测技术综述,2026,"Li Meiling, Qian Zhenxing, Zhang Xinpeng",Journal of Image and Graphics,10.11834/jig.250053,,https://openalex.org/W7124700339,https://doi.org/10.11834/jig.250053,survey,人工智能生成图像检测旨在判断图像是否由生成模型生成，是人工智能安全与治理领域一个重要研究方向。然而当前生成图像检测方法因生成模型结构的多样性、生成图像的复杂性以及对生成图像后处理操作的不确定性难以实现高效和鲁棒检测。早期的检测方法重点关注对生成对抗网络生成内容的检测。近年来，扩散模型生成图像的检测受到广泛关注，与之相关的检测方法涌现，并表现出优越性能。因此，首先对近年来的主流图像生成模型进行梳理，然后从监督范式、学习方式、检测依据、骨干网络、技术手段和可解释性多种维度对现有生成图像检测方法进行分类，并以检测依据（像素域特征、频域特征、预训练模型特征、融合特征和特定规则）作为主要划分标准，对各类研究工作的基本思想与特点进行详细阐述与综合分析。此外，列举了当前用于通用生成图像检测的基准数据集，从数据集结构和规模等方面进行综合比较，并对面向检测方法的综合评测基准进行汇总。关于评估维度，从域内准确性、域外泛化性和鲁棒性3个层面进行介绍。之后，对代表性检测方法进行横向比较，就检测结果进行分析。最后，对当前生成图像检测领域待解决的问题进行总结，并对未来的研究方向进行展望。,detection,,in_scope,openalex,openalex,manually_confirmed,reviewed,,2026-06-29T18:30:44Z,2026-06-29T18:30:44Z
curated:b65aca5f04f1f41ad725,How to Trace Latent Generative Model Generated Images without Artificial Watermark?,2024,"Zhenting Wang, Vikash Sehwag, Chen Chen, Lingjuan Lyu, Dimitris Metaxas, Shiqing Ma",arXiv (Cornell University),10.48550/arxiv.2405.13360,2405.13360,https://openalex.org/W4398795245,http://arxiv.org/abs/2405.13360,preprint,"Latent generative models (e.g., Stable Diffusion) have become more and more popular, but concerns have arisen regarding potential misuse related to images generated by these models. It is, therefore, necessary to analyze the origin of images by inferring if a particular image was generated by a specific latent generative model. Most existing methods (e.g., image watermark and model fingerprinting) require extra steps during training or generation. These requirements restrict their usage on the generated images without such extra operations, and the extra required operations might compromise the quality of the generated images. In this work, we ask whether it is possible to effectively and efficiently trace the images generated by a specific latent generative model without the aforementioned requirements. To study this problem, we design a latent inversion based method called LatentTracer to trace the generated images of the inspected model by checking if the examined images can be well-reconstructed with an inverted latent input. We leverage gradient based latent inversion and identify a encoder-based initialization critical to the success of our approach. Our experiments on the state-of-the-art latent generative models, such as Stable Diffusion, show that our method can distinguish the images generated by the inspected model and other images with a high accuracy and efficiency. Our findings suggest the intriguing possibility that today's latent generative generated images are naturally watermarked by the decoder used in the source models. Code: https://github.com/ZhentingWang/LatentTracer.",source_attribution,,in_scope,openalex,openalex,manually_confirmed,reviewed,,2026-06-29T18:31:12Z,2026-06-29T18:31:12Z
curated:62b0a9ae8be24d9f02e0,Single-Model Attribution of Generative Models Through Final-Layer Inversion,2023,"Mike Laszkiewicz, Jonas Ricker, Johannes Lederer, Asja Fischer",arXiv (Cornell University),10.48550/arxiv.2306.06210,2306.06210,https://openalex.org/W4380551225,http://arxiv.org/abs/2306.06210,preprint,"Recent breakthroughs in generative modeling have sparked interest in practical single-model attribution. Such methods predict whether a sample was generated by a specific generator or not, for instance, to prove intellectual property theft. However, previous works are either limited to the closed-world setting or require undesirable changes to the generative model. We address these shortcomings by, first, viewing single-model attribution through the lens of anomaly detection. Arising from this change of perspective, we propose FLIPAD, a new approach for single-model attribution in the open-world setting based on final-layer inversion and anomaly detection. We show that the utilized final-layer inversion can be reduced to a convex lasso optimization problem, making our approach theoretically sound and computationally efficient. The theoretical findings are accompanied by an experimental study demonstrating the effectiveness of our approach and its flexibility to various domains.",source_attribution,,in_scope,openalex,openalex,manually_confirmed,reviewed,,2026-06-29T18:31:31Z,2026-06-29T18:31:31Z
curated:af47c4b83dfd43175a4a,Attributing and Detecting Fake Images Generated by Known GANs,2020,"Matthew Joslin, Shuang Hao",,10.1109/spw50608.2020.00019,,https://openalex.org/W3117441857,https://doi.org/10.1109/spw50608.2020.00019,article,"The quality of GAN-generated fake images has improved significantly, and recent GAN approaches, such as StyleGAN, achieve near indistinguishability from real images for the naked eye. As a result, adversaries are attracted to using GAN-generated fake images for disinformation campaigns and fraud on social networks. However, training an image generation network to produce realistic-looking samples remains a time-consuming and difficult problem, so adversaries are more likely to use published GAN models to generate fake images. In this paper, we analyze the frequency domain to attribute and detect fake images generated by a known GAN model. We derive a similarity metric on the frequency domain and develop a new approach for GAN image attribution. We conduct experiments on four trained GAN models and two real image datasets. Our results show high attribution accuracy against real images and those from other GAN models. We further analyze our method under evasion attempts and find the frequency-based approach is comparatively robust. In this paper, we analyze the frequency domain to attribute and detect fake images generated by a known GAN model. We derive a similarity metric on the frequency domain and develop a new approach for GAN image attribution. We conduct experiments on four trained GAN models and two real image datasets. Our results show high attribution accuracy against real images and those from other GAN models. We further analyze our method under evasion attempts and find the frequency-based approach is comparatively robust.",source_attribution,,in_scope,openalex,openalex,manually_confirmed,reviewed,,2026-06-29T18:31:52Z,2026-06-29T18:31:52Z
curated:98c0322e2f8dd41d3e9e,Which Model Generated This Image? A Model-Agnostic Approach for Origin Attribution,2024,"Fengyuan Liu, Haochen Luo, Yiming Li, Philip Torr, Jindong Gu",Lecture notes in computer science,10.1007/978-3-031-73033-7_16,,https://openalex.org/W4403906547,https://doi.org/10.1007/978-3-031-73033-7_16,article,,source_attribution,,in_scope,openalex,openalex,manually_confirmed,reviewed,,2026-06-29T18:32:44Z,2026-06-29T18:32:44Z
curated:0849228c52c5759845c2,FreqCross: A Multi-Modal Frequency-Spatial Fusion Network for Robust Detection of Stable Diffusion 3.5 Generated Images,2025,Guang Yang,ArXiv.org,10.48550/arxiv.2507.02995,2507.02995,https://openalex.org/W4415162360,http://arxiv.org/abs/2507.02995,preprint,"The rapid advancement of diffusion models, particularly Stable Diffusion 3.5, has enabled the generation of highly photorealistic synthetic images that pose significant challenges to existing detection methods. This paper presents FreqCross, a novel multi-modal fusion network that combines spatial RGB features, frequency domain artifacts, and radial energy distribution patterns to achieve robust detection of AI-generated images. Our approach leverages a three-branch architecture: (1) a ResNet-18 backbone for spatial feature extraction, (2) a lightweight CNN for processing 2D FFT magnitude spectra, and (3) a multi-layer perceptron for analyzing radial energy profiles. We introduce a novel radial energy distribution analysis that captures characteristic frequency artifacts inherent in diffusion-generated images, and fuse it with spatial and spectral cues via simple feature concatenation followed by a compact classification head. Extensive experiments on a dataset of 10,000 paired real (MS-COCO) and synthetic (Stable Diffusion 3.5) images demonstrate that FreqCross achieves 97.8\% accuracy, outperforming state-of-the-art baselines by 5.2\%. The frequency analysis further reveals that synthetic images exhibit distinct spectral signatures in the 0.1--0.4 normalised frequency range, providing theoretical foundation for our approach. Code and pre-trained models are publicly available to facilitate reproducible research.",uncertain,,in_scope,openalex,openalex,manually_confirmed,reviewed,,2026-06-29T18:33:27Z,2026-06-29T18:33:27Z
curated:87ef976b546206fde199,"DistilDIRE: A Small, Fast, Cheap and Lightweight Diffusion Synthesized Deepfake Detection",2024,"Yewon Lim, Changyeon Lee, Aerin Kim, Oren Etzioni",arXiv (Cornell University),10.48550/arxiv.2406.00856,2406.00856,https://openalex.org/W4399399328,http://arxiv.org/abs/2406.00856,preprint,"A dramatic influx of diffusion-generated images has marked recent years, posing unique challenges to current detection technologies. While the task of identifying these images falls under binary classification, a seemingly straightforward category, the computational load is significant when employing the ""reconstruction then compare"" technique. This approach, known as DIRE (Diffusion Reconstruction Error), not only identifies diffusion-generated images but also detects those produced by GANs, highlighting the technique's broad applicability. To address the computational challenges and improve efficiency, we propose distilling the knowledge embedded in diffusion models to develop rapid deepfake detection models. Our approach, aimed at creating a small, fast, cheap, and lightweight diffusion synthesized deepfake detector, maintains robust performance while significantly reducing operational demands. Maintaining performance, our experimental results indicate an inference speed 3.2 times faster than the existing DIRE framework. This advance not only enhances the practicality of deploying these systems in real-world settings but also paves the way for future research endeavors that seek to leverage diffusion model knowledge.",detection,,in_scope,openalex,openalex,manually_confirmed,reviewed,,2026-06-29T18:33:45Z,2026-06-29T18:33:45Z
curated:b286f4a33839eed35258,Shadows Don't Lie and Lines Can't Bend! Generative Models Don't know Projective Geometry…for Now,2024,"Ayush Sarkar, Hanlin Mai, Amitabh Mahapatra, Svetlana Lazebnik, David Forsyth, Anand Bhattad",,10.1109/cvpr52733.2024.02658,,https://openalex.org/W4402754249,https://doi.org/10.1109/cvpr52733.2024.02658,article,"Generative models can produce impressively realistic images. This paper demonstrates that generated images have geometric features different from those of real images. We build a set of collections of generated images, prequalified to fool simple, signal-based classifiers into believing they are real. We then show that prequalified generated images can be identified reliably by classifiers that only look at geometric properties. We use three such classifiers. All three classifiers are denied access to image pixels, and look only at derived geometric features. The first classifier looks at the perspective field of the image, the second looks at lines detected in the image, and the third looks at relations between detected objects and shadows. Our procedure detects generated images more reliably than SOTA local signal based detectors, for images from a number of distinct generators. Saliency maps suggest that the classifiers can identify geometric problems reliably. We conclude that current generators cannot reliably reproduce geometric properties of real images.",detection,,in_scope,openalex,openalex,manually_confirmed,reviewed,,2026-06-29T18:35:11Z,2026-06-29T18:35:11Z
curated:1eef07ebb6bd7e596f61,FakeInversion: Learning to Detect Images from Unseen Text-to-Image Models by Inverting Stable Diffusion,2024,"George Cazenavette, Avneesh Sud, Thomas Leung, Ben Usman",,10.1109/cvpr52733.2024.01023,,https://openalex.org/W4402726899,https://doi.org/10.1109/cvpr52733.2024.01023,article,"Due to the high potential for abuse of GenAl systems, the task of detecting synthetic images has recently become of great interest to the research community. Unfortunately, ex-isting image-space detectors quickly become obsolete as new high-fidelity text-to-image models are developed at blinding speed. In this work, we propose a new synthetic image detector that uses features obtained by inverting an open-source pre-trained Stable Diffusion model. We show that these inversion features enable our detector to generalize well to unseen generators of high visual fidelity (e.g., DALL.E 3) even when the detector is trained only on lower fidelity fake images generated via Stable Diffusion. This detector achieves new state-of-the-art across multiple training and evaluation se-tups. Moreover, we introduce a new challenging evaluation protocol that uses reverse image search to mitigate stylistic and thematic biases in the detector evaluation. We show that the resulting evaluation scores align well with detectors' in-the-wild performance, and release these datasets as public benchmarks for future research.",detection,,in_scope,openalex,openalex,manually_confirmed,reviewed,,2026-06-29T18:35:43Z,2026-06-29T18:35:43Z
curated:a0abee05e50398d03f2f,AEROBLADE: Training-Free Detection of Latent Diffusion Images Using Autoencoder Reconstruction Error,2024,"Jonas Ricker, Denis Lukovnikov, Asja Fischer",,10.1109/cvpr52733.2024.00872,,https://openalex.org/W4402716434,https://doi.org/10.1109/cvpr52733.2024.00872,article,"With recent text-to-image models, anyone can generate deceptively realistic images with arbitrary contents, fueling the growing threat of visual disinformation. A key enabler for generating high-resolution images with low com-putational cost has been the development of latent diffusion models (LDMs). In contrast to conventional diffusion models, LDMs perform the denoising process in the low-dimensional latent space of a pretrained autoencoder (AE) instead of the high-dimensional image space. Despite their relevance, the forensic analysis of LDMs is still in its infancy. In this work we propose AEROBLADE, a novel detection method which exploits an inherent component of LDMs: the AE used to transform images between image and latent space. We find that generated images can be more accurately reconstructed by the AE than real images, allowing for a simple detection approach based on the reconstruction error. Most importantly, our method is easy to imple-ment and does not require any training, yet nearly matches the performance of detectors that rely on extensive training. We empirically demonstrate that AEROBLADE is effective against state-of-the-art LDMs, including Stable Diffusion and Midjourney. Beyond detection, our approach allows for the qualitative analysis of images, which can be leveraged for identifying inpainted regions. We release our code and data at https://github.com/jonasricker/aeroblade.",detection,,in_scope,openalex,openalex,manually_confirmed,reviewed,,2026-06-29T18:35:59Z,2026-06-29T18:35:59Z
curated:f523af1f7fe7b16fda75,MaskSim: Detection of synthetic images by masked spectrum similarity analysis,2024,"Yanhao Li, Quentin Bammey, Marina Gardella, Tina Nikoukhah, Jean‐Michel Morel, Miguel Colom, Rafael Grompone von Gioi",Zenodo (CERN European Organization for Nuclear Research),10.1109/cvprw63382.2024.00390,,https://openalex.org/W4402916521,https://doi.org/10.1109/cvprw63382.2024.00390,article,"Synthetic image generation methods have recently revolutionized the way in which visual content is created. This opens up creative opportunities but also presents challenges in preventing misinformation and crime. However, these methods leave traces in the Fourier spectrum that are invisible to humans, but can be detected by specialized tools. This paper describes a semi-white-box method for detecting synthetic images by revealing anomalous patterns in the spectral domain. Specifically, we train a mask to enhance the most discriminative frequencies and simultaneously train a reference pattern that resembles the patterns produced by a given generative method. The proposed method produces explainable results with state-of-the-art performances and highlights cues that can be used as forensic evidence. Code is available at https://github.com/li-yanhao/masksim.",detection,,in_scope,openalex,openalex,manually_confirmed,reviewed,,2026-06-29T18:36:29Z,2026-06-29T18:36:29Z
curated:25c76f83f95efc6207a4,Faster Than Lies: Real-time Deepfake Detection using Binary Neural Networks,2024,"Romeo Lanzino, Federico Fontana, Anxhelo Diko, Marco Raoul Marini, Luigi Cinque",IRIS Research product catalog (Sapienza University of Rome),10.1109/cvprw63382.2024.00381,,https://openalex.org/W4402916679,https://doi.org/10.1109/cvprw63382.2024.00381,article,"Deepfake detection aims to contrast the spread of deep-generated media that undermines trust in online content. While existing methods focus on large and complex models, the need for real-time detection demands greater efficiency. With this in mind, unlike previous work, we introduce a novel deepfake detection approach on images using Binary Neural Networks (BNNs) for fast inference with minimal accuracy loss. Moreover, our method incorporates Fast Fourier Transform (FFT) and Local Binary Pattern (LBP) as additional channel features to uncover manipulation traces in frequency and texture domains. Evaluations on COCOFake, DFFD, and CIFAKE datasets demonstrate our method’s state-of-the-art performance in most scenarios with a significant efficiency gain of up to a 20× reduction in FLOPs during inference. Finally, by exploring BNNs in deepfake detection to balance accuracy and efficiency, this work paves the way for future research on efficient deepfake detection.",detection,,in_scope,openalex,openalex,manually_confirmed,reviewed,,2026-06-29T18:36:53Z,2026-06-29T18:36:53Z
curated:f7cba2387b8a4131cc7b,Frequency-Aware Deepfake Detection: Improving Generalizability through Frequency Space Domain Learning,2024,"Chuangchuang Tan, Yao Zhao, Shikui Wei, Guanghua Gu, Ping Liu, Yunchao Wei",Proceedings of the AAAI Conference on Artificial Intelligence,10.1609/aaai.v38i5.28310,,https://openalex.org/W4393154086,https://doi.org/10.1609/aaai.v38i5.28310,article,"This research addresses the challenge of developing a universal deepfake detector that can effectively identify unseen deepfake images despite limited training data. Existing frequency-based paradigms have relied on frequency-level artifacts introduced during the up-sampling in GAN pipelines to detect forgeries. However, the rapid advancements in synthesis technology have led to specific artifacts for each generation model. Consequently, these detectors have exhibited a lack of proficiency in learning the frequency domain and tend to overfit to the artifacts present in the training data, leading to suboptimal performance on unseen sources. To address this issue, we introduce a novel frequency-aware approach called FreqNet, centered around frequency domain learning, specifically designed to enhance the generalizability of deepfake detectors. Our method forces the detector to continuously focus on high-frequency information, exploiting high-frequency representation of features across spatial and channel dimensions. Additionally, we incorporate a straightforward frequency domain learning module to learn source-agnostic features. It involves convolutional layers applied to both the phase spectrum and amplitude spectrum between the Fast Fourier Transform (FFT) and Inverse Fast Fourier Transform (iFFT). Extensive experimentation involving 17 GANs demonstrates the effectiveness of our proposed method, showcasing state-of-the-art performance (+9.8\%) while requiring fewer parameters. The code is available at https://github.com/chuangchuangtan/FreqNet-DeepfakeDetection.",detection,,in_scope,openalex,openalex,manually_confirmed,reviewed,,2026-06-29T18:37:11Z,2026-06-29T18:37:11Z
curated:096573f365e37679c445,Contrasting Deepfakes Diffusion via Contrastive Learning and Global-Local Similarities,2024,"Lorenzo Baraldi, Federico Cocchi, Marcella Cornia, Lorenzo Baraldi, Alessandro Nicolosi, Rita Cucchiara",Lecture notes in computer science,10.1007/978-3-031-73036-8_12,,https://openalex.org/W4404545428,https://doi.org/10.1007/978-3-031-73036-8_12,article,,detection,,in_scope,openalex,openalex,manually_confirmed,reviewed,,2026-06-29T18:39:36Z,2026-06-29T18:39:36Z
curated:a6f370defb21b2e07381,Your Diffusion Model is an Implicit Synthetic Image Detector,2025,"Xi Wang, Vicky Kalogeiton",Lecture notes in computer science,10.1007/978-3-031-92648-8_25,,https://openalex.org/W4403147633,https://doi.org/10.1007/978-3-031-92648-8_25,article,,detection,,in_scope,openalex,openalex,manually_confirmed,reviewed,,2026-06-29T18:40:05Z,2026-06-29T18:40:05Z
curated:a87d86d7032f5a751004,ZeroFake: Zero-Shot Detection of Fake Images Generated and Edited by Text-to-Image Generation Models,2024,"Zeyang Sha, Yicong Tan, Mingjie Li, Michael Backes, Yang Zhang",Figshare,10.1145/3658644.3690297,,https://openalex.org/W4405183175,https://doi.org/10.1145/3658644.3690297,article,"The text-to-image generation model has attracted significant interest from both academic and industrial communities. These models can generate the images based on the given prompt descriptions. Their potent capabilities, while beneficial, also present risks. Previous efforts relied on the approach of training binary classifiers to detect the generated fake images, which is inefficient, lacking in generalizability, and non-robust. In this paper, we propose the novel zero-shot detection method, called ZeroFake, to distinguish fake images apart from real ones by utilizing a perturbation-based DDIM inversion technique. ZeroFake is inspired by the findings that fake images are more robust than real images during the process of DDIM inversion and reconstruction. Specifically, for a given image, ZeroFake first generates noise with DDIM inversion guided by adversary prompts. Then, ZeroFake reconstructs the image from the generated noise. Subsequently, it compares the reconstructed image with the original image to determine whether it is fake or real. By exploiting the differential response of fake and real images to the adversary prompts during the inversion and reconstruction process, our model offers a more robust and efficient method to detect fake images without the extensive data and training costs. Extensive results demonstrate that the proposed ZeroFake can achieve great performance in fake image detection, fake artwork detection, and fake edited image detection. We further illustrate the robustness of the proposed ZeroFake by showcasing its resilience against potential adversary attacks. We hope that our solution can better assist the community in achieving the arrival of a more efficient and fair AGI.",detection,,in_scope,openalex,openalex,manually_confirmed,reviewed,,2026-06-29T18:40:37Z,2026-06-29T18:40:37Z
curated:d740749676417c725798,D4: Detection of Adversarial Diffusion Deepfakes Using Disjoint Ensembles,2024,"Ashish Hooda, Neal Mangaokar, Ryan Feng, Kassem Fawaz, Somesh Jha, Atul Prakash",,10.1109/wacv57701.2024.00377,,https://openalex.org/W4394592995,https://doi.org/10.1109/wacv57701.2024.00377,article,"Detecting diffusion-generated deepfake images remains an open problem. Current detection methods fail against an adversary who adds imperceptible adversarial perturbations to the deepfake to evade detection. In this work, we propose Disjoint Diffusion Deepfake Detection (D4), a deepfake detector designed to improve black-box adversarial robustness beyond de facto solutions such as adversarial training. D4 uses an ensemble of models over disjoint subsets of the frequency spectrum to significantly improve adversarial robustness. Our key insight is to leverage a redundancy in the frequency domain and apply a saliency partitioning technique to disjointly distribute frequency components across multiple models. We formally prove that these disjoint ensembles lead to a reduction in the dimensionality of the input subspace where adversarial deepfakes lie, thereby making adversarial deepfakes harder to find for black-box attacks. We then empirically validate the D4 method against several black-box attacks and find that D4 significantly outperforms existing state-of-the-art defenses applied to diffusion-generated deepfake detection. We also demonstrate that D4 provides robustness against adversarial deepfakes from unseen data distributions as well as unseen generative techniques.",detection,,in_scope,openalex,openalex,manually_confirmed,reviewed,,2026-06-29T18:41:40Z,2026-06-29T18:41:40Z
curated:253c210194ac9348f9e6,CLIPping the Deception: Adapting Vision-Language Models for Universal Deepfake Detection,2024,"Sohail Ahmed Khan, Duc‐Tien Dang‐Nguyen",,10.1145/3652583.3658035,,https://openalex.org/W4399418483,https://doi.org/10.1145/3652583.3658035,article,"The recent advancements in Generative Adversarial Networks (GANs) and the emergence of Diffusion models have significantly streamlined the production of highly realistic and widely accessible synthetic content. As a result, there is a pressing need for effective general purpose detection mechanisms to mitigate the potential risks posed by deepfakes. In this paper, we explore the effectiveness of pre-trained vision-language models (VLMs) when paired with recent adaptation methods for universal deepfake detection. Following previous studies in this domain, we employ only a single dataset (ProGAN) in order to adapt CLIP for deepfake detection. However, in contrast to prior research, which rely solely on the visual part of CLIP while ignoring its textual component, our analysis reveals that retaining the text part is crucial. Consequently, the simple and lightweight Prompt Tuning based adaptation strategy that we employ outperforms the previous SOTA approach by 5.01% mAP and 6.61% accuracy while utilizing less than one third of the training data (200k images as compared to 720k). To assess the real-world applicability of our proposed models, we conduct a comprehensive evaluation across various scenarios. This involves rigorous testing on images sourced from 21 distinct datasets, including those generated by GANs-based, diffusion-based and commercial tools. Code and pre-trained models: https://github.com/sohailahmedkhan/CLIPping-the-Deception",detection,,in_scope,openalex,openalex,manually_confirmed,reviewed,,2026-06-29T18:41:58Z,2026-06-29T18:41:58Z
curated:c9485f4d5346304272f2,Frequency Masking for Universal Deepfake Detection,2024,"Chandler Timm C. Doloriel, Ngai‐Man Cheung",,10.1109/icassp48485.2024.10446290,2401.06506,https://openalex.org/W4392904043,https://doi.org/10.1109/icassp48485.2024.10446290,article,"We study universal deepfake detection. Our goal is to detect synthetic images from a range of generative AI approaches, particularly from emerging ones which are unseen during training of the deepfake detector. Universal deepfake detection requires outstanding generalization capability. Motivated by recently proposed masked image modeling which has demonstrated excellent generalization in self-supervised pre-training, we make the first attempt to explore masked image modeling for universal deepfake detection. We study spatial and frequency domain masking in training deepfake detectors. Based on empirical analysis, we propose a novel deepfake detector via frequency masking. Our focus on frequency domain is different from the majority, which primarily target spatial domain detection. Our comparative analyses reveal substantial performance gains over existing methods. Code and models are publicly available <sup xmlns:mml=""http://www.w3.org/1998/Math/MathML"" xmlns:xlink=""http://www.w3.org/1999/xlink"">1</sup> .",detection,,in_scope,openalex,openalex,manually_confirmed,reviewed,,2026-06-29T18:42:56Z,2026-06-29T18:42:56Z
curated:8603d8942c241dd876ed,On the Exploitation of DCT-Traces in the Generative-AI Domain,2024,"Orazio Pontorno, Luca Guarnera, Sebastiano Battiato",,10.1109/icip51287.2024.10648013,,https://openalex.org/W4402915445,https://doi.org/10.1109/icip51287.2024.10648013,article,"Deepfakes represent one of the toughest challenges in the world of Cybersecurity and Digital Forensics, especially considering the high-quality results obtained with recent generative AI-based solutions. Almost all generative models leave unique traces in synthetic data that, if analyzed and identified in detail, can be exploited to improve the generalization limitations of existing deepfake detectors. In this paper we analyzed deepfake images in the frequency domain generated by both GAN and Diffusion Model engines, examining in detail the underlying statistical distribution of Discrete Cosine Transform (DCT) coefficients. Recognizing that not all coefficients contribute equally to image detection, we hypothesize the existence of a unique “discriminative fingerprint”, embedded in specific combinations of coefficients. To identify them, Machine Learning classifiers were trained on various combinations of coefficients. In addition, the Explainable AI (XAI) LIME algorithm was used to search for intrinsic discriminative combinations of coefficients. Finally, we performed a robustness test to analyze the persistence of traces by applying JPEG compression. The experimental results reveal the existence of traces left by the generative models that are more discriminative and persistent at JPEG attacks. Code and dataset are available at github/opontorno/dcts_analysis_deepfakes.",detection,,in_scope,openalex,openalex,manually_confirmed,reviewed,,2026-06-29T18:43:42Z,2026-06-29T18:43:42Z
curated:19c7b91816312d2877c9,Did You Note My Palette? Unveiling Synthetic Images Through Color Statistics,2024,"Lea Uhlenbrock, Davide Cozzolino, Denise Moussa, Luisa Verdoliva, Christian Rieß",,10.1145/3658664.3659652,,https://openalex.org/W4399556631,https://doi.org/10.1145/3658664.3659652,article,"High-quality artificially generated images are widely available now and increasingly realistic, posing challenges for image forensics in distinguishing them from real ones. Unfortunately, building a single detector that generalizes well to unseen generators is very difficult, creating the need for diverse cues. In this paper, we show that natural and synthetic images differ in their color statistics, possibly due to the widely used perceptual loss, which is more sensitive to brightness than to chroma differences. Consequently, color statistics offer valuable cues for forensic analysis and the development of robust detectors. Our experiments using simple hand-crafted color functions with a random forest achieve 91% accuracy averaged over all tested Diffusion Models, even with limited training samples.",detection,,in_scope,openalex,openalex,manually_confirmed,reviewed,,2026-06-29T18:45:42Z,2026-06-29T18:45:42Z
curated:ef5f9b419eef35c5c255,Where's the liability in the Generative Era? Recovery-based Black-Box Detection of AI-Generated Content,2025,"Haoyue Bai, Yiyou Sun, Wei Cheng, Haifeng Chen",ArXiv.org,10.48550/arxiv.2505.01008,2505.01008,https://openalex.org/W4414769856,http://arxiv.org/abs/2505.01008,preprint,"The recent proliferation of photorealistic images created by generative models has sparked both excitement and concern, as these images are increasingly indistinguishable from real ones to the human eye. While offering new creative and commercial possibilities, the potential for misuse, such as in misinformation and fraud, highlights the need for effective detection methods. Current detection approaches often rely on access to model weights or require extensive collections of real image datasets, limiting their scalability and practical application in real world scenarios. In this work, we introduce a novel black box detection framework that requires only API access, sidestepping the need for model weights or large auxiliary datasets. Our approach leverages a corrupt and recover strategy: by masking part of an image and assessing the model ability to reconstruct it, we measure the likelihood that the image was generated by the model itself. For black-box models that do not support masked image inputs, we incorporate a cost efficient surrogate model trained to align with the target model distribution, enhancing detection capability. Our framework demonstrates strong performance, outperforming baseline methods by 4.31% in mean average precision across eight diffusion model variant datasets.",detection,,in_scope,openalex,openalex,manually_confirmed,reviewed,,2026-06-29T18:49:48Z,2026-06-29T18:49:48Z
curated:c6bfe8f5199d1d8beb29,Adaptive Test-Time Semantic Debiasing for AI-Generated Image Detection,2025,"Yu Cai, Jiahe Tian, Xiaoqin Fu, Jiao Dai, Jizhong Han, Siwei Lyu",,10.1109/iccvw69036.2025.00165,,https://openalex.org/W7131078162,https://doi.org/10.1109/iccvw69036.2025.00165,article,"AI-generated image detectors have historically concentrated on generalization across generative models, often overlooking the critical challenge of cross-semantic generalizability. This limitation constrains the adaptability of detectors to new semantic content in real-world settings. We propose Adaptive Test-Time Semantic Debiasing (ATTSD), a zero-shot approach that utilizes the visual-semantic space of large pretrained vision-language models to dynamically align feature representations during testing-without requiring additional training data or annotations. To further enhance adaptability, we introduce Semantic-Suppression for hard sample mining, adjusting the degree of semantic debiasing for each sample based on Fourier transform properties. To assess cross-semantic generalizability, we present the Cross-Semantic AI-generated Image Detection dataset (CSAIID), a benchmark comprising diverse semantic categories reflective of real-world complexities. Extensive experiments show that ATTSD achieves state-of-the-art performance, particularly excelling in cross-semantic scenarios, positioning it as a promising solution for detecting evolving AI-generated content. The CSAIID dataset is pub-licly available here.",detection,,in_scope,openalex,openalex,manually_confirmed,reviewed,,2026-06-29T18:50:22Z,2026-06-29T18:50:22Z
curated:47b576be1ed7e2a6bfed,"Fully AI-Generated Image Detection: Definition, Recent Advances and Challenges",2025,"Qijie Xu, Defang Chen, Jiawei Chen, Siwei Lyu, Can Wang",ArXiv.org,10.48550/arxiv.2502.19716,2502.19716,https://openalex.org/W4416149370,http://arxiv.org/abs/2502.19716,survey,"Recent advances in visual generative models have enabled the creation of highly realistic, fully AI-generated images without relying on real source content. While beneficial for many applications, these models also pose significant societal risks, as they can be easily exploited to produce convincing Deepfakes. Detecting them represents a foundational yet challenging problem in AI media forensics, requiring detectors to reliably extract the inherent artifacts imprinted by generative architectures. In this Review, we provide a systematic overview of fully AI-generated image detection. Following the standard detector design pipeline, we focus on two key components: dataset construction and artifact extraction. We analyze how dataset design influences the generalization and robustness of learned artifacts, and categorize existing artifact extraction methods based on the primary inductive priors leveraged to isolate artifacts. Within this framework, we systematically review existing works. Finally, we highlight open problems and envision several future directions for developing more robust and generalizable detectors. Reviewed works in this survey can be found at https://github.com/zju-pi/Awesome-Fully-AI-Generated-Image-Detection.",detection,,in_scope,openalex,openalex,manually_confirmed,reviewed,,2026-06-29T18:52:00Z,2026-06-29T18:52:00Z
curated:3110ea827546b2fd78ff,"Your AI-Generated Image Detector Can Secretly Achieve SOTA Accuracy, If Calibrated",2026,"Muli Yang, Gabriel James Goenawan, Henan Wang, Huaiyuan Qin, Chenghao Xu, Yanhua Yang, Fen Fang, Ying Sun, Joo Hwee Lim, Hongyuan Zhu",Proceedings of the AAAI Conference on Artificial Intelligence,10.1609/aaai.v40i14.38146,,https://openalex.org/W7138134961,https://doi.org/10.1609/aaai.v40i14.38146,article,"Despite being trained on balanced datasets, existing AI-generated image detectors often exhibit systematic bias at test time, frequently misclassifying fake images as real. We hypothesize that this behavior stems from distributional shift in fake samples and implicit priors learned during training. Specifically, models tend to overfit to superficial artifacts that do not generalize well across different generation methods, leading to a misaligned decision threshold when faced with test-time distribution shift. To address this, we propose a theoretically grounded post-hoc calibration framework based on Bayesian decision theory. In particular, we introduce a learnable scalar correction to the model’s logits, optimized on a small validation set from the target distribution while keeping the backbone frozen. This parametric adjustment compensates for distributional shift in model output, realigning the decision boundary even without requiring ground-truth labels. Experiments on challenging benchmarks show that our approach significantly improves robustness without retraining, offering a lightweight and principled solution for reliable and adaptive AI-generated image detection in the open world.",detection,,in_scope,openalex,openalex,manually_confirmed,reviewed,,2026-06-29T18:52:19Z,2026-06-29T18:52:19Z
curated:1f9d168cc6c4c445a231,Orthogonal Subspace Decomposition for Generalizable AI-Generated Image Detection,2024,"Zhiyuan Yan, Jiangming Wang, Peng Jin, Ke-Yue Zhang, Liu, Chengchun, Chen Shen, Taiping Yao, Shouhong Ding, Baoyuan Wu, Yuan Li",arXiv (Cornell University),10.48550/arxiv.2411.15633,2411.15633,https://openalex.org/W4404986693,http://arxiv.org/abs/2411.15633,preprint,"AI-generated images (AIGIs), such as natural or face images, have become increasingly important yet challenging. In this paper, we start from a new perspective to excavate the reason behind the failure generalization in AIGI detection, named the \textit{asymmetry phenomenon}, where a naively trained detector tends to favor overfitting to the limited and monotonous fake patterns, causing the feature space to become highly constrained and low-ranked, which is proved seriously limiting the expressivity and generalization. One potential remedy is incorporating the pre-trained knowledge within the vision foundation models (higher-ranked) to expand the feature space, alleviating the model's overfitting to fake. To this end, we employ Singular Value Decomposition (SVD) to decompose the original feature space into \textit{two orthogonal subspaces}. By freezing the principal components and adapting only the remained components, we preserve the pre-trained knowledge while learning fake patterns. Compared to existing full-parameters and LoRA-based tuning methods, we explicitly ensure orthogonality, enabling the higher rank of the whole feature space, effectively minimizing overfitting and enhancing generalization. We finally identify a crucial insight: our method implicitly learns \textit{a vital prior that fakes are actually derived from the real}, indicating a hierarchical relationship rather than independence. Modeling this prior, we believe, is essential for achieving superior generalization. Our codes are publicly available at \href{https://github.com/YZY-stack/Effort-AIGI-Detection}{GitHub}.",detection,,in_scope,openalex,openalex,manually_confirmed,reviewed,,2026-06-29T18:52:54Z,2026-06-29T18:52:54Z
curated:d040be3d1fb83a51311e,Stay-Positive: A Case for Ignoring Real Image Features in Fake Image Detection,2025,"Anirudh Sundara Rajan, Yong‐Jae Lee",ArXiv.org,10.48550/arxiv.2502.07778,2502.07778,https://openalex.org/W4407425880,http://arxiv.org/abs/2502.07778,preprint,"Detecting AI generated images is a challenging yet essential task. A primary difficulty arises from the detectors tendency to rely on spurious patterns, such as compression artifacts, which can influence its decisions. These issues often stem from specific patterns that the detector associates with the real data distribution, making it difficult to isolate the actual generative traces. We argue that an image should be classified as fake if and only if it contains artifacts introduced by the generative model. Based on this premise, we propose Stay Positive, an algorithm designed to constrain the detectors focus to generative artifacts while disregarding those associated with real data. Experimental results demonstrate that detectors trained with Stay Positive exhibit reduced susceptibility to spurious correlations, leading to improved generalization and robustness to post processing. Additionally, unlike detectors that associate artifacts with real images, those that focus purely on fake artifacts are better at detecting inpainted real images.",detection,,in_scope,openalex,openalex,manually_confirmed,reviewed,,2026-06-29T18:53:14Z,2026-06-29T18:53:14Z
curated:e688194977fa7bbf7db3,LAID: Lightweight AI-Generated Image Detection in Spatial and Spectral Domains,2025,"Nicholas Chivaran, Jianbing Ni",,10.1109/pst65910.2025.11268874,,https://openalex.org/W4416961862,https://doi.org/10.1109/pst65910.2025.11268874,article,"The recent proliferation of photorealistic AIgenerated images (AIGI) has raised urgent concerns about their potential misuse, particularly on social media platforms. Current state-of-the-art AIGI detection methods typically rely on large, deep neural architectures, creating significant computational barriers to real-time, large-scale deployment on platforms like social media. To challenge this reliance on computationally intensive models, we introduce LAID, the first framework-to our knowledge-that benchmarks and evaluates the detection performance and efficiency of off-the-shelf lightweight neural networks. In this framework, we comprehensively train and evaluate selected models on a representative subset of the GenImage dataset across spatial, spectral, and fusion image domains. Our results demonstrate that lightweight models can achieve competitive accuracy, even under adversarial conditions, while incurring substantially lower memory and computation costs compared to current state-of-the-art methods. This study offers valuable insight into the trade-off between efficiency and performance in AIGI detection and lays a foundation for the development of practical, scalable, and trustworthy detection systems. The source code of LAID can be found at: https://github.com/nchivar/LAID.",detection,,in_scope,openalex,openalex,manually_confirmed,reviewed,,2026-06-29T18:54:27Z,2026-06-29T18:54:27Z
curated:6ca781a0d606a5d5db64,REVEAL: A Retrieval-Augmented Generation Approach for Contextual Identification of Synthetic Visual Content,2025,"Mamadou Keïta, Wassim Hamidouche, Hessen Bougueffa Eutamene, Abdelmalik Taleb‐Ahmed, Abdenour Hadid",HAL (Le Centre pour la Communication Scientifique Directe),10.1145/3746265.3759667,,https://openalex.org/W4414945274,https://doi.org/10.1145/3746265.3759667,article,International audience,detection,,in_scope,openalex,openalex,manually_confirmed,reviewed,,2026-06-29T18:54:51Z,2026-06-29T18:54:51Z
curated:1332f5c35b9ac943f349,FLODA: Harnessing Vision-Language Models for Deepfake Assessment,2025,"Seunghyeon Park, Young-Ho Bae, Gun-Hui Han, Alexander W Olson",,10.1109/icce63647.2025.10929816,,https://openalex.org/W4408861326,https://doi.org/10.1109/icce63647.2025.10929816,article,"The proliferation of advanced generative AI models has ushered in a new era of image creation, where the distinction between real and synthetic content has become increasingly blurred. This phenomenon poses significant challenges to the integrity and trustworthiness of digital content and AI systems. Recently, Vision-Language Models (VLMs) have shown great potential in addressing these challenges due to their superior performance in vision-language tasks. In this paper, we propose FLODA (FLorence-2 Optimized for Deepfake Assessment), an advanced method designed to surpass existing deepfake detection models. FLODA leverages the VLM model, Florence-2, and extends it by integrating image captioning and authenticity assessment into a single end-to-end architecture. By utilizing caption information, FLODA enhances visual analysis with contextual details, streamlining both caption generation and deepfake detection. To ensure FLODA's efficacy, we performed an ablation study to identify the optimal model configuration and demonstrated its contributions to performance improvements. We also compared our best FLODA model against existing benchmarks through rigorous evaluation. Notably, FLODA demonstrates strong generalization, showcasing its robustness across diverse scenarios with an average accuracy of 97.14%. This research advances digital content integrity and AI trustworthiness, providing a promising direction for future VLM applications. Code and models can be found at https://github.com/byh711/FLODA.",detection,,in_scope,openalex,openalex,manually_confirmed,reviewed,,2026-06-29T18:55:08Z,2026-06-29T18:55:08Z
curated:f3e1319a5e27319578cd,A Survey on Deep-Learning-Based Techniques for Detecting AI-Generated Synthetic Images,2026,"Staycy Guevara, Ana Lucila Sandoval Orozco, Luis Javier García Villalba",,10.3390/engproc2026123032,,https://openalex.org/W7128592463,https://doi.org/10.3390/engproc2026123032,survey,"Detecting synthetic images has become increasingly challenging due to the high realism achieved by current generation models. Generative adversarial networks (GANs) and diffusion models can produce images that mimic human features and textures with remarkable accuracy, raising concerns about the spread of sensitive content, such as AI-generated child sexual abuse material (CSAM). To address this issue, deep-learning-based detection techniques can accurately distinguish AI-generated images from real ones, offering robust generalization capabilities. This review provides an in-depth examination of AI-generated synthetic image detection techniques, highlighting strengths, limitations, and emerging trends, with a focus on applications in detecting manipulated content and identifying areas for future research and development.",detection,,in_scope,openalex,openalex,manually_confirmed,reviewed,,2026-06-29T18:55:29Z,2026-06-29T18:55:29Z
curated:fe98b5f37967f5a51b86,Simple Detection of AI-Generated Images based on Noise Correlation,2025,"Antoine Mallet, Arthur Méreur, Minoru Kuribayashi, Rémi Cogranne, Patrick Bas",,10.1109/amlds63918.2025.11159445,,https://openalex.org/W4414231579,https://doi.org/10.1109/amlds63918.2025.11159445,article,"The present paper deals with the problem of the detection of AI-generated images. It first proposes a forensic analysis, based on spatial correlations of the noise present in images, that can be used as fingerprints of both real and generated images. In particular, fingerprints can be extracted in each color channel, and complement each other during detection. The proposed detection scheme is a 3-step classifier, consisting only of a set of simple log-linear classifiers. This scheme is shown to perform much better than a standalone detector. The performance of the method is first assessed in an In-Distribution scenario, where an error probability of less than 1% is achieved on uncompressed images. It is then compared to state-of-the-art detectors in an out-of-distribution scenario, where significant performance gains are achieved. Results highlight the good generalization performances to unseen generators and the liability of color channels, specifically the chrominance CbCr for current state-of-the-art generators. A robustness analysis to JPEG compression also shows promising results for our method.",detection,,in_scope,openalex,openalex,manually_confirmed,reviewed,,2026-06-29T18:55:46Z,2026-06-29T18:55:46Z
curated:b7664c48f91262cfe091,StealthDiffusion: Towards Evading Diffusion Forensic Detection through Diffusion Model,2024,"Ziyin Zhou, Ke Sun, Zhongxi Chen, Huafeng Kuang, Xiaoshuai Sun, Rongrong Ji",,10.1145/3664647.3681535,,https://openalex.org/W4403780693,https://doi.org/10.1145/3664647.3681535,article,"The rapid progress in generative models has given rise to the critical task of AI-Generated Content Stealth (AIGC-S), which aims to create AI-generated images that can evade both forensic detectors and human inspection. This task is crucial for understanding the vulnerabilities of existing detection methods and developing more robust techniques. However, current adversarial attacks often introduce visible noise, have poor transferability, and fail to address spectral differences between AI-generated and genuine images. To address this, we propose StealthDiffusion, a framework based on stable diffusion that modifies AI-generated images into high-quality, imperceptible adversarial examples capable of evading state-of-the-art forensic detectors. StealthDiffusion comprises two main components: Latent Adversarial Optimization, which generates adversarial perturbations in the latent space of stable diffusion, and Control-VAE, a module that reduces spectral differences between the generated adversarial images and genuine images without affecting the original diffusion model's generation process. Extensive experiments show that StealthDiffusion is effective in both white-box and black-box settings, transforming AI-generated images into high-quality adversarial forgeries with frequency spectra similar to genuine images. These forgeries are classified as genuine by advanced forensic classifiers and are difficult for humans to distinguish.",detection,,in_scope,openalex,openalex,manually_confirmed,reviewed,,2026-06-29T18:59:36Z,2026-06-29T18:59:36Z
curated:82a6421311c4d39076d9,Sanitizing Diffusion-Generated Images via Fingerprint Removal and Adversarial Perturbation for Forensic Evasion,2025,"Meng-Luen Wu, Cheng-Pin Cheng",IEEE Access,10.1109/access.2025.3597641,,https://openalex.org/W4413213177,https://doi.org/10.1109/access.2025.3597641,article,"Diffusion models have rapidly advanced the realism of synthetic image generation, posing new challenges for forensic detectors. This paper proposes a two-stage forensic evasion framework designed to undermine the detectability of diffusion-generated images. In the first stage, a spectrum-aware generative adversarial network (GAN) removes frequency-domain fingerprints that are commonly exploited by forensic models. In the second stage, adversarial perturbations are applied using the Iterative Fast Gradient Sign Method (I-FGSM) to further mislead detectors while preserving visual fidelity. Experiments conducted on COCO-based datasets demonstrate that our method significantly reduces detection accuracy across multiple state-of-the-art forensic models, including UniFD, DIGBD, and SSIP. Furthermore, we show that combining fingerprint removal with adversarial perturbation achieves stronger evasion than either method alone. Ablation studies also highlight the benefits of adaptive perturbation strengths and data augmentation for enhancing cross-model evasion. This work reveals critical vulnerabilities in current forensic approaches and underscores the need for more robust detection systems against adaptive evasion strategies.",detection,,in_scope,openalex,openalex,manually_confirmed,reviewed,,2026-06-29T19:00:20Z,2026-06-29T19:00:20Z
curated:0b2081f70faaf81278dc,Organic or Diffused: Can We Distinguish Human Art from AI-generated Images?,2024,"Anna Yoo Jeong Ha, Josephine Passananti, Ronik Bhaskar, Shawn Shan, Reid Southen, Haitao Zheng, Ben Y. Zhao",Knowledge@UChicago (University of Chicago),10.1145/3658644.3670306,,https://openalex.org/W4405181141,https://doi.org/10.1145/3658644.3670306,article,"The advent of generative AI images has completely disrupted the art world. Distinguishing AI generated images from human art is a challenging problem whose impact is growing over time. A failure to address this problem allows bad actors to defraud individuals paying a premium for human art and companies whose stated policies forbid AI imagery. It is also critical for content owners to establish copyright, and for model trainers interested in curating training data in order to avoid potential model collapse. There are several different approaches to distinguishing human art from AI images, including classifiers trained by supervised learning, research tools targeting diffusion models, and identification by professional artists using their knowledge of artistic techniques. In this paper, we seek to understand how well these approaches can perform against today's modern generative models in both benign and adversarial settings. We curate real human art across 7 styles, generate matching images from 5 generative models, and apply 8 detectors (5 automated detectors and 3 different human groups including 180 crowdworkers, 3800+ professional artists, and 13 expert artists experienced at detecting AI). Both Hive and expert artists do very well, but make mistakes in different ways (Hive is weaker against adversarial perturbations while Expert artists produce higher false positives). We believe these weaknesses will persist, and argue that a combination of human and automated detectors provides the best combination of accuracy and robustness.",detection,,in_scope,openalex,openalex,manually_confirmed,reviewed,,2026-06-29T19:00:46Z,2026-06-29T19:00:46Z
curated:b1977dc0fcca329719f0,Towards the Detection of Diffusion Model Deepfakes,2024,"Jonas Ricker, Simon Damm, Thorsten Holz, Asja Fischer",,10.5220/0012422000003660,,https://openalex.org/W4392402304,https://doi.org/10.5220/0012422000003660,article,,detection,,in_scope,openalex,openalex,manually_confirmed,reviewed,,2026-06-29T19:01:07Z,2026-06-29T19:01:07Z
curated:c420495aae5c20e0ea2a,FANB-Net: Frequency-Awared Attention and Noise-Injected Boosting for AI-Generated Image Detection,2026,"Jiacai Guo, Zili Xu, Jianjie Luo, Lap-Kei Lee, Fu Lee Wang, Zhenguo Yang",32nd International Conference on Multimedia Modeling,10.1007/978-981-95-6960-1_26,,https://openalex.org/W7127900552,https://doi.org/10.1007/978-981-95-6960-1_26,book-chapter,"Advances in generative models have significantly improved the realism of synthetic content, raising increasing public concern over their potential misuse. Existing frequency-based approaches utilize limited spectral characteristics and often fail to capture discriminative patterns, resulting in poor generalization, especially when faced with images generated by unseen model architectures. To address the challenges of detecting AI-generated images across diverse generative models, we propose FANB-Net, a novel framework that enhances spectral discrimination and generalization by integrating global and local frequency cues. FANB-Net integrates two complementary branches: The global frequency perception branch leverages the Discrete Fourier Transform to capture holistic high-frequency artifacts across the entire image. The extracted representations are further refined using a Frequency-Awared Spatial-Channel Attention (FASCA) mechanism, which enhances the response to high-frequency information from both spatial and channel dimensions, and by an adaptive channel dropout strategy that improves sensitivity to global generation traces. Simultaneously, the local frequency analysis branch focuses on fine-grained frequency patterns across multiple scales and is enhanced by a Noise-injected High-frequency Boosting (NHB) module. Experiments on 32 synthetic image datasets show that FANB-Net achieves a 4.3% improvement in cross-domain generalization on unseen generation models and attains an AP of 97.4% on diffusion-generated images, outperforming state-of-the-art methods.",detection,,in_scope,openalex,openalex,manually_confirmed,reviewed,,2026-06-30T13:21:30Z,2026-06-30T13:21:30Z
curated:8116d19627b92530b580,EvoGuard: An Extensible Agentic RL-based Framework for Practical and Evolving AI-Generated Image Detection,2026,"Chenyang Zhu, Maorong Wang, Jun O. Liu, Ching-Chun Chang, Isao Echizen",ArXiv.org,,2603.17343,https://openalex.org/W7139144211,http://arxiv.org/abs/2603.17343,article,"The rapid proliferation of AI-Generated Images (AIGIs) has introduced severe risks of misinformation, making AIGI detection a critical yet challenging task. While traditional detection paradigms mainly rely on low-level features, recent research increasingly focuses on leveraging the general understanding ability of Multimodal Large Language Models (MLLMs) to achieve better generalization, but still suffer from limited extensibility and expensive training data annotations. To better address complex and dynamic real-world environments, we propose EvoGuard, a novel agentic framework for AIGI detection. It encapsulates various state-of-the-art (SOTA) off-the-shelf MLLM and non-MLLM detectors as callable tools, and coordinates them through a capability-aware dynamic orchestration mechanism. Empowered by the agent's capacities for autonomous planning and reflection, it intelligently selects suitable tools for given samples, reflects intermediate results, and decides the next action, reaching a final conclusion through multi-turn invocation and reasoning. This design effectively exploits the complementary strengths among heterogeneous detectors, transcending the limits of any single model. Furthermore, optimized by a GRPO-based Agentic Reinforcement Learning algorithm using only low-cost binary labels, it eliminates the reliance on fine-grained annotations. Extensive experiments demonstrate that EvoGuard achieves SOTA accuracy while mitigating the bias between positive and negative samples. More importantly, it allows the plug-and-play integration of new detectors to boost overall performance in a train-free manner, offering a highly practical, long-term solution to ever-evolving AIGI threats. Source code will be publicly available upon acceptance.",detection,,in_scope,openalex,openalex,manually_confirmed,reviewed,,2026-06-30T13:29:09Z,2026-06-30T13:29:09Z
curated:cf55e35fcf11e09fdd12,Locate-Then-Examine: Grounded Region Reasoning Improves Detection of AI-Generated Images,2025,"Yikun Ji, Hong, Yan, Bowen Deng, jun lan, Huijia Zhu, Weiqiang Wang, Liqing Zhang, Jianfu Zhang",ArXiv.org,10.48550/arxiv.2510.04225,2510.04225,https://openalex.org/W4416374043,http://arxiv.org/abs/2510.04225,preprint,"The rapid growth of AI-generated imagery has blurred the boundary between real and synthetic content, raising practical concerns for digital integrity. Vision-language models (VLMs) can provide natural language explanations, but standard one-pass classifiers often miss subtle artifacts in high-quality synthetic images and offer limited grounding in the pixels. We propose Locate-Then-Examine (LTE), a two-stage VLM-based forensic framework that first localizes suspicious regions and then re-examines these crops together with the full image to refine the real vs. AI-generated verdict and its explanation. LTE explicitly links each decision to localized visual evidence through region proposals and region-aware reasoning. To support training and evaluation, we introduce TRACE, a dataset of 20,000 real and high-quality synthetic images with region-level annotations and automatically generated forensic explanations, constructed by a VLM-based pipeline with additional consistency checks and quality control. Across TRACE and multiple external benchmarks, LTE achieves competitive accuracy and improved robustness while providing human-understandable, region-grounded explanations suitable for forensic deployment.",detection,,in_scope,openalex,openalex,manually_confirmed,reviewed,,2026-06-30T13:29:28Z,2026-06-30T13:29:28Z
curated:be2900947b322f9eb905,OmniDFA: A Unified Framework for Open Set Synthesis Image Detection and Few-Shot Attribution,2025,"Shiyu Wu, Shuyan Li, Jing Li, Liu, Jing, Yequan Wang",ArXiv.org,10.48550/arxiv.2509.25682,2509.25682,https://openalex.org/W4415338199,http://arxiv.org/abs/2509.25682,preprint,"AI-generated image (AIGI) detection and source model attribution remain central challenges in combating deepfake abuses, primarily due to the structural diversity of generative models. Current detection methods are prone to overfitting specific forgery traits, whereas source attribution offers a robust alternative through fine-grained feature discrimination. However, synthetic image attribution remains constrained by the scarcity of large-scale, well-categorized synthetic datasets, limiting its practicality and compatibility with detection systems. In this work, we propose a new paradigm for image attribution called open-set, few-shot source identification. This paradigm is designed to reliably identify unseen generators using only limited samples, making it highly suitable for real-world application. To this end, we introduce OmniDFA (Omni Detector and Few-shot Attributor), a novel framework for AIGI that not only assesses the authenticity of images, but also determines the synthesis origins in a few-shot manner. To facilitate this work, we construct OmniFake, a large class-aware synthetic image dataset that curates $1.17$ M images from $45$ distinct generative models, substantially enriching the foundational resources for research on both AIGI detection and attribution. Experiments demonstrate that OmniDFA exhibits excellent capability in open-set attribution and achieves state-of-the-art generalization performance on AIGI detection. Our dataset and code will be made available.",detection_and_source_attribution,,in_scope,openalex,openalex,manually_confirmed,reviewed,,2026-06-30T13:29:38Z,2026-06-30T13:29:38Z
curated:8e9658fa727094695be8,MIRAGE: Towards AI-Generated Image Detection in the Wild,2026,"OuCheng Huang, Manxi Lin, Jiexiang Tan, Xiaoxiong Du, Yang Qiu, Junjun Zheng, Xiangheng Kong, Yuning Jiang, Bo Zheng",Proceedings of the AAAI Conference on Artificial Intelligence,10.1609/aaai.v40i7.37421,,https://openalex.org/W7137943215,https://doi.org/10.1609/aaai.v40i7.37421,article,"The spreading of AI-generated images (AIGI), driven by advances in generative AI, poses a significant threat to in- formation security and public trust. Existing AIGI detectors, while effective against images in clean laboratory settings, fail to generalize to in-the-wild scenarios. These real-world images are noisy, varying from “obviously fake” images to realistic ones derived from multiple generative models and further edited for quality control. We address in-the-wild AIGI detection in this paper. We introduce MIRAGE, a challenging benchmark designed to emulate the complexity of in-the-wild AIGI. MIRAGE is constructed from two sources: (1) a large corpus of Internet-sourced AIGI verified by human experts, and (2) a synthesized dataset created through the collaboration between multiple expert generators, closely simulating the realistic AIGI in the wild. Building on this benchmark, we propose MIRAGE-R1, a vision- language model with heuristic-to-analytic reasoning, a reflective reasoning mechanism for AIGI detection. MIRAGE-R1 is trained in two stages: a supervised-fine-tuning cold start, followed by a reinforcement learning stage. By further adopting a inference-time adaptive thinking strategy, MIRAGE-R1 is able to provide either a quick judgment or a more robust and accurate conclusion, effectively balancing inference speed and performance. Extensive experiments show that our model leads state-of-the-art detectors by 5% and 10% on MIRAGE and public benchmark, respectively.",detection,,in_scope,openalex,openalex,manually_confirmed,reviewed,,2026-06-30T13:30:45Z,2026-06-30T13:30:45Z
curated:44a70bf5f21b5457102b,RealHD: A High-Quality Dataset for Robust Detection of State-of-the-Art AI-Generated Images,2026,"Hanzhe Yu, Yun Ye, Jintao Rong, Qi Xuan, Chen Ma",arXiv (Cornell University),10.48550/arxiv.2602.10546,2602.10546,https://openalex.org/W7128721813,https://doi.org/10.48550/arxiv.2602.10546,preprint,"The rapid advancement of generative AI has raised concerns about the authenticity of digital images, as highly realistic fake images can now be generated at low cost, potentially increasing societal risks. In response, several datasets have been established to train detection models aimed at distinguishing AI-generated images from real ones. However, existing datasets suffer from limited generalization, low image quality, overly simple prompts, and insufficient image diversity. To address these limitations, we propose a high-quality, large-scale dataset comprising over 730,000 images across multiple categories, including both real and AI-generated images. The generated images are synthesized via state-of-the-art methods, including text-to-image generation (guided by over 10,000 carefully designed prompts), image inpainting, image refinement, and face swapping. Each generated image is annotated with its generation method and category. Inpainting images further include binary masks to indicate inpainted regions, providing rich metadata for analysis. Compared to existing datasets, detection models trained on our dataset demonstrate superior generalization capabilities. Our dataset not only serves as a strong benchmark for evaluating detection methods but also contributes to advancing the robustness of AI-generated image detection techniques. Building upon this, we propose a lightweight detection method based on image noise entropy, which transforms the original image into an entropy tensor of Non-Local Means (NLM) noise before classification. Extensive experiments demonstrate that models trained on our dataset achieve strong generalization, and our method delivers competitive performance, establishing a solid baseline for future research. The dataset and source code are publicly available at https://real-hd.github.io.",detection,,in_scope,openalex,openalex,manually_confirmed,reviewed,,2026-06-30T13:35:06Z,2026-06-30T13:35:06Z
curated:79adf19ca6991c1d85f8,RAID: A Dataset for Testing the Adversarial Robustness of AI-Generated Image Detectors,2025,"Hicham Eddoubi, Jonas Ricker, Federico Cocchi, Lorenzo Baraldi, Angelo Sotgiu, Maura Pintor, Marcella Cornia, Lorenzo Baraldi, Asja Fischer, Rita Cucchiara, Battista Biggio",ArXiv.org,10.48550/arxiv.2506.03988,2506.03988,https://openalex.org/W4417114708,http://arxiv.org/abs/2506.03988,preprint,"AI-generated images have reached a quality level at which humans are incapable of reliably distinguishing them from real images. To counteract the inherent risk of fraud and disinformation, the detection of AI-generated images is a pressing challenge and an active research topic. While many of the presented methods claim to achieve high detection accuracy, they are usually evaluated under idealized conditions. In particular, the adversarial robustness is often neglected, potentially due to a lack of awareness or the substantial effort required to conduct a comprehensive robustness analysis. In this work, we tackle this problem by providing a simpler means to assess the robustness of AI-generated image detectors. We present RAID (Robust evaluation of AI-generated image Detectors), a dataset of 72k diverse and highly transferable adversarial examples. The dataset is created by running attacks against an ensemble of seven state-of-the-art detectors and images generated by four different text-to-image models. Extensive experiments show that our methodology generates adversarial images that transfer with a high success rate to unseen detectors, which can be used to quickly provide an approximate yet still reliable estimate of a detector's adversarial robustness. Our findings indicate that current state-of-the-art AI-generated image detectors can be easily deceived by adversarial examples, highlighting the critical need for the development of more robust methods. We release our dataset at https://huggingface.co/datasets/aimagelab/RAID and evaluation code at https://github.com/pralab/RAID.",detection,,in_scope,openalex,openalex,manually_confirmed,reviewed,,2026-06-30T13:36:12Z,2026-06-30T13:36:12Z
curated:074bb9a77ee85d50090c,Aperture: a patch-aware framework for joint forgery detection and localization,2025,"Anwen Yang, Jian Zhao, Yuchen Yuan, Tianle Zhang, Yuchu Jiang, Jiaming Chu, Xin Zhang, Xu Yang, Lei Jin, Chi Zhang, Zhaofeng He",Vicinagearth.,10.1007/s44336-025-00027-8,,https://openalex.org/W4417449415,https://doi.org/10.1007/s44336-025-00027-8,article,"Abstract The proliferation of advanced generative models presents a significant threat to the authenticity of digital visual content, creating an urgent demand for robust forgery detection technologies. A primary challenge lies in developing a unified and generalizable framework that can not only classify an image as authentic or forged but also precisely localize the manipulated regions, all while maintaining computational efficiency and adapting to unseen manipulation techniques. To address these challenges, we introduce Aperture, a lightweight and effective framework for joint deepfake detection and localization. Our framework integrates a novel patch-aware classifier that fuses local and global features to enhance classification robustness. For localization, a segmentation module guided by conditional queries is employed to generate fine-grained masks of tampered regions. Crucially, we propose a pseudo-label-guided test-time adaptation mechanism, which leverages the classifier’s patch-level predictions to dynamically supervise the segmentation head. This allows the model to improve its robustness against out-of-distribution data encountered during testing.",detection,,in_scope,openalex,openalex,manually_confirmed,reviewed,,2026-06-30T13:36:51Z,2026-06-30T13:36:51Z
curated:f76424b401abe0c0fd0c,ImagiNet: A Multi-Content Benchmark for Synthetic Image Detection,2024,"Delyan Boychev, Radostin Cholakov",arXiv (Cornell University),10.48550/arxiv.2407.20020,2407.20020,https://openalex.org/W4402963808,http://arxiv.org/abs/2407.20020,preprint,"Recent generative models produce images with a level of authenticity that makes them nearly indistinguishable from real photos and artwork. Potential harmful use cases of these models, necessitate the creation of robust synthetic image detectors. However, current datasets in the field contain generated images with questionable quality or have examples from one predominant content type which leads to poor generalizability of the underlying detectors. We find that the curation of a balanced amount of high-resolution generated images across various content types is crucial for the generalizability of detectors, and introduce ImagiNet, a dataset of 200K examples, spanning four categories: photos, paintings, faces, and miscellaneous. Synthetic images in ImagiNet are produced with both open-source and proprietary generators, whereas real counterparts for each content type are collected from public datasets. The structure of ImagiNet allows for a two-track evaluation system: i) classification as real or synthetic and ii) identification of the generative model. To establish a strong baseline, we train a ResNet-50 model using a self-supervised contrastive objective (SelfCon) for each track which achieves evaluation AUC of up to 0.99 and balanced accuracy ranging from 86% to 95%, even under conditions that involve compression and resizing. The provided model is generalizable enough to achieve zero-shot state-of-the-art performance on previous synthetic detection benchmarks. We provide ablations to demonstrate the importance of content types and publish code and data.",detection,,in_scope,openalex,openalex,manually_confirmed,reviewed,,2026-06-30T13:40:39Z,2026-06-30T13:40:39Z
curated:4d91354cd919a64a2259,Few-Shot Learner Generalizes Across AI-Generated Image Detection,2025,"Shiyu Wu, Jing Liu, Jing Li, Yequan Wang",ArXiv.org,10.48550/arxiv.2501.08763,2501.08763,https://openalex.org/W4406484960,http://arxiv.org/abs/2501.08763,preprint,"Current fake image detectors trained on large synthetic image datasets perform satisfactorily on limited studied generative models. However, these detectors suffer a notable performance decline over unseen models. Besides, collecting adequate training data from online generative models is often expensive or infeasible. To overcome these issues, we propose Few-Shot Detector (FSD), a novel AI-generated image detector which learns a specialized metric space for effectively distinguishing unseen fake images using very few samples. Experiments show that FSD achieves state-of-the-art performance by $+11.6\%$ average accuracy on the GenImage dataset with only $10$ additional samples. More importantly, our method is better capable of capturing the intra-category commonality in unseen images without further training. Our code is available at https://github.com/teheperinko541/Few-Shot-AIGI-Detector.",detection,,in_scope,openalex,openalex,manually_confirmed,reviewed,,2026-06-30T13:41:01Z,2026-06-30T13:41:01Z
curated:3c3cd6143ece4045b378,Generalized Design Choices for Deepfake Detectors,2025,"Lorenzo Pellegrini, Serafino Pandolfini, Davide Maltoni, Ferrara, Matteo, Marco Prati, Marco Ramilli",ArXiv.org,10.48550/arxiv.2511.21507,2511.21507,https://openalex.org/W4416790887,http://arxiv.org/abs/2511.21507,preprint,"The effectiveness of deepfake detection methods often depends less on their core design and more on implementation details such as data preprocessing, augmentation strategies, and optimization techniques. These factors make it difficult to fairly compare detectors and to understand which factors truly contribute to their performance. To address this, we systematically investigate how different design choices influence the accuracy and generalization capabilities of deepfake detection models, focusing on aspects related to training, inference, and incremental updates. By isolating the impact of individual factors, we aim to establish robust, architecture-agnostic best practices for the design and development of future deepfake detection systems. Our experiments identify a set of design choices that consistently improve deepfake detection and enable state-of-the-art performance on the AI-GenBench benchmark.",detection,,in_scope,openalex,openalex,manually_confirmed,reviewed,,2026-06-30T13:41:12Z,2026-06-30T13:41:12Z
